user_id,song_id,song_name,artist,rating
1,50kpGaPAhYJ3sGmk6vplg0,Love Yourself,Justin Bieber,5
1,0GONea6G2XdnHWjNZd6zt3,Summer Of '69,Bryan Adams,5
1,7wTqEW5nrMhvyEhEyTnOMd,The Cut That Always Bleeds,Conan Gray,5
1,3AydAydLzyyZutA0375XIz,A-Punk,Vampire Weekend,5
1,0MSTxF501TyzjuRTHZz46g,DON'T YOU LIE,Offset,5
1,78TTtXnFQPzwqlbtbwqN0y,FourFiveSeconds,Rihanna,5
1,3x4yV0hW5Ve3TKhFkXSqFn,If You Had My Love,Jennifer Lopez,4
1,1yupbrI7ROhigIHpQBevPh,Chicago,Sufjan Stevens,5
1,4JxgNwic9PMF1c87TKWZOr,MAKKA,fakemink,5
1,2RtOnuOdBiecnBoX8x9uoO,When I'm Thinking About You,The Sundays,4
1,13lZDbwonGhOflQLQIfdtZ,We're Going to Be Friends,The White Stripes,5
1,4kxuHjDd6i7TtLzzy7Jhds,Come Over,Estelle,5
1,3r8RuvgbX9s7ammBn07D3W,Ditto,NewJeans,5
1,1xLs8Mu1QEVbGCpyHQ2r2U,Why,Dominic Fike,5
1,3j84U36KvLeXNDPv4t5pI8,Pure Water (with Migos),Mustard,5
1,0C13P4IghHNFPjt4zIJ8vX,Baby,Gal Costa,5
1,2EQWbkcNoKPOXQtJM7nqRV,My Song,Labi Siffre,3
1,31B7wLv4yvtjDoTTmbnxeE,Jungle,Fred again..,5
1,6jbYpRPTEFl1HFKHk1IC0m,Like Him (feat. Lola Young),"Tyler, The Creator",4
1,6n4U3TlzUGhdSFbUUhTvLP,Walk It Talk It,Migos,5
1,5q7icrT1Wn8PHaePIjYYyg,Singapur,El Alfa,5
1,19Ym5Sg0YyOCa6ao21bdoG,Gypsy,Fleetwood Mac,4
1,2kvpHbQHp9QmcG9WhyLwco,Daytona,Cris MJ,5
1,12M5uqx0ZuwkpLp5rJim1a,Cornelia Street,Taylor Swift,4
1,56BSwBKWHYldQOgYLHiehs,Magic,Olivia Newton-John,5
1,5hkgrWxkobGtg30I7DsfVu,Ten Thousand Fists,Disturbed,5
1,6fujklziTHa8uoM5OQSfIo,Black Beatles,Rae Sremmurd,5
1,1sWYVBg7ix2WAq43J9nY7E,Are You Looking Up,Mk.gee,5
1,2ZgyzFYYOz21b2AhPPkWKF,Untitled,Interpol,5
1,3ia3dJETSOllPsv3LJkE35,California Love - Original Version,2Pac,5
1,2o2xhyri4aJUtgMGkf5P0J,Lisboa,ANAVITÓRIA,4
1,7umZiitjVsEjMQ6HNddpUI,Love Is Only a Feeling,Joey Bada$$,5
1,36RGU7buus2UUtrPZ78hkR,Cherry,Rina Sawayama,5
1,6miqdoICzUXCL5UHCuucjK,Clothes Off!!,Gym Class Heroes,5
1,6vwUnlOycgm21T6qKn8jxf,Let You Go,Clara La San,4
1,0b4TKuvZ4eJ8eHgJgXaCnN,Two-Way Mirror,Loathe,5
1,1XrSjpNe49IiygZfzb74pk,What Once Was,Her's,5
1,56eGOeSsqdg3FLxdo83TwV,Rumor,Lee Brice,5
1,4KTtYhxFtFL7mBwnjkKfLm,Glamorous,Fergie,5
1,0npGoOENjn7vVvIMmvWekQ,Lay It Down,Lloyd,5
1,4cluDES4hQEUhmXj6TXkSo,What Makes You Beautiful,One Direction,5
1,2ihCaVdNZmnHZWt0fvAM7B,Little Talks,Of Monsters and Men,5
1,4PYiIgzcp4o5pEYji1xY9q,Masterpiece,Jessie J,5
1,4Tttv4p2xuAq1LpQ7LI95E,Keep Ya Head Up,2Pac,4
1,2dono2Koz7DEvGwxUsmMLq,Linger - SiriusXM Session,Royel Otis,5
1,43NqTeL8pgBxKHPMiJKUP5,Girl,Myke Towers,5
1,6ls5ulRydoPE7oWGPGBqFA,Lonely,Akon,4
1,2TugrDKkd55mfVOMVZsfO8,who’s your boyfriend,Royel Otis,5
1,4FNFhDMEj39Tf6is8RvZ4A,I Like Ur Look,Kim Petras,5
1,63pLfjK6FvcYJYMGwtHjd6,SORRY 4 THAT MUCH,Feid,5
1,4hZAxSYVhaiFousCQM8LFc,Morto Mai (Piano Solo),Lazza,5
1,6Y16szIjrhu91wNbHTDqhX,take me by the hand,Oklou,5
1,2VSNcIG1cSDoa9VJXwyBMK,WIRED,Basement,5
1,1DqdF42leyFIzqNDv9CjId,Dynamite,Taio Cruz,5
1,006pMMCuRo2TFjh8sNGSov,"Dias De Luta, Dias De Gloria",Charlie Brown Jr.,5
1,5W8YXBz9MTIDyrpYaCg2Ky,Last Resort,Papa Roach,5
1,1pTw2cNrp9L3esxLAvWnN2,Separate Ways (Worlds Apart) [2023 Remaster],Journey,5
1,6J5kc12BW5HuP3d7C3vvx8,EoO,Bad Bunny,5
1,0iMt8ZMe2BsNvsF9LFDOAn,Ends of the Earth,Lord Huron,5
1,2lNdc3jjPV4aWEfKH0gvH2,Him & I,G-Eazy,5
1,18oWEPapjNt32E6sCM6VLb,Heads Will Roll,Yeah Yeah Yeahs,5
1,57kR5SniQIbsbVoIjjOUDa,You Know You Like It,DJ Snake,5
1,5tz69p7tJuGPeMGwNTxYuV,1-800-273-8255,Logic,5
1,3bE5slaVEfaDreqARl6k4M,Yellow Ledbetter,Pearl Jam,5
1,65H6t1WQBim6q93yM8fEwn,Obsesion,Aventura,5
2,6Szgu8v7CAapag3XuuJX0b,Too Well,Reneé Rapp,5
2,7KBwU1bouDcULSjHjpdoFb,She's Like A Star,Taio Cruz,5
2,0uXO2GrNiIb1xHT9LUdxZE,Sexy Bitch (feat. Akon),David Guetta,5
2,7kAFSrTIOiVZ0gnHBuAH3l,Air Force Ones,Nelly,5
2,0V8jGgK39sLsj2yAHHPigU,Go Outside,Cults,5
2,5qZ4c1EBVWpmz1GBaks8Uq,Bloodhail,Have A Nice Life,5
2,14vmDsQzcgcObvshp3drhe,Alócate,Zion,5
2,1kADZJDyRUbmlLxYiqi077,fuck this town,glaive,5
2,2u7mxWSeoqTXndK5e08jMp,Nowadays (feat. Landon Cube),Lil Skies,5
2,32btQnrL0HR6M1KKAPf3D3,Do I Wanna Know? - BBC Live Lounge,Hozier,5
2,5Y35SjAfXjjG0sFQ3KOxmm,Nobody Gets Me,SZA,5
2,5GKwq4sO5ZHKuWaDmdwMQc,Bad Boy,Red Velvet,5
2,4A1t2K9lsLZWb5oHAtT9xs,Horn,Nick Drake,3
2,5KUNwkaNf8l5A9sXZhiCgI,Rapp Snitch Knishes,MF DOOM,5
2,3XrvEifl0hIzgBGUa5jBLS,Grindin',Clipse,5
2,1agy96vrWLLjaUruaT9hLC,Room,Superheaven,5
2,1q8DwZtQen5fvyB7cKbShC,Walkin,Denzel Curry,5
2,26QJuQfM8PVAWkIm1JRyqq,ss,Ken Carson,5
2,56nLHj9HJr3xpbLarnr0l4,Mtc,S3RL,5
2,5ezyZbZOfU7mfM20hZqOVH,"i don't know anyone, i am",salvia palth,5
2,1aRvUHgMe9ichgcHAAs12f,Nellie,Dr. Dog,5
2,27tNWlhdAryQY04Gb2ZhUI,Roar,Katy Perry,5
2,1DunhgeZSEgWiIYbHqXl0c,Latch,Disclosure,5
2,6D60klaHqbCl9ySc8VcRss,Stronger (What Doesn't Kill You),Kelly Clarkson,5
2,5SVcXBFyidkEVbBgD9Sp3v,Cocoa Butter Kisses,Chance the Rapper,5
2,3SXXFIZel1VQQ4ENiqozxi,Still into You,Paramore,5
2,6LC4cyrlOPeg2WXijaYrgj,Atop a Cake,Alvvays,4
2,0H8jxhMD5p4dOE15REvWak,M.I.A.,Feng,5
2,57uNXnf4ciHYP4HktbIbzC,The Business,Tiësto,5
2,0AlTIOiF5u0sHdsEvBU2av,24Hrs,Nine Vicious,5
2,70v5mCvyPRquTyU7qTIU81,Everything Is Embarrassing,Sky Ferreira,5
2,29rQJydAlO0uMyWvRIZxQg,That's The Way Love Goes,Janet Jackson,5
2,6i7IXg8j7ZngiEOgBYjkhw,Sweating Bullets - Remastered 2004,Megadeth,5
2,3ZZyUf7WkhfN1JkQZZ00fI,People Watching,Sam Fender,5
2,67awxiNHNyjMXhVgsHuIrs,Turn Down for What,DJ Snake,5
2,66ZcOcouenzZEnzTJvoFmH,The Sweet Escape,Gwen Stefani,5
2,7DSDIL1ANt76FfEASnkA5p,CAJU,Liniker,4
2,7qEHsqek33rTcFNT9PFqLf,Someone You Loved,Lewis Capaldi,5
2,7IVukH71OXfAu3KudrrizN,Japanese Denim,Daniel Caesar,5
2,2Q6RiCAKOrxRYtvl9pcpjY,All Eyes On Me,Bo Burnham,5
2,2CEgGE6aESpnmtfiZwYlbV,Dynamite,Taio Cruz,5
2,3Mcxi78U3lCjt8DMKa6YY4,Santé,Stromae,5
2,0NpvdCO506uO58D4AbKzki,Sherry,Frankie Valli & The Four Seasons,4
3,2rbDhOo9Fh61Bbu23T2qCk,Always Remember Us This Way,Lady Gaga,5
3,0dpyzcT3RMNNSd2xKBf35I,Be Sweet,Japanese Breakfast,5
3,6andWFPbmPzbgdKcEamIq9,Your Mother's Name,Susannah Joffe,5
3,3fRIuTih8bzc0vtY9fHhvF,Talento De Televisión,Willie Colón,5
3,7qHNSOvoAZc7SdeJClZJbq,Kid Cudi - Remix,Xavier Wulf,5
3,1bv9wrUiUgjWfahxVwtGSr,Letter Home,Childish Gambino,5
3,2VYnlKxB8jpbCeLUjQsebc,In A Good Way,Faye Webster,4
3,4VRrklqQIOBqavR560ZTZO,They Like The Way I Grind,Ayesha Erotica,5
3,2lwwrWVKdf3LR9lbbhnr6R,Float On,Modest Mouse,5
3,439TlnnznSiBbQbgXiBqAd,m.A.A.d city,Kendrick Lamar,5
3,63EUqnpcphhZh8SbXagArw,Many Times,Dijon,5
3,0skYZXWfbJtGlmRRRvQI4A,Willows,Hans Williams,4
3,3PzsbWSQdLCKDLxn7YZfkM,I'm On Fire,Bruce Springsteen,4
3,1V4jC0vJ5525lEF1bFgPX2,Shots,LMFAO,5
3,6Hmc5Afutf4hcrjnBYNidS,Baby Keem,Baby Keem,5
3,6Qwuw0eOeszVlewLpu24gR,I'm with You,Vance Joy,5
3,5ohfpKB5tt275f4Y4lQ9F7,Angel Of Death,Slayer,5
3,6jNM6fKx3WnyHbWBI9hs2r,Cinema (feat. Gary Go) - Skrillex Remix,Benny Benassi,5
3,59WDUxuy4lvvzSGgXRhAu6,Fantasy,Snow Strippers,5
3,6q4zA7hWKFF6wsJ64DWdwU,Amor de Siempre,Cuco,5
3,3IrcvqIf3ZiBhf3xdsctRX,Guillotine,Death Grips,5
3,7faK0eOWGbfxWeuw1inyBN,you and forever,Bleachers,5
3,3CT4U4jJEagjIHg5PPph8X,Maria También,Khruangbin,4
3,3DamFFqW32WihKkTVlwTYQ,Fireflies,Owl City,4
3,3X6iIrFuQoCshIWBseEKPl,American Woman,Lenny Kravitz,4
3,5L95vS64rG1YMIFm1hLjyZ,Rollercoaster,Bleachers,5
3,54bzhkAeWNCzl6Reh4h8pV,The Kill (Bury Me),Thirty Seconds To Mars,5
3,5QC07jdKdQrH1cW7Ag3OJ2,Something's Got A Hold On Me,Etta James,5
3,52a6VcF23v5HB7KfDEmBHq,Carried Away,Passion Pit,5
3,1UNEuG9DYOWiikf00ayr52,Love Me Not,Ravyn Lenae,5
3,7zAt4tdL44D3VuzsvM0N8n,Afterlife,Avenged Sevenfold,5
3,37adYGaYaAWTGhBaOzX4Fh,Take A Slice,Glass Animals,5
3,1i1fxkWeaMmKEB4T7zqbzK,Don't Let Me Down,The Chainsmokers,5
3,45J4avUb9Ni0bnETYaYFVJ,luther (with sza),Kendrick Lamar,5
3,7dUrhEQguPAglRgnACCzYw,Ponyboy,SOPHIE,5
3,2wUlYDGGXlSvm2NkGj0Qio,Personal Jesus,Depeche Mode,5
3,0SdBkFh6u5IHIXqlBu0NyI,Yeah Glo!,GloRilla,5
3,7yQvxdXqotBSRCAYOIOGVt,Autumn Sky,Vincent Fanguro,3
3,0E4bYC2Gwi65NCM87iZ403,Sleeping in,The Radio Dept.,5
3,7FIWs0pqAYbP91WWM0vlTQ,Godzilla (feat. Juice WRLD),Eminem,5
3,7cjoZVmWe2xsGR4wcXiV2v,What You Saying,Lil Uzi Vert,5
3,4tKGFmENO69tZR9ahgZu48,Murder On The Dancefloor,Sophie Ellis-Bextor,5
3,5smzdAtuOJOp3jEKjTno3p,I Only Miss You (feat. Ed Sheeran),Megan Moroney,5
3,4VXuwKDYsbWLwIWbUThQlh,there he go,sosocamo,5
3,5rb9QrpfcKFHM1EUbSIurX,Yeah! (feat. Lil Jon & Ludacris),USHER,5
3,1L94M3KIu7QluZe63g64rv,Alive,Pearl Jam,5
3,5VA4Ispp52EA1sOqzMz3Av,All I Want Is You (feat. J. Cole),Miguel,4
3,2QKLrgXNQtK2c8QbLRO3XC,Burn The House Down,AJR,5
3,58b0gBwBVjQfbbCU4xIvoy,Supernova,aespa,5
3,4iG2gAwKXsOcijVaVXzRPW,Time to Pretend,MGMT,5
3,0Rx0DJI556Ix5gBny6EWmn,Paradise,Bazzi,5
3,4gZDCOFuLCxCRWNhSEcOtJ,These Days,Wallows,5
3,37qlkp5VImuuYcXZI6aiam,#thatPOWER,will.i.am,5
3,2HO0uCyq8jOveEzvmo4JEu,Fly,Marshmello,5
3,4FjT3dqUW2Uq0R3pMz5V7C,Help Me Lose My Mind,Disclosure,5
3,2UikqkwBv7aIvlixeVXHWt,You Should Probably Leave,Chris Stapleton,4
3,2Ih217RCGAmyQR68Nn7Cqo,You Know How We Do It,Ice Cube,4
3,04MLEeAMuV9IlHEsD8vF6A,No Stylist (feat. Drake),French Montana,5
3,1Is8hGpkGMiePASAxBluxM,16,Baby Keem,5
3,7o67roCVsFiCt7Cf0ZLOJq,Out of Touch,Daryl Hall & John Oates,4
3,03kZca43rgVgphYctcopJU,Breathe In,Frou Frou,5
3,0UGwYOxzR4Gra267AmQPdR,In The Flesh,Ecco2k,5
3,3dEgWY6zXTVRFLFloNEhLr,Different League,Statik Selektah,5
3,0ZRU3O6kVY8CgtYFYwjH4m,All The Things She Said,t.A.T.u.,5
3,3kC9DfsdTzKXnGyxOrXXUf,Life,The Walters,3
3,11hEwcy9LMEvzAlOYAFhkK,"not a lot, just forever",Adrianne Lenker,5
3,7xe8BiG8HHl1EetMA6ygey,"DON'T KILL THE PARTY (feat. Shoreline Mafia, Quavo & Juicy J)",Ty Dolla $ign,5
3,0bhGIXbb89rgxw78RhNrdd,F.T.S.,JENNIE,4
3,66z5CuZkqkb18VhFTRwbZk,Hard To Choose One,Future,5
3,6Ko6VLnveSju6IZiwONLTt,Baby Blue,King Krule,5
3,3Btqti3QpzZZr6uz5mlNzz,Es un Secreto,Plan B,5
3,5O4erNlJ74PIF6kGol1ZrC,Could You Be Loved,Bob Marley & The Wailers,4
4,4Tttv4p2xuAq1LpQ7LI95E,Keep Ya Head Up,2Pac,4
4,2gSVKxPDww9Eep5rdvtdem,My Way,Limp Bizkit,5
4,5v4OkFH0TJ6W1hCFxyn0px,parents,YUNGBLUD,5
4,6brl7bwOHmGFkNw3MBqssT,So Sick,Ne-Yo,5
4,1ibeKVCiXORhvUpMmtsQWq,Pieces,Sum 41,5
4,6ZFbXIJkuI1dVNWvzJzown,Time,Hans Zimmer,3
4,6ziZOtSbJ13tlxXmY1rCKr,Seasons In The Sun - 2023 Remaster,Black Box Recorder,4
4,2gQaQUhDCNGfBVXTvxAmXQ,Shout,Tears For Fears,3
4,221eHga9f9Ne4f8D7WVgPT,Mystical Magical,Benson Boone,5
4,4S1SaaCxQ87nXpA2EfYFj4,Amo Minha Favela,DJ Japa NK,5
4,3QGsuHI8jO1Rx4JWLUh9jd,Treat You Better,Shawn Mendes,5
4,6suYoN4gFkanqOBn5yRnJC,Boys Will Be Bugs,Cavetown,3
4,5aJOyuvqhcCRpaUCubwXk9,The Ballad of Eddie Jabuley,Hotel Ugly,4
4,1H5IfYyIIAlgDX8zguUzns,Suspicious Minds,Elvis Presley,5
4,5MUb136to9lnJLfIy5FZKI,優しい彗星,YOASOBI,5
4,6JuEshIRliNXRU1LXctRjZ,Halah,Mazzy Star,4
4,3bzay4OfqLDujCzt2SnYQe,Early Uptempo Mash,Dimitri K,5
4,1H5N26VqHR4JhuaRKY2I0u,Heaven Knows I'm Miserable Now - 2011 Remaster,The Smiths,5
4,30QR0ndUdiiMQMA9g1PGCm,"...And to Those I Love, Thanks for Sticking Around",$uicideboy$,4
4,3bD1rBz24Pnu6tjXf4wJxH,FUN!,fromis_9,5
4,5B6Kjha6RRIMWGN7zGsAaT,So Hot You're Hurting My Feelings,Caroline Polachek,5
4,5rfOARz6QO73wPATyMtQQZ,DANCE...,Slayyyter,5
4,7iXF2W9vKmDoGAhlHdpyIa,Forgot About Dre,Dr. Dre,5
4,3439OLNIeD3y68kVuoZUO5,"Girls, Girls, Girls",Mötley Crüe,5
4,3U9gogDStAfWxSm91PJuxb,South Of Heaven,Slayer,5
4,20VuO95A8RxUPlShnfYArW,I Got The... - 2006 Remaster,Labi Siffre,5
4,5aaE27JUylnG7aPtGJPrrC,DICE,NMIXX,5
4,1HDaENkQhUMm16pjdxZvHn,Please Forgive Me,Bryan Adams,5
4,7KA4W4McWYRpgf0fWsJZWB,See You Again (feat. Kali Uchis),"Tyler, The Creator",5
4,1AZbs0L3SkXe625DKp37KQ,Julietota,LATIN MAFIA,5
4,1huvTbEYtgltjQRXzrNKGi,Don't,Ed Sheeran,5
4,33ozaTEVsZrH4tZzZuGM3N,Oh Well,Sleight of Hand,4
4,439TlnnznSiBbQbgXiBqAd,m.A.A.d city,Kendrick Lamar,5
4,27v8QdBidbC5idqWHqPBBj,Do It (Yves Remix),underscores,5
4,4S0NYVAQdIb81uLoZoQmgq,Kiss of Life,Sade,5
4,4SQLQfcR0vhyIN4uPBlc0d,Bang!,AJR,5
4,4Xtlw8oXkIOvzV7crUBKeZ,Rompe,Daddy Yankee,5
4,2zvDnNLW4yZ4a0YcGiOEBX,GOOBA,6ix9ine,4
4,583dMdiUquLMenarTp7PQm,Last Night,Morgan Wallen,5
4,75c2zaSdDBSX0A8Jyvm4fO,older,Isabel LaRosa,5
4,7pKfPomDEeI4TPT6EOYjn9,Imagine - Remastered 2010,John Lennon,5
4,0LJTfmgOMvlLd0u4HU9twm,Killshot,Magdalena Bay,5
4,0aB0v4027ukVziUGwVGYpG,tv off (feat. lefty gunplay),Kendrick Lamar,5
4,1p7C97Xibwh0jL85jhdOZv,Toto Brings News / Over the Rainbow Reprise - Extended Version / Outtake,Judy Garland,5
4,2tY1gxCKslfXLFpFofYmJQ,Brass Monkey,Beastie Boys,4
4,0oIgtBMz4hFHBROA619JdS,Navidad Sin Ti - En Vivo,Marco Antonio Solís,5
4,5m9uiFH9sK5wxRZdfN62n9,The Diary Of Jane,Breaking Benjamin,5
4,7fcfNW0XxTWlwVlftzfDOR,Walk,Pantera,5
4,7uzmGiiJyRfuViKKK3lVmR,Mine,Bazzi,5
4,1KDYN3odJHnj9pqGHN3FVs,My Body,Young the Giant,5
4,4dTaAiV9xFFCxnPur9c9yL,Memories (feat. Kid Cudi),David Guetta,5
4,3zwMVvkBe2qIKDObWgXw4N,right where you left me - bonus track,Taylor Swift,5
4,6jg5SRvdGxvJ0DzNV0UqEK,Please Don't Go,Mike Posner,5
4,0g5EKLgdKvNlln7TNqBByK,Middle,DJ Snake,5
5,3rdAz1fbUfZxYgaCviYhRo,Todo De Ti,Rauw Alejandro,5
5,1RouRzlg8OKFeqc6LvdxmB,Felices los 4,Maluma,5
5,3YgtkOxZsTuaZdL8McA1FQ,adore u,Fred again..,5
5,3bidbhpOYeV4knp8AIu8Xn,Can't Hold Us (feat. Ray Dalton),Macklemore,5
5,7hKUH1NXQXOt6bQjHhRZQg,Princess,Feng,5
5,0CbESIyx34Usxoy7emUEBd,All These Things I Hate (Revolve Around Me),Bullet For My Valentine,5
5,516v2eji9NjkmsYc9PErx4,Cha Cha,ZEDDY WILL,5
5,5oO3drDxtziYU2H1X23ZIp,Love On The Brain,Rihanna,5
5,5Ng6UbryNd3eds2zQk9MUf,Spellbound,Siouxsie and the Banshees,5
5,3N6NXRSqoRSr1eO6MLylQD,Willow,Ryan Price,5
5,4ecdsGz3Hg6TKPwQ0ZOdJz,FaSHioN,CORTIS,5
5,6YXOWhiHHnywkCNKJTdGNj,Raw (Might Just),Young Thug,5
5,3xtPQCHJQ3o70PeVAaZSG2,Queencard,i-dle,5
5,2FAZskT9yRjp2Oow9szJD8,The Days - NOTION Remix,Chrystal,5
5,4ZUpTMKPYFTfJqamWFU9Zv,IDGAF (with blackbear),BoyWithUke,5
5,7soJgKhQTO8hLP2JPRkL5O,One Call Away,Charlie Puth,5
5,4pteEcX2rHSJXK8XSOtWP8,To Love,Suki Waterhouse,5
5,5FZxsHWIvUsmSK1IAvm2pp,Best of You,Foo Fighters,5
5,5LhI8m7n8xlQmNe3b7Rwis,Madonna,Natanael Cano,5
5,5zwwW9Oq7ubSxoCGyW1nbY,Pink Venom,BLACKPINK,4
5,781V2Y5LPtcpgONEOadadE,Get Got,Death Grips,5
5,3V0nnQhqvbE3JmiDdnzQFQ,July (feat. Leon Bridges),Noah Cyrus,3
5,09RamrocZneYcLYLRIxYha,Steeeam,Shelly,4
5,7cjoZVmWe2xsGR4wcXiV2v,What You Saying,Lil Uzi Vert,5
5,0Rx0DJI556Ix5gBny6EWmn,Paradise,Bazzi,5
5,4KULAymBBJcPRpk1yO4dOG,I Remember Everything (feat. Kacey Musgraves),Zach Bryan,5
5,1jXfVzMk8cSbvAXMML4Y4f,I Like Me Better,Lauv,5
5,2c7sRekhMGlj7u1WIIzoQu,Fighting My Demons,Ken Carson,5
5,2fuYa3Lx06QQJAm0MjztKr,Let Down,Radiohead,4
5,0w3Mfe4PIVjuFjJbe3OlYv,8am in Charlotte,Drake,5
5,6xkryXuiZU360Lngd4sx13,Fantasy,Mariah Carey,4
5,0nbXyq5TXYPCO7pr3N8S4I,The Box,Roddy Ricch,5
5,6L2uVVPJA9WcDc7zCZ4DHN,Love Me Like You,Little Mix,5
5,1N62wozuHCvczCkY4QidpP,Over My Head (Cable Car),The Fray,5
5,0KpIXnC0uUnlGZDhwISGzc,Strut,Ayanna Ife,5
5,6GCcY6dVDVGxo52OZq9HVW,Sideways,Balu Brigada,5
5,60cYr5uuMoxvyuIx45rGEW,Boy In The Bubble,Alec Benjamin,5
5,3znSvEwBq09We4cxxmwlZM,Chains & Whips,Clipse,5
5,6NoFVCCFpjWsHVYvinUeZG,Porque Me Tratas Así?,Wisin & Yandel,5
5,3vFZheR74pxUkzxqhXTZ2X,Ruler of Everything,Tally Hall,5
5,0LH7ijaQi0ybY6Oe4SCLo1,Watering My Plants,Larry June,5
5,5e9TFTbltYBg2xThimr0rU,The Chain - 2004 Remaster,Fleetwood Mac,5
5,4Zf961QkP6Q6k7WFNMrWO8,Where Am I?,Title Fight,5
5,4q2lRiodoQnyFO65watkse,True,Spandau Ballet,4
5,6FPxVmp66GVKkVvfiBWly4,GOTTI,6ix9ine,5
5,3rNqa21S7XpJ5v1WjoAqee,Isimo,Bleachers,5
5,2lPvN3LQPPYZMLwaDS5cr7,Twice,Rio Romeo,5
5,5bJxFYztEjgWrIN7w3zhcF,Fuso,Duquesa,5
5,6cLrGfKIIRHYQw7S0mCDhA,All That Really Matters,ILLENIUM,5
5,6uEvFCaOqXyEidoO8BZbyh,Du hast,Rammstein,5
5,3j49aLXWWkbjQyUyvngokI,"LOVE, LOVE, LOVE",Stephen Sanchez,5
5,64sn7wgJfeQKY3Jisnl59w,Tuesday's Gone,Lynyrd Skynyrd,5
5,4pmc2AxSEq6g7hPVlJCPyP,"Jumpin', Jumpin'",Destiny's Child,5
5,7d6yK8v8J484SWH5prIQiE,VeLDÁ,Bad Bunny,5
5,5l9c6bJmzvftumhz4TMPgk,Harvest Moon,Neil Young,4
5,089jl361OtZ6VpYvhgPiTS,Join Me In Death,HIM,5
6,3p84R45PM75ngq8XRoe45o,Nothing Matters,The Last Dinner Party,4
6,1kWVgfctc2JUKCqlsZGWbU,Numbers,Young Thug,4
6,1Dr5JexwA15wmKe7Y7maA9,Past Lives,BØRNS,4
6,4pspYVQGFHLPEFgQPD1J7e,WANNABE,ITZY,5
6,70kdJnm1X6eEM8DbWa8Mnc,YOU'RE THE ONE,KAYTRANADA,5
6,6eiS2z4hXTZ2VsNBJHsvM3,Father Christmas,The Kinks,5
6,4w3tQBXhn5345eUXDGBWZG,9 to 5,Dolly Parton,4
6,3RyLrayd9un9ClTah57JI0,Babies & Fools (feat. Conway the Machine),Freddie Gibbs,5
6,2Ri0436JKFUsd3B3xa2jCe,Morto Mai,Lazza,5
6,7Em7b6pXUEaG5lqA9IonVv,Só Cachaça Pinga e Pau,MC Keron,5
6,0xta6Gah3inmeHbj0e3F9a,Headshots (4r da Locals),Isaiah Rashad,5
6,7qLc5KYxAvBPgjUkqUozVn,liquidize,Wet Leg,5
6,12sXrSIdiqCtB0vKYHNH29,All I Do Is Win,DJ Khaled,5
6,0odHj0qIf86vHBsXB30IkZ,So High (feat. Ghost Loft),Wiz Khalifa,5
6,48UPSzbZjgc449aqz8bxox,Californication,Red Hot Chili Peppers,5
6,2JKlf0IYz5oWsT3OCLyjpO,Caress Me Down,Sublime,5
6,5TXQCMKN6TgemTL3c4wRTn,Sorrows,Bryson Tiller,5
6,1SJhYNxOZSItqrB6upWyE6,Here Comes a Thought (feat. Estelle & AJ Michalka),Steven Universe,5
6,442lxJfyUbsOWAYFBxNDdL,OK,Joey Valence & Brae,5
6,5oI9blwsXC8AkTWw6wASY8,Máquina do Tempo,Matuê,5
6,0f8eRy9A0n6zXpKSHSCAEp,Infrunami,Steve Lacy,5
6,5b7OgznPJJr1vHNYGyvxau,Fly Me To The Moon (In Other Words),Frank Sinatra,4
6,7EySX8ldJHoeWjJhJyZ8Tq,Si Tú Me Quisieras,Mon Laferte,5
6,6nek1Nin9q48AVZcWs9e9D,Paradise,Coldplay,5
6,6kcHg7XL6SKyPNd78daRBL,Sweet Talk,Saint Motel,5
6,4IhKLu7Vk3j2TLmnFPl6To,Water Fountain,Alec Benjamin,5
6,21O0XXPEWPtePt5RMY93Ob,All Caps,Madvillain,5
6,4q2lRiodoQnyFO65watkse,True,Spandau Ballet,4
6,236P5yLtfnHgTMxevc0q6F,TBH,PARTYNEXTDOOR,5
6,6Rqn2GFlmvmV4w9Ala0I1e,Feeling Good,Nina Simone,4
6,3oNQ6NkihVzQkV5qhk2Pbe,Something About You,Eyedress,5
6,4TLXwgCmciX8sYIVj1b7Xg,Hartwell,Shelly,5
6,1EJIcDYXwSqipW5dFe4uJz,EVERY CHANCE I GET (feat. Lil Baby & Lil Durk),DJ Khaled,5
6,12Ypr3PCVJ2i7Uwz93q1Vl,Opr,Gesaffelstein,5
6,1nFtiJxYdhtFfFtfXBv06s,Something In The Way,Nirvana,4
6,65DBZofI0b79kfHTcWWDuU,Trátame Suavemente - Remasterizado 2007,Soda Stereo,4
6,1ZEOIhSn6BKErV59bIgn76,California Dreamin',The Mamas & The Papas,4
6,0JIMT9gzLIIz0esKLyjbKf,Telephones,Vacations,5
6,1Hvzgb3TxHHDOT7iBm0JIM,as i say,"Dream, Ivory",5
6,7j31rVgGX9Q2blT92VBEA0,Teenagers,My Chemical Romance,5
6,6974s3EIddg6dK8U7ycAMR,READY TO FLY,Masayoshi Takanaka,5
6,2c7sRekhMGlj7u1WIIzoQu,Fighting My Demons,Ken Carson,5
6,0ikz6tENMONtK6qGkOrU3c,Wake Me Up Before You Go-Go,Wham!,3
6,7jeOETwLUP84mPQzxlD5nh,Then He Kissed Me,The Crystals,5
6,7cIHtga6bZuzpg8cu71xlD,Love Lost,The Temper Trap,5
6,7vidktgNZFQylTgH1GEnMs,Cold as Ice,Foreigner,5
6,0CVbCtcdXAIw00YBXXbneu,Delete,Ninajirachi,5
6,1zwMYTA5nlNjZxYrvBB2pV,Someone Like You,Adele,5
6,2g1KggY9PKvsoEAOaiz4xx,Daisy,Ashnikko,5
6,7FrPSk0rZdCPR50pfzdzMK,Que Se Mueran,Romeo Santos,5
6,22vgEDb5hykfaTwLuskFGD,Sucker,Jonas Brothers,5
6,5FMyXeZ0reYloRTiCkPprT,Which One (feat. Central Cee),Drake,5
6,7FrJV8tydWEv1Mxu2mIQrm,Beautiful,Snoop Dogg,5
6,4QgrmawwnTaHnK3Hbcg3Aa,Kunst,KMFDM,5
6,7FlQk2gJ6TBrHHiidvdR2O,MAMIII,Becky G,5
6,2ov8L95QD25TLpZAZPYWXL,Mr. Crowley,Ozzy Osbourne,5
6,1vuWlF2OWLtBqPNz0aoatB,Against The Tide (The Captain's Tarantella),Sail North,5
6,2jdAk8ATWIL3dwT47XpRfu,Slow Dancing in a Burning Room,John Mayer,5
7,3aP1BuaScFyqfqST2KB3VN,Isombard,Declan McKenna,5
7,6mapJIPnQ23RTAevUoE0DL,Swang,Rae Sremmurd,5
7,51Grh1RyUDcMBbpuyUIUHI,rises the moon,Liana Flores,4
7,3A02hWQ2ebOFDWSbAMNnpw,bittersweet,Madison Beer,5
7,5SWnsxjhdcEDc7LJjq9UHk,Runnin,21 Savage,2
7,0V2passWyAXnON67kfAj7y,ABCD,NAYEON,5
7,3glqlA5qY3bbo8UaUDGPnw,"Triumph (feat. Ol' Dirty Bastard, Inspectah Deck, Method Man, Cappadonna, U-God, RZA, GZA, Masta Killa, Ghostface Killah & Raekwon)",Wu-Tang Clan,5
7,0ARK753YaiJbpLUk7z5yIM,Dilemma,Nelly,5
7,1mRBJdpIgc3jZH8C3cN2WV,If Only,Dove Cameron,5
7,3Btqti3QpzZZr6uz5mlNzz,Es un Secreto,Plan B,5
7,0osPX8TruIebOhKuG6GK8C,On My Level (feat. Too $hort),Wiz Khalifa,5
7,2VvdnhGdRYqYCenXLh6rJ4,The Big Goodbye,AJR,5
7,4DpNNXFMMxQEKl7r0ykkWA,Play Date,Melanie Martinez,5
7,3adRTDxuj3yPDhRJs1PF2C,4Real,Nine Vicious,5
7,2ExpCKBxiHbgzepERl1t4D,Cuando Pase el Temblor,Soda Stereo,4
7,2IO7yf562c1zLzpanal1DT,Gasoline,Halsey,5
7,6sby78fghipoXHQLeeZFFH,When Doves Cry,Prince,4
7,3bR8wBqLky6b61ROJlaBEF,"Ai, Amor",ANAVITÓRIA,4
7,63x2OcQds6Dnt41KZyVdGX,Raze It Up,Onyx,5
7,4emEXP671dnpn1thHrogSe,Julieta,LATIN MAFIA,5
7,6Tsu3OsuMz4KEGKbOYd6A0,Hypnotize - 2007 Remaster,The Notorious B.I.G.,5
7,6vTtCOimcPs5H1Jr9d0Aep,Sour Times,Portishead,5
7,2ENexcMEMsYk0rVJigVD3i,Only Girl (In The World),Rihanna,5
7,5tdKaKLnC4SgtDZ6RlWeal,How Will I Know,Whitney Houston,5
7,6dkAVxrPh4abLufu8X5LbP,Truck Loaded,Gucci Mane,5
7,7xQAfvXzm3AkraOtGPWIZg,Wow.,Post Malone,5
7,3Pu3IChaAoa5EjgUBv5F6x,Ballroom Blitz,Sweet,4
7,3iA4foXIFpekwHyma7pRs1,Overkill,Men At Work,5
7,54cWVWqgyFukgDKQYmaKM3,Stupify,Disturbed,5
7,7pv80uUHfocFqfTytu1MVi,Didn't Cha Know,Erykah Badu,5
7,4JE6agBLHGA5TaF6FlqfBD,As the World Caves In,Matt Maltese,5
7,1PehfITh0TTRx3LkDdV4h3,Fame - 2016 Remaster,David Bowie,4
7,5rDkA2TFOImbiVenmnE9r4,Ring of Fire,Johnny Cash,5
7,0KVWVuutF9Dn8li4HdyAeU,"Archie, Marry Me",Alvvays,3
7,6N1sNzq3CArC1pMSaZTxaT,Right Now,Van Halen,5
7,3CRDbSIZ4r5MsZ0YwxuEkn,Stressed Out,Twenty One Pilots,5
7,6OWWZtNQORY1McaZmOrwhc,GO!,CORTIS,5
7,1p1b9LdLJ0REuFJX9mYtFX,1985,Freddie Gibbs,4
7,1Fhb9iJPufNMZSwupsXiRe,beside you,keshi,5
7,5k2X5nAN0efhoZ9OC3flGo,Unbothered,Ski Mask The Slump God,5
7,15iosIuxC3C53BgsM5Uggs,All Night,Icona Pop,5
7,1zIb1bYJAo1UdR2Xf4oESb,Exotic,Lil Baby,5
7,1WnVwuWYq9Paa1P6IOlr7S,Fucking Your Girl,Devon Hendryx,5
7,6Y46tOTRhkBamosyuWa6YX,LA FAMA,ROSALÍA,5
7,3f0OEJd7mlPNhmH3fUOrqy,"Mention Me - From The Movie ""GOAT""",CORTIS,5
7,7aHmvUghK3XCEqNRbUeAn4,This Hell,Rina Sawayama,5
7,3LtpKP5abr2qqjunvjlX5i,Doja,Central Cee,4
7,4PkJ7c9y1CwpuVOiJODnCZ,Someday,Nickelback,5
7,4NJqAk406Ro7MGxXsYRMaZ,Angelina,Pinegrove,5
7,144adL7pGHEWRwute2wxzZ,Omen,The Prodigy,5
7,5UmLoBLWWRnqGhPfVWRgGd,Seventeen,MARINA,5
7,7BKLCZ1jbUBVqRi2FVlTVw,Closer,The Chainsmokers,5
7,2tej1KSqNuxwywIpY1rDRc,Hide and Seek,Imogen Heap,4
7,3wBeIjb0vtiTwIQPce2stZ,Love Language,TOMORROW X TOGETHER,5
7,0gmbgwZ8iqyMPmXefof8Yf,How You Remind Me,Nickelback,5
7,2pg2TiYo9Rb8KeB5JjP7jS,Sativa,Jhené Aiko,5
7,23uUytja1B1mUOOIoygf6u,Angels in Tibet,Amaarae,5
7,6OqdF0vHI9xkqswI7EK0cD,Cowboy Casanova,Carrie Underwood,5
7,0uXO2GrNiIb1xHT9LUdxZE,Sexy Bitch (feat. Akon),David Guetta,5
7,0j5FJJOmmnXPd0XajFWkMF,Unfinished Sympathy - 2012 Mix/Master,Massive Attack,5
7,66dQdXAbtuPdSasezCQVZE,SUMMER,BROCKHAMPTON,5
7,1vLqigPHwiFnXsfrLMehV1,Espresso,Sabrina Carpenter,5
7,78His8pbKjbDQF7aX5asgv,Rivers of Babylon,Boney M.,5
7,3pXF1nA74528Edde4of9CC,Don't,Bryson Tiller,5
7,1NjzNt18LlNTuJYErYGvbQ,She Needs Him,Her's,4
7,5YoITs1m0q8UOQ4AW7N5ga,Gasolina,Daddy Yankee,4
7,3JvKfv6T31zO0ini8iNItO,Another Love,Tom Odell,4
8,4kNKL8kCCV3vt9U2k28Lyx,Finale,Toby Fox,3
8,0skYZXWfbJtGlmRRRvQI4A,Willows,Hans Williams,5
8,6ZOBP3NvffbU4SZcrnt1k6,Kryptonite,3 Doors Down,5
8,2QGVKiAGTa1YcDqPMhAzF7,The Spins,Mac Miller,5
8,7yoXY59Fon8io1k2lir2z3,Dog Tag freestyle,Bassvictim,5
8,4Yqy0GpeDEXLibWJCZyQew,Kickstart My Heart,Mötley Crüe,5
8,4P5KoWXOxwuobLmHXLMobV,Come As You Are,Nirvana,5
8,6GG4yyk3UATdBfTHVgI8PB,Ain't No Love In Oklahoma (From Twisters: The Album),Luke Combs,5
8,3FU6urUVsgXa6RBuV2PdRk,Heartless (feat. Morgan Wallen),Diplo,5
8,6XHNIbru8xGohLzHNgxQvF,Forever Young - 2019 Remaster,Alphaville,5
8,7gUpO6td4OOnu0Lf9vhcIV,Lights - Single Version,Ellie Goulding,5
8,4aR9bPMAOFySBuQSbVWF3d,Smile,Lily Allen,5
8,0QWOHDPeZ0avyvZ8t2A29C,TSUNAMI,Finana Ryugu,5
8,56KqaFSGTb7ifpt16t5Y1N,Rock the Casbah - Remastered,The Clash,5
8,5TXQCMKN6TgemTL3c4wRTn,Sorrows,Bryson Tiller,5
8,0LzrhCZFXW94Y8nwtTuRlw,Hollaback Girl,Gwen Stefani,5
8,7cjoZVmWe2xsGR4wcXiV2v,What You Saying,Lil Uzi Vert,5
8,2rd9ETlulTbz6BYZcdvIE1,War Pigs / Luke's Wall - 2012 - Remaster,Black Sabbath,5
8,32xx0fAv3CIeGmNaWTHvEF,Heebiejeebies - Bonus,Aminé,5
8,5oO3drDxtziYU2H1X23ZIp,Love On The Brain,Rihanna,5
8,5mtTAScDytxMMqZj14NmlN,love.,wave to earth,5
8,4cluDES4hQEUhmXj6TXkSo,What Makes You Beautiful,One Direction,5
8,0PTP53h7PvqEMeGyGClkOk,Attitude,Misfits,5
8,0y5akbuW5mCnnUe71xATpe,Concorde,"Black Country, New Road",4
8,1cKHdTo9u0ZymJdPGSh6nq,I Was Never There,The Weeknd,5
8,0x5wJ0cDp7miv49jSMTSkq,Bitin' List,Tyler Childers,5
8,1BNvadXnbiSf3ZofMMdDYK,Crazy Story,King Von,5
8,48WuGsko0WxKO9KUqZlqys,"Holland, 1945",Neutral Milk Hotel,5
8,7KR9rjIxA9Dwtt20END4NQ,Give Me What I Cry for,Chris Rainbow,5
8,0nj9Bq5sHDiTxSHunhgkFb,squabble up,Kendrick Lamar,5
8,3dPQuX8Gs42Y7b454ybpMR,Seven Nation Army,The White Stripes,5
8,42ydLwx4i5V49RXHOozJZq,Scars To Your Beautiful,Alessia Cara,5
8,5BDo6TzD8q0oNtqhhXU3nx,Do It,underscores,5
8,0kzhMZZNmxiLG7qyJhVBHB,"Signed, Sealed, Delivered (I'm Yours)",Stevie Wonder,5
8,3bMc9oRaUWnojCrYTUXXcQ,BRASILIAN SKIES,Masayoshi Takanaka,4
8,6EQfvlAbsyOsBeM9gprOoU,Hotel Members Unite,Hotel Ugly,5
8,4OBAfy1GyI4BlE6coiXhQK,Everyone I Know Has Magic Powers,traptraptrap,5
8,3oNQ6NkihVzQkV5qhk2Pbe,Something About You,Eyedress,5
8,2tpfxAXiI52znho4WE3XFA,Talking Body,Tove Lo,5
8,006pMMCuRo2TFjh8sNGSov,"Dias De Luta, Dias De Gloria",Charlie Brown Jr.,5
8,2avKuMN2QXkaG9vvHa2JLt,Take A Look Around,Limp Bizkit,5
8,6VhuP99TE6gYNQRJIlAWFD,Until I Found You,Stephen Sanchez,5
8,7BqHUALzNBTanL6OvsqmC1,Happier,Marshmello,5
8,5ZbztTcvj6QWWbeYsL4GTa,Fuck My Computer,Ninajirachi,5
8,26qQf1Wmyy3ZZkagqCu5kp,Lemonade,Tay-K,5
8,3X6iIrFuQoCshIWBseEKPl,American Woman,Lenny Kravitz,4
8,7iDa6hUg2VgEL1o1HjmfBn,Meant to Be (feat. Florida Georgia Line),Bebe Rexha,4
8,6pWgRkpqVfxnj3WuIcJ7WP,Cornfield Chase,Hans Zimmer,4
8,086myS9r57YsLbJpU0TgK9,Why'd You Only Call Me When You're High?,Arctic Monkeys,4
8,7vYA9ET5AUqJt5pBbhKmcB,Don't Let Me Be Misunderstood,The Animals,5
8,3gy21TwRSP40aUMwcY7Rtq,Navigating,Twenty One Pilots,5
8,3QIoEi8Enr9uHffwInGIsC,Please Come Home for Christmas - 2013 Remaster,Eagles,3
8,5eqK0tbzUPo2SoeZsov04s,Bank Account,21 Savage,5
8,5Ng6UbryNd3eds2zQk9MUf,Spellbound,Siouxsie and the Banshees,5
8,1f1wT6Q7Buxb3OD0BqMW8O,I See Fire,Ed Sheeran,3
8,3FtYbEfBqAlGO46NUDQSAt,Electric Feel,MGMT,5
8,2bLqfJjuC5syrsgDsZfGmn,The Way I Are,Timbaland,5
8,0nwygFtUBQiDA9iFIrZGR9,bing bong,bbno$,5
8,0gLkqzntRnJVwUBMCrIhbw,Late Night Calls,P1Harmony,5
8,2QKLrgXNQtK2c8QbLRO3XC,Burn The House Down,AJR,5
8,6g9Zpcq4Vn6liZriMCmut5,"Ya No Van (feat. Big Man, Millonario & W. Corona)",Cartel De Santa,5
8,7uv632EkfwYhXoqf8rhYrg,Angel,Massive Attack,4
8,6dW75XbJ1WAMljOXWjTK46,Red Light Special,TLC,3
8,524wvipGqxPKYWxkjf9y46,Little Bit (feat. Lykke Li),Drake,5
8,0lREs0EdgrMQQKw00yx0Ct,Una Noche en Medellín,Cris MJ,5
8,4lhqb6JvbHId48OUJGwymk,Hey Brother,Avicii,5
8,6lUXneXZ9jc3HSMHgd8oqh,How Can You Mend a Broken Heart,Al Green,5
8,4gZDCOFuLCxCRWNhSEcOtJ,These Days,Wallows,5
8,5gmf93vJq4IFwRP5GnA6oW,Meet Me in the Woods,Lord Huron,5
8,2SgbR6ttzoNlCRGQOKjrop,Cowboys from Hell,Pantera,5
8,45sDIKapDyxPl307QpEAwl,Rocketeer,Far East Movement,5
9,2OZVUfl8K0Ijw32bUf1fG4,What Do You Want from Me Tonight?,Sidney Gish,3
9,56sk7jBpZV0CD31G9hEU3b,Animal I Have Become,Three Days Grace,5
9,2qOm7ukLyHUXWyR4ZWLwxA,It Was A Good Day,Ice Cube,5
9,5JYPXqMwYc0zTODQdjMEZN,Deli,Ice Spice,5
9,6c4REcYFMvRkDtuBcW7PjF,S.O.T.B.,Rio Da Yung Og,5
9,4scpF6J5uMBvoh6sFB7EL1,No Type,Rae Sremmurd,5
9,0eAuGrXyGFYwur9ARUe7LJ,Earrings,Malcolm Todd,5
9,4t9vB7wIKWE5jIhjcztmmd,Iris,Pastel Ghost,5
9,3HylLGErIQEIuJgHovdHio,EAST LA,will.i.am,5
9,1wlKw9NAWVWpx7OIAyg9EA,Fell On Black Days,Soundgarden,5
9,63xdwScd1Ai1GigAwQxE8y,Let's Stay Together,Al Green,5
9,6gBjUipB0ZxHd1BvwdJTDQ,People Watching,Sam Fender,5
9,7pNC5ZIKtwUK0ReSpM3P9f,Black Widow,Iggy Azalea,5
9,5ehgf6op0j2sE4lqjiTkMY,Ever Since U Left Me (I Went Deaf),French Montana,5
9,1e0vsza0hIVYv9Mkz542qn,Fable,Gigi Perez,5
9,5fVZC9GiM4e8vu99W0Xf6J,How to Save a Life,The Fray,5
9,46RNrAkGsqWTDrv2ZPOAbx,Moon Song,Phoebe Bridgers,4
9,5BsigwhOMHxCkF6ntEhUQ5,how u feel?,Destroy Lonely,5
9,0NsmpxrKw7ZWGKjnWVJtm5,Big Girls Don't Cry,ENHYPEN,5
9,2gMXnyrvIjhVBUZwvLZDMP,Before You Go,Lewis Capaldi,5
9,2LawezPeJhN4AWuSB0GtAU,Have You Ever Seen The Rain,Creedence Clearwater Revival,4
9,4JxgNwic9PMF1c87TKWZOr,MAKKA,fakemink,5
9,58ge6dfP91o9oXMzq3XkIS,505,Arctic Monkeys,5
9,4eAwB5pnKFTmsgc3zWoYO0,Fake It,Seether,5
9,6jgkEbmQ2F2onEqsEhiliL,My Kind of Woman,Mac DeMarco,5
9,5ObyGDxNWH0Uuuk3NvC5r8,Save My Love,Kygo,5
9,6xYi9wfZb81gJIVQ95qPNl,Yellow Eyes,Yebba,5
9,7MmG8p0F9N3C4AXdK6o6Eb,Outside (feat. Ellie Goulding),Calvin Harris,5
9,7x8dCjCr0x6x2lXKujYD34,The Pretender,Foo Fighters,5
9,7iQXYTyuG13aoeHxGG28Nh,PERRO NEGRO,Bad Bunny,5
9,7j74lucZ59vqN67Ipe2ZcY,Maneater,Daryl Hall & John Oates,4
9,2GWCZJWundoYi5IloWIgTX,eyes don't lie,Isabel LaRosa,5
9,0ikz6tENMONtK6qGkOrU3c,Wake Me Up Before You Go-Go,Wham!,3
9,1hJN8hZvzEvOvqX32jSSrw,where's my head at _,Basement Jaxx,5
9,2cgHekIPyuKxEEcV72tuy4,Live For You,Thee Sacred Souls,5
9,5TbDM1PBTyODDCTGEoDCxL,Carnival,The Cardigans,5
9,1rfofaqEpACxVEHIZBJe6W,Havana (feat. Young Thug),Camila Cabello,5
9,4EchqUKQ3qAQuRNKmeIpnf,The Kids Aren't Alright,The Offspring,5
9,3MkdA6vwF0ifRl86yzTlJW,Kenny G,Matuê,5
9,0mflMxspEfB0VbI1kyLiAv,Stick Season,Noah Kahan,5
9,6rje9f1wRFJDO2iTORw0lH,I Know,Big Sean,5
9,6pdyvJQkPkwo2WoDH7tFHO,Killshot - Slowed + Reverb,Magdalena Bay,4
9,2QGVKiAGTa1YcDqPMhAzF7,The Spins,Mac Miller,5
9,12hVQgYR254ZziANtiKVWQ,Hatchback,Cochise,5
9,003FTlCpBTM4eSqYSWPv4H,"Swing, Swing",The All-American Rejects,5
9,4G1qRhOk1YY0kewtMaCrMC,Rain,SWV,3
9,1R8kvV2AgNPCA2Pp4Im1Ao,Baby Hotline,Jack Stauber's Micropop,5
9,4sebUbjqbcgDSwG6PbSGI0,Come a Little Closer,Cage The Elephant,5
9,1Pt2STlAgfB1CiEV8mf3CN,Prince Ali,Will Smith,4
9,49nmsafpkJp2lDj9b4jkxh,The Mighty Fall,Fall Out Boy,5
9,7FtWXX2sRIGx95t3cPyHw8,Be Nice To Me,The Front Bottoms,5
9,7FYH5AW3bVfZHJIQpq3UOA,I Don't Fuck With You,Big Sean,5
9,31B7wLv4yvtjDoTTmbnxeE,Jungle,Fred again..,5
9,4BsLwvaJOTOHDNg7xMpvrL,Habit,Still Woozy,5
9,074v54tSEWLbq3Hu5wf6uh,The Whole World (feat. Killer Mike),Outkast,5
9,3vh8Ezgb0iwZTTOO8sJo1Y,Still,You'll Never Get to Heaven,5
10,24vNw0Z0srb4zYXwrakw8E,Wu-Tang Clan Ain't Nuthing ta F' Wit,Wu-Tang Clan,4
10,2C3B3dva983HPMojFqWLOp,The Trooper (2015 Remaster),Iron Maiden,5
10,5dD0YyAhGmLmBgVYn2QB8f,2,Dean Blunt,4
10,2DHc2e5bBn4UzY0ENVFrUl,Carry Out (Featuring Justin Timberlake),Timbaland,5
10,3ZZyUf7WkhfN1JkQZZ00fI,People Watching,Sam Fender,5
10,40yJGQyEaBbIkXpwMFkXip,One Night,Lil Yachty,5
10,5hkgrWxkobGtg30I7DsfVu,Ten Thousand Fists,Disturbed,5
10,05oETzWbd4SI33qK2gbJfR,Rhiannon,Fleetwood Mac,5
10,3gFcGnU4kTdMYLXDjH1TK8,RUN2U,STAYC,5
10,3UNoPBNWST9mQleI5T53zL,Smile,Isaiah Rashad,4
10,1oaaSrDJimABpOdCEbw2DJ,No Ordinary Love,Sade,5
10,4dneV7C1yDt9UtyxrQY375,Boys Don't Cry - Single Version,The Cure,5
10,5SHpuW2qjkQtFRpE6P9Nks,The 30th,Billie Eilish,3
10,68MTDH8Kk4jBEV1ah0n89s,EA (feat. 21 Savage),Young Nudy,5
10,0brOhzwJscn8Bw5q0o2YZ6,Lonely,Bella Kay,4
10,5mCPDVBb16L4XQwDdbRUpz,Passionfruit,Drake,4
10,4IvZLDtwBHmBmwgDIUbuwa,Here Comes Your Man,Pixies,4
10,4MSj19TwYBLgDFj3ddEeco,Black Friday (pretty like the sun),Lost Frequencies,5
10,48WuGsko0WxKO9KUqZlqys,"Holland, 1945",Neutral Milk Hotel,5
10,45O0tUN9Bh6LH4eNxQ07AT,Eenie Meenie,Sean Kingston,5
10,1UREw2MCfU0xwBzCAjxlUD,Scars,Papa Roach,5
10,6r1lboTadi5swMquaAWDzh,Hell At Night (feat. Ella Langley),BigXthaPlug,5
10,2TTYIwTM2iLC1YOyHuhRMt,Lucky,Britney Spears,4
10,02gYTLDCIGVM9Y9r4vDb2a,Soap (feat. PinkPantheress),Yves,5
10,3clRihex2OF0QQbLctftag,Taxidermy,Clarion,5
10,6rmXhRIemCTPyMYZRDN7Qg,Black Magic,Little Mix,5
10,18oWEPapjNt32E6sCM6VLb,Heads Will Roll,Yeah Yeah Yeahs,5
10,0GjEhVFGZW8afUYGChu3Rr,Dancing Queen,ABBA,5
10,0JXXNGljqupsJaZsgSbMZV,Sure Thing,Miguel,5
10,6qspW4YKycviDFjHBOaqUY,Waterfalls,TLC,5
10,1MJyiTlVdSLAjI9aclZ3hL,Scott and Zelda,BIBI,5
10,0vBpyfpW2lARGh3AZFtWRi,Heads Will Roll - A-Trak Remix Radio Edit,Yeah Yeah Yeahs,5
10,3HylLGErIQEIuJgHovdHio,EAST LA,will.i.am,4
10,2RtOnuOdBiecnBoX8x9uoO,When I'm Thinking About You,The Sundays,4
10,4sRQg2aoec0VIvQ7GZPGMy,The Boys,Girls' Generation,5
10,6JKoTnberZoBgUuxa6l4Kh,Hive (feat. Vince Staples & Casey Veggies),Earl Sweatshirt,4
10,3TgMcrV32NUKjEG2ujn9eh,It's Not Living (If It's Not With You),The 1975,5
10,6R8QsHsGwOiRyI707yxTFE,Roses - Imanbek Remix,SAINt JHN,5
10,3jAr9eD5SiwEOJS0EerIPq,LSD and the Search for God,The Blue Angel Lounge,4
10,2YFc0r6PUWDAeE38vJnCxR,ghost girl,Lil Peep,5
10,3rJDsZjIaCfJQSqRUvl0BM,Funeral,Phoebe Bridgers,4
10,4VywXu6umkIQ2OS0m1I79y,Better Together,Jack Johnson,5
10,5R2rsbwCDXORX2tLfprRmM,Yacht Club (feat. Juice WRLD),Lil Yachty,5
10,3evG0BIqEFMMP7lVJh1cSf,Don't Let Me Down - Remastered 2009,The Beatles,5
10,13lZDbwonGhOflQLQIfdtZ,We're Going to Be Friends,The White Stripes,5
10,56l2F6gs6CDYP3b2jDsYGL,Intensity,SOFI TUKKER,5
10,737qboVuEkiDl2DmoU89Qk,Triflin Hoes,Lil Durk,5
10,1MBM7CyZbwJpVbbZJnHHRg,Summer Love,Justin Timberlake,4
11,7fcfNW0XxTWlwVlftzfDOR,Walk,Pantera,5
11,0YZEYxd1oiqZRFhnnmTKKi,Another Life,Motionless In White,5
11,0k9JIBszlCqCa4SpXI353F,BIRDS,Turnstile,5
11,7FFS7cQvZ0QpuVvG2cMDKY,Blood Of The Scribe,Lamb of God,5
11,4gMgiXfqyzZLMhsksGmbQV,"Another Brick in the Wall, Pt. 2",Pink Floyd,3
11,0HoaLXRp7jJtdQFunUyUGc,The Sun Always Shines on T.V.,a-ha,5
11,5z7mYFfhw6N6f23VwrokJD,The Way You Move (feat. Sleepy Brown),Outkast,5
11,2dKkVF2m160z0RNDN2dddc,NISSAN ALTIMA,Doechii,5
11,2Ri0436JKFUsd3B3xa2jCe,Morto Mai,Lazza,5
11,1IwA4UYENdDLtR0IlfYFnE,RATHER BE (feat. Lithe),The Kid LAROI,5
11,6uEvFCaOqXyEidoO8BZbyh,Du hast,Rammstein,5
11,2zvDnNLW4yZ4a0YcGiOEBX,GOOBA,6ix9ine,4
11,0HBrtXJohbIW4IhPZ50GmH,The Bidding,Tally Hall,4
11,6KEWtSOGKpIXGw6l1uJgsR,The Things We Do For Love,10cc,4
11,0U1nO2frLx8w2dIsfvlP1d,Hell At Night (feat. Ella Langley),BigXthaPlug,5
11,0MZGwYb5mTATbmoi671wEg,Leave Her,LUCKI,5
11,6n4U3TlzUGhdSFbUUhTvLP,Walk It Talk It,Migos,5
11,6ls5ulRydoPE7oWGPGBqFA,Lonely,Akon,5
11,5TgEJ62DOzBpGxZ7WRsrqb,Work Song,Hozier,5
11,5g0afUZsh5hiXBOT3eXuwd,Set The Fire To The Third Bar,Snow Patrol,4
11,7k6IzwMGpxnRghE7YosnXT,Me & U,Cassie,5
11,6bGwKHXHNLmTy6yt147FPh,If You Know You Know,Pusha T,5
11,0O45fw2L5vsWpdsOdXwNAR,SexyBack (feat. Timbaland),Justin Timberlake,5
11,5hlPrSCx9BvnQ3rCTkblMZ,High,Stephen Sanchez,5
11,0qNRoqAohqJefbeZiTV1xF,dazies,yeule,5
11,1e7TsfmbYYphW3vht9ozzi,g19.,LNGSHOT,5
11,7p4QiDvvgQLmvqKQUNFUsN,Neon Kitchen,Devon Hendryx,5
11,3kc4WVsSWOqTE3jtPH94io,Two Occasions,The Deele,4
11,5oady7OSE7dH7LHiqmb3Cr,"Dreams, Fairytales, Fantasies (feat. Brent Faiyaz & Salaam Remi)",A$AP Ferg,4
11,1A6Kwtsg3JWKU2KWM2udpM,I'm Not In Love,10cc,5
11,5E30LdtzQTGqRvNd7l6kG5,Daddy Issues,The Neighbourhood,5
11,3eFx554nKpVNe4otynSsK0,Niki Fm,Hawthorne Heights,5
11,3okf8YVytf26gWSrBRHvJK,Sophie,Haute & Freddy,5
11,2OA0iq9hGkvUcS5qA1ZJnU,Not Gon' Cry,Mary J. Blige,4
11,15kuqWifv5GzGq3A2P6EbC,"Anthems For A Seventeen Year-Old Girl - From ""I Saw the TV Glow""",yeule,5
11,0WSa1sucoNRcEeULlZVQXj,Can You Feel My Heart,Bring Me The Horizon,5
11,3Nxw6eeFpBwUbxVuSY6NC0,Chillin',Modjo,5
11,1T0CdfKPKb1gJi4vCKpZ9C,I Talk To The Wind,King Crimson,5
11,2RUhtNBh43RtSg0WBPPq3m,Naive,The Kooks,5
11,5y2ijHECwFYWqcAHKTZgzD,Risk It All,Bruno Mars,4
11,6sby78fghipoXHQLeeZFFH,When Doves Cry,Prince,4
11,5fEB6ZmVkg63GZg9qO86jh,Break from Toronto,PARTYNEXTDOOR,5
11,5zNxUkUW9WiV5oyg6gh2wB,DANÇARINA,PEDRO SAMPAIO,5
11,0kYMwaQWABTkFff8AZjmYI,Hayloft II,Mother Mother,5
11,360ZhWvMnyXKYFG9Mqsm89,Evacuate The Dancefloor - Radio Edit,Cascada,5
11,1uzVgNkXqQC7hsJhFZ749o,Sonder Son (Interlude),Brent Faiyaz,5
11,5l9c6bJmzvftumhz4TMPgk,Harvest Moon,Neil Young,4
11,3DK6m7It6Pw857FcQftMds,Runaway,Kanye West,5
11,4keuUM29CtIWgsPRzRhXoW,WOKE UP,XG,5
11,71BWZa1liIRyUiuJ3MB66o,I Know You,Faye Webster,5
11,2LMkwUfqC6S6s6qDVlEuzV,White Ferrari,Frank Ocean,4
11,2VyjK8wf0S6J8FgAgoqOkw,Wuthering Heights,Kate Bush,5
11,2B664ulJSVBd6B8SAY3Wux,Oysters In My Pocket,Royel Otis,5
11,2SAqBLGA283SUiwJ3xOUVI,Laugh Now Cry Later (feat. Lil Durk),Drake,5
11,1SvET7grrtsHT0CkyJjJcZ,Is It a Crime,Sade,4
11,4HnBNOfnPYCgRzB1dcAi3x,"Orange County (feat. Bizarrap, Kara Jackson and Anoushka Shankar)",Gorillaz,5
11,25cUhiAod71TIQSNicOaW3,Adorn,Miguel,5
11,7nKQ5WAcjnG48knyLuo8gO,Red Flavor,Red Velvet,5
11,5SVcXBFyidkEVbBgD9Sp3v,Cocoa Butter Kisses,Chance the Rapper,5
11,3rEwGRmPVVudVjqdgv0tRR,If It Means A Lot To You,A Day To Remember,5
11,1lKI9y1DL6QnYTZguVmACX,La Media Vuelta,Luis Miguel,5
11,4RAR8g8fZNB106ezUurnE0,Dancing Feet (feat. DNCE),Kygo,5
11,7G6NU3cp3ufNMEFCI2l90X,"It's Not Just Me, It's Everybody",Weyes Blood,4
11,116Qy7Q95zaZgVUc5Z03wp,Baby Did A Bad Bad Thing,Chris Isaak,5
11,4UHXMDRuuL07rnFEmSgBEG,AURORA,Mora,5
11,7FYH5AW3bVfZHJIQpq3UOA,I Don't Fuck With You,Big Sean,5
11,3Q4gttWQ6hxqWOa3tHoTNi,Not You Too (feat. Chris Brown),Drake,5
11,5EJA7Rwkeuvm98CZg0XXNO,What Would I Do?,Strawberry Guy,4
11,5AqiaZwhmC6dIbgWrD5SzV,"Peso Pluma: Bzrp Music Sessions, Vol. 55/66",Bizarrap,5
11,0SGkqnVQo9KPytSri1H6cF,Bounce Back,Big Sean,5
11,3IcIIZMMS7UArJJPtEHXG8,Obsessed,Mariah Carey,5
11,2IOeOJyiuzwF8BRAK9jJyj,The Logical Song,Supertramp,4
11,7FtWXX2sRIGx95t3cPyHw8,Be Nice To Me,The Front Bottoms,5
11,6fKIyDJHZ9m84jRhSmpuwS,Sun Bleached Flies,Ethel Cain,4
11,5NqOsPI4rA9Bl6LcCftzI2,Magic,Lil Skies,5
11,5zwwW9Oq7ubSxoCGyW1nbY,Pink Venom,BLACKPINK,5
11,56nLHj9HJr3xpbLarnr0l4,Mtc,S3RL,5
11,3jjujdWJ72nww5eGnfs2E7,Adore You,Harry Styles,5
12,0lHAMNU8RGiIObScrsRgmP,Titanium (feat. Sia),David Guetta,5
12,2IWtloZYQDcP8Ashwx8QEF,Black Out Days,Phantogram,5
12,7faK0eOWGbfxWeuw1inyBN,you and forever,Bleachers,5
12,0AS63m1wHv9n4VVRizK6Hc,Mercy,Shawn Mendes,5
12,5zPTc1mblCrVgMmPzrTMfQ,"Better Off (Alone, Pt. III)",Alan Walker,5
12,7vYA9ET5AUqJt5pBbhKmcB,Don't Let Me Be Misunderstood,The Animals,5
12,0Yp3wCUpjrG7NWWPDpmQXm,Paranoid (feat. B.o.B),Ty Dolla $ign,5
12,4DJLcyfnyEGlUejAEAX4az,1983,Neon Trees,5
12,6eBK3edMW7bEzecF1eCezc,(Everything I Do) I Do It For You,Bryan Adams,5
12,398wIEUnHVOnTEMnxOHiY9,God Complex,VIOLENT VIRA,5
12,4S4QJfBGGrC8jRIjJHf1Ka,Pain,PinkPantheress,5
12,33nOHyNeOKwwjKMrF9VN4V,CSIRAC,Ninajirachi,5
12,4jiwz2tQZo21Z4NQwz4zUt,southbound,Artemas,5
12,40a82F3K2UTbeoLlXXXZBd,"Lo Que Pasó, Pasó",Daddy Yankee,5
12,5w9upngVRHNjdZcRC7Xxr2,Delilah (pull me out of this),Fred again..,5
12,2BNWCIN4nxYbNhcSIol2BG,Forever salty,Bassvictim,5
12,2VRYSgoKZZamsXCqcGnEIG,"Yes, You May",Lucy Bedroque,5
12,3iykQUWC6xefpB0NS8NLlp,Boston,Kenny Chesney,5
12,25GC50HslaaruyrKjdu0lP,Your Betrayal,Bullet For My Valentine,5
12,3JvKfv6T31zO0ini8iNItO,Another Love,Tom Odell,4
12,0eKyHwckh9vQb8ncZ2DXCs,With Arms Wide Open,Creed,5
12,4KTtYhxFtFL7mBwnjkKfLm,Glamorous,Fergie,5
12,4mOLsya7jOsaONExOxpryV,Out of Touch,Daryl Hall & John Oates,4
12,6ouhsRJ7gExB7LCYjITk4Y,Diet Pepsi,Addison Rae,5
12,5sFDReWLrZHLFZFjHsjUTS,Would? (2022 Remaster),Alice In Chains,5
12,5c1QJAiC3773EwiZLwHf5x,Again,Lenny Kravitz,5
12,4Rsv5fRmgTH88RLp7xN5sz,Break,alex_g_offline,5
12,7FtWXX2sRIGx95t3cPyHw8,Be Nice To Me,The Front Bottoms,5
12,50M2QjfSM82wkJ1d0iV4mh,Daydreamin' (feat. Jill Scott),Lupe Fiasco,5
12,6cLrGfKIIRHYQw7S0mCDhA,All That Really Matters,ILLENIUM,5
12,2RUhtNBh43RtSg0WBPPq3m,Naive,The Kooks,5
12,0TZejo18HlJ86OrWNsXKnw,Mrs Magic,Strawberry Guy,5
12,5Bge1Dsqjc14hhGguYML5w,Why Do You Feel So Down,Declan McKenna,5
12,6AXf9n3qazR1bE1dngnqxi,LET 'EM KNOW,T.I.,5
12,21jjthXBYk9iwZ6w0zdkSb,LET 'EM KNOW,T.I.,5
12,3yOlyBJuViE2YSGn3nVE1K,My Oh My (feat. DaBaby),Camila Cabello,5
12,0t3pcqgBjuAVBgY2oEUIlH,It Depends (feat. Bryson Tiller),Chris Brown,5
12,1musbempyJAw5gfSKZHXP9,Anxiety,Doechii,5
12,4wswaG5vmNINMZcVBsAyBP,Got My Mind Set on You,George Harrison,5
12,1X1DWw2pcNZ8zSub3uhlNz,Hall of Fame (feat. will.i.am),The Script,5
12,1V4jC0vJ5525lEF1bFgPX2,Shots,LMFAO,5
12,5dnwXK73BDZ0H2L06ZrKcE,Dr. Feelgood,Mötley Crüe,5
12,0qMZXgcLfkl5RI3q50KHMH,Dumbest Girl Alive,100 gecs,5
12,3B3eOgLJSqPEA0RfboIQVM,Skinny Love,Bon Iver,3
12,6pdyvJQkPkwo2WoDH7tFHO,Killshot - Slowed + Reverb,Magdalena Bay,4
12,1GC1MIaRMW3kfVK9VyD5Ii,Tous les mêmes,Stromae,5
12,6UN73IYd0hZxLi8wFPMQij,Players,Coi Leray,4
12,44AyOl4qVkzS48vBsbNXaC,Can't Help Falling in Love,Elvis Presley,4
12,4KlL5Bwlm4yHYxr0B2rHci,Heal,Tom Odell,5
12,04emojnbYkrRmv5qtJcgVP,What I Want (feat. Tate McRae),Morgan Wallen,5
12,57kR5SniQIbsbVoIjjOUDa,You Know You Like It,DJ Snake,5
12,3tAVOTf1AqN3vBpkocy7MA,My Bloody Valentine,Good Charlotte,5
12,4zmKGsrXjLmljb5fTaBTot,Snow On The Beach (feat. More Lana Del Rey),Taylor Swift,5
12,5e9TFTbltYBg2xThimr0rU,The Chain - 2004 Remaster,Fleetwood Mac,4
12,5gOd6zDC8vhlYjqbQdJVWP,Baker Street,Gerry Rafferty,3
12,37UCSVSqiPGdR1DijOFyYY,Midnight Sun,Zara Larsson,5
12,7MmG8p0F9N3C4AXdK6o6Eb,Outside (feat. Ellie Goulding),Calvin Harris,5
12,2a03afRiyAbNAleOByVju4,Get It Shawty,Lloyd,5
12,6wVViUl2xSRoDK2T7dMZbR,Bizarre Love Triangle,New Order,5
12,6G9YlbU3ByPJQvOFDRdwyM,her,JVKE,5
12,54ipXppHLA8U4yqpOFTUhr,Bones,Imagine Dragons,5
12,0HVQuuXGAcQ2P5mBN521ae,War Pigs,Black Sabbath,5
12,4dX0LPSw5ywr2J64ScaMVC,Green Eyed Monster,10cc,4
12,1huvTbEYtgltjQRXzrNKGi,Don't,Ed Sheeran,5
13,7s8VgA8OjvwBUuigKzEGBx,This Is Home,Cavetown,4
13,2Y0iGXY6m6immVb2ktbseM,Little Dark Age,MGMT,5
13,6urCAbunOQI4bLhmGpX7iS,Don't Speak,No Doubt,4
13,4SFknyjLcyTLJFPKD2m96o,How You Like That,BLACKPINK,5
13,6sfMU3Zx38YzBmv0QTQsH4,Amazing Grace,Forrest Frank,5
13,4ZT9FnbFu1PaBfV3itxiqT,I,Lil Skies,5
13,7BqHUALzNBTanL6OvsqmC1,Happier,Marshmello,5
13,6bxUnsSGZCmoHHU5auwtps,Beware,Big Sean,5
13,5AnCLGg35ziFOloEnXK4uu,Adore You,Miley Cyrus,5
13,3ckd4YA4LcD3j50rfIVwUe,Head Like A Hole,Nine Inch Nails,4
13,3kZAm2TC74lBJFPDoV40Qc,Psycho Pass,Xavier Wulf,5
13,5NJvgtVjLTTogjFcrOIZYN,Flesh For Fantasy,Billy Idol,5
13,5wvYib82q05wiNjLElD8GJ,Dig,Incubus,5
13,62eDE0RR8Sgh7yw8ZLeyAM,Ice On My Teeth,ATEEZ,5
13,0R8bei2Q3U688hu4XEwMq3,Ride,Sir Mix-A-Lot,5
13,6ZAuQOgLrNQb9s7BXheuTy,Sue me,Audrey Hobert,5
13,4D40ZlFAWsvX7lua1Kablh,Jet - 2010 Remaster,Paul McCartney,5
13,6ouhsRJ7gExB7LCYjITk4Y,Diet Pepsi,Addison Rae,5
13,5WtfUKzXircvW8l5aaVZWT,What A Time (feat. Niall Horan),Julia Michaels,5
13,4j3X4KX8rURekAVIFUhI23,Perfect,Simple Plan,5
13,7snQQk1zcKl8gZ92AnueZW,Sweet Child O' Mine,Guns N' Roses,5
13,3FU6urUVsgXa6RBuV2PdRk,Heartless (feat. Morgan Wallen),Diplo,5
13,6OqdF0vHI9xkqswI7EK0cD,Cowboy Casanova,Carrie Underwood,5
13,0KpIXnC0uUnlGZDhwISGzc,Strut,Ayanna Ife,5
13,16Ah4QqH4mgYVXqfC4mdSd,LUV,Tory Lanez,5
13,0mROspyBziPHPyxTPFvKaH,God Is A Weapon,Falling In Reverse,5
13,7Ewz6bJ97vUqk5HdkvguFQ,Heaven,Bryan Adams,4
13,3C41w4YPDCfGuxzQNjvk8O,Quality Control,Jurassic 5,5
13,4u8IPU322yG7mNrqv89GGL,Hey Sexy Lady,Shaggy,5
13,5jJ69cMDMC0aeWPjZo6VP2,Lampshades on Fire,Modest Mouse,5
13,2enPRFda84VE2wtI8c86Uf,Always Forever,Cults,5
13,4VywXu6umkIQ2OS0m1I79y,Better Together,Jack Johnson,5
13,3Rc2ajBMInxeNGVkMPC92Y,Dancing On My Own,Robyn,5
13,5tuBenbZ1Or9xENTyOKoGC,Jonny,Faye Webster,5
13,2PzU4IB8Dr6mxV3lHuaG34,(I Can't Get No) Satisfaction - Mono,The Rolling Stones,5
13,4JG8MhCVmEM458N4Xl7VMT,Ghost,Machine Girl,5
13,7eBqSVxrzQZtK2mmgRG6lC,Murder on My Mind,YNW Melly,5
13,5NO5HPCDG8Y0ErpAISWQOJ,PUSH UR T3MPRR,femtanyl,5
13,285pBltuF7vW8TeWk8hdRR,Lucid Dreams,Juice WRLD,5
13,05N2CVEkUbEd0slHLapdER,Leave a Light On (Talk Away The Dark),Papa Roach,4
13,3d8PDk3B4am5c6TsUCznUW,Shut It Down,Drake,4
13,4rwpZEcnalkuhPyGkEdhu0,Scary Monsters and Nice Sprites,Skrillex,5
14,4wDgL9CFL7ee8Z7gwQCXJW,At Home,Slow Pulp,5
14,74cVJfmK18rhWnscIpGXjt,Thru Your Phone,Cardi B,5
14,4qmT806nB5E33pZSYYqWcU,Stronger Than You (feat. Estelle),Steven Universe,4
14,4JGKZS7h4Qa16gOU3oNETV,Dreams,The Cranberries,5
14,2HRgqmZQC0MC7GeNuDIXHN,Seven (feat. Latto) (Explicit Ver.),Jung Kook,5
14,7wTqEW5nrMhvyEhEyTnOMd,The Cut That Always Bleeds,Conan Gray,5
14,1xqT27jSG1Y15vOXfsV0gv,iPod Touch,Ninajirachi,5
14,6Ac8Byr6GByGr3wDH7JjYh,white tee,Lil Peep,5
14,2SgbR6ttzoNlCRGQOKjrop,Cowboys from Hell,Pantera,4
14,755xVrgyHyUpl9EP5e4ICf,Players,Coi Leray,4
14,3azJifCSqg9fRij2yKIbWz,The Color Violet,Tory Lanez,5
14,27L8sESb3KR79asDUBu8nW,Stacy's Mom,Fountains Of Wayne,5
14,2oENJa1T33GJ0w8dC167G4,Fire Burning,Sean Kingston,5
14,0Dk9lP1YnOqssHH0oCeq9u,I <3 My Choppa,Tay-K,5
14,4qkiVYEL9WvPa99NmpUCmX,Outta My Mind (Touch),Chrystal,5
14,327yGshtQlY2EER4LUAUBh,Heaven's Here on Earth,Tracy Chapman,3
14,4KTtYhxFtFL7mBwnjkKfLm,Glamorous,Fergie,5
14,6TMz966mUk7TOOGO4l182X,Bowling alley,Audrey Hobert,5
14,2iehL6Q3m5NUDanDT2IKwT,No Doubt About It,Neal McCoy,5
14,6pidilGWd5NuREht6PQkMj,The Dogs of War,Bassvictim,5
14,57Zpqy934SuRZHvogcg0jt,Tetra,Clarion,5
14,3p8KrN3hB2BijyrNqBmR8u,The Story of Adidon,Pusha,5
14,4osgfFTICMkcGbbigdsa53,Novacane,Frank Ocean,4
14,21jEuMn2lf37715rwjow2M,The Freshmen,The Verve Pipe,4
14,05N2CVEkUbEd0slHLapdER,Leave a Light On (Talk Away The Dark),Papa Roach,4
14,1xK59OXxi2TAAAbmZK0kBL,Romantic Homicide,d4vd,4
14,6AtgHxdvghUjcjdPX1VhWN,Streets of Minneapolis - Radio Mix,Bruce Springsteen,4
14,225xvV8r1yKMHErSWivnow,"I Don't Want to Miss a Thing - From ""Armageddon"" Soundtrack",Aerosmith,5
14,0PSZ9G584Ve27GK6ThlY6P,Lady Marmalade - Single Edit,Christina Aguilera,5
14,22skzmqfdWrjJylampe0kt,Can't Hold Us (feat. Ray Dalton),Macklemore,5
14,1BZG99C7Co1r6QUC3zaS59,Same Old Love,Selena Gomez,5
14,3BGzKSHUVJawX3x2z6W7js,You Missed My Heart,Phoebe Bridgers,5
14,3nJYcY9yvKP8Oi2Ml8brXt,Right Hand Man,Lin-Manuel Miranda,4
14,0XqUVpsUCoXZgT88JBgW6u,Damn I Love Miami,Pitbull,5
14,1M0J45ZSv6qNaBSbGCIcGV,Come Dancing,The Kinks,5
14,1Q7EgiMOuwDcB0PJC6AzON,Best Part (feat. H.E.R.),Daniel Caesar,5
14,4NTWZqvfQTlOMitlVn6tew,The Show Goes On,Lupe Fiasco,5
14,4IKMZtDIqyQDA6a4YvsgpK,Say Yes,Elliott Smith,5
14,7iCgU4gnWWpWu26kcSwtSC,MEEEEEE (NAYEON),TWICE,5
14,0J7NIJ4cWEbglTRdTjKUHY,It’s About Blood,Steve Earle,5
14,4pvb0WLRcMtbPGmtejJJ6y,exile (feat. Bon Iver),Taylor Swift,4
14,1D066zixBwqFYqBhKgdPzp,Fergalicious,Fergie,5
14,0mROspyBziPHPyxTPFvKaH,God Is A Weapon,Falling In Reverse,5
14,6WatFBLVB0x077xWeoVc2k,Si Antes Te Hubiera Conocido,KAROL G,5
14,6bUNEbXT7HovLW6BgPCBsb,Roses,Outkast,5
15,7mDTvYD2ieE4Q28XFziMfJ,Cry,Cigarettes After Sex,5
15,73JZKk0nb1WOUmh1Eo3Unc,Feuer frei!,Rammstein,5
15,66dQdXAbtuPdSasezCQVZE,SUMMER,BROCKHAMPTON,5
15,5zwwW9Oq7ubSxoCGyW1nbY,Pink Venom,BLACKPINK,5
15,2Ri0436JKFUsd3B3xa2jCe,Morto Mai,Lazza,5
15,1zB4vmk8tFRmM9UULNzbLB,Thunder,Imagine Dragons,5
15,1musbempyJAw5gfSKZHXP9,Anxiety,Doechii,5
15,7tUEDtHchueeUJTfEFEhii,Right Here - Human Nature Radio Mix,SWV,5
15,5SsR3wtCOafDmZgvIdRhSm,Man Of The Year,ScHoolboy Q,5
15,2zmo93xTzKTP0lztR9iy9H,Coffee,Jack Stauber's Micropop,5
15,7hKUH1NXQXOt6bQjHhRZQg,Princess,Feng,5
15,4i0HNuFEH6P6K4UnsY5uUh,Blue Valentine,NMIXX,5
15,0a4MMyCrzT0En247IhqZbD,Hype Boy,NewJeans,5
15,7vo0ILIm1He4wo30ikYBHh,Set Adrift On Memory Bliss,P.M. Dawn,3
15,3B3eOgLJSqPEA0RfboIQVM,Skinny Love,Bon Iver,3
15,709ZIqPHyFOpx2QdjmeWAM,Dracula,Tame Impala,5
15,2L9N0zZnd37dwF0clgxMGI,ceilings,Lizzy McAlpine,5
15,4rugSJgsPQ1KlbWYZnoEsa,KEHLANI (REMIX) [feat. Kehlani],Jordan Adetunji,5
15,7dJYggqjKo71KI9sLzqCs8,Agora Hills,Doja Cat,5
15,1Czqh6tbb9gqCQpSkXsqDT,Ginkgo,Panchiko,4
15,2262bWmqomIaJXwCRHr13j,Sailor Song,Gigi Perez,4
15,464XMdxuH3QmvwLpMrOhGj,girl,salvia palth,5
15,5atFAXIgMXP378op4FaxBm,I'm Your Man,Leonard Cohen,4
15,5FFQbvn7055P1DvgJDdCBP,My Moon My Man,Feist,5
15,1lBkIZiPtUetgkMcSABu3h,If You Want It,Sexyy Red,5
15,4HuiEuJ7ZW8jewUuZBg6sk,Sarah,Alex G,5
15,5ZkAx8zjLiSs1nMmBwJoZS,"When Can I See You Again? - From ""Wreck-It Ralph""/Soundtrack Version",Owl City,5
15,10vkYRKw6Jjr7try1ir50G,Tired of Being Alone,Al Green,4
15,2rVa6UVT2f95l3bGcMGCWQ,What Hurts The Most,Cascada,5
15,030OCtLMrljNhp8OWHBWW3,Hey Daddy (Daddy's Home),USHER,5
15,01aTsQoKoeXofSTvKuunzv,Lean On,Major Lazer,5
15,5EId1m4DNwTf3at31w8bPJ,El Farsante,Ozuna,5
15,4q2lRiodoQnyFO65watkse,True,Spandau Ballet,4
15,2N3U8uTYhjX2KwGT0pf5x0,"Everyday (feat. Rod Stewart, Miguel & Mark Ronson)",A$AP Rocky,5
15,19ItuvrZfTudwC6S5lkDH3,The Machine,Reed Wonder,5
15,2tTmW7RDtMQtBk7m2rYeSw,"Quevedo: Bzrp Music Sessions, Vol. 52/66",Bizarrap,5
15,4IvZLDtwBHmBmwgDIUbuwa,Here Comes Your Man,Pixies,4
15,4MHboJP4Mj8b2bc4hXayIo,"Touch It - Remix/Featuring Mary J. Blige, Rah Digga, Missy Elliot, Lloyd Banks, Papoose & DMX (Explcit)",Busta Rhymes,4
15,7KXjTSCq5nL1LoYtL7XAwS,HUMBLE.,Kendrick Lamar,5
15,3bWEONUAlVrGAB4NqQiT2R,KEHLANI,Jordan Adetunji,5
15,3bwAS8cN7Xtzvv5UurJOOX,I Am the Highway,Audioslave,5
15,1YLJVmuzeM2YSUkCCaTNUB,Dog Days Are Over,Florence + The Machine,3
15,4esOae7i4rqTbAu9o5Pxco,Girl on Fire,Alicia Keys,5
15,5OQsiBsky2k2kDKy2bX2eT,Learn to Fly,Foo Fighters,5
15,57Xjny5yNzAcsxnusKmAfA,Reptilia,The Strokes,5
15,1KDYN3odJHnj9pqGHN3FVs,My Body,Young the Giant,5
15,3CRDbSIZ4r5MsZ0YwxuEkn,Stressed Out,Twenty One Pilots,5
15,3Z0qLOS0cqWKPHXkbTXmNF,Gilded Lily,Cults,5
15,4ZtFanR9U6ndgddUvNcjcG,good 4 u,Olivia Rodrigo,4
15,6gSKswfcoWvaadqvuMF3Y7,Colours,GROUPLOVE,5
15,13TtTCE6v8vwTSgWJPjwLl,girl you're taking home,Ella Langley,5
15,57uNXnf4ciHYP4HktbIbzC,The Business,Tiësto,5
15,4u7vj352S98d9iA7ac1EVG,Alesis,Mk.gee,5
16,2lnzGkdtDj5mtlcOW2yRtG,"Whenever, Wherever",Shakira,5
16,5sGGlfbqdGlJr3ZMMjODoy,She Won't Go Away,Faye Webster,5
16,5mR858YsHYG761aUqZoGkD,Symphony Of Destruction - Remastered 2012,Megadeth,5
16,6VhuP99TE6gYNQRJIlAWFD,Until I Found You,Stephen Sanchez,5
16,3ACZrIdyipWtpXDtW1Ofxx,Hold Up A Light,Take That,5
16,70v5mCvyPRquTyU7qTIU81,Everything Is Embarrassing,Sky Ferreira,5
16,4VFNyv0nVew5C878WDsPvE,Shout at the Devil,Mötley Crüe,5
16,6ouQW2sUweAmRKeYcvSyrC,Chop,Vundabar,5
16,3kb38wezoUA8ki5jPYy3t5,Little Secrets,Passion Pit,5
16,4TRUsIZw92IhJjAtxtiC4e,Lift Off,JAŸ-Z,4
16,12sXrSIdiqCtB0vKYHNH29,All I Do Is Win,DJ Khaled,5
16,23L5CiUhw2jV1OIMwthR3S,In the Name of Love,Martin Garrix,5
16,2kZoOj1n5vk9BuF0sih58M,SOMEBODY LOVES ME,PARTYNEXTDOOR,5
16,02sy7FAs8dkDNYsHp4Ul3f,Soda Pop,Saja Boys,5
16,0YkXRZcetpqI3VzjE9Sey6,Morning Dew,Xavier Wulf,5
16,4FEr6dIdH6EqLKR0jB560J,Rosemary,Deftones,5
16,3nI0piSOxAik2RCpHGloB7,Só Os Loucos Sabem,Charlie Brown Jr.,5
16,6naxalmIoLFWR0siv8dnQQ,Oops!...I Did It Again,Britney Spears,5
16,1HOhw9h6IpSVpFPS6OzUu4,Oh Ana,Mother Mother,4
16,60fUDmIWuKhngaeBIVhqIV,Stranded,Gojira,5
16,7rhmmDBFUwZHC7rSeMxO2E,Blackbox Life Recorder 22 [Parallax Mix],Aphex Twin,5
16,4PV4rdcQ2TVCigth4u6tUp,Exosphere,Hortalis,2
16,722NAIXkI6WRNvu9O7JkdH,overseas,Ken Carson,5
16,2oRNyf4qlAzGz6LljMcDJp,cliche,2hollis,5
16,4X2YuFX8I7FEVrXmV2w674,"Keep On Chooglin' - Remastered / Live At The Oakland Coliseum, Oakland, CA / January 31, 1970",Creedence Clearwater Revival,5
16,3FteycP8CaXS1MhjcXekVT,Stop,Spice Girls,5
16,0WIbzDVEpmOyBnqqdtqIL9,Teen Age Riot (Album Version),Sonic Youth,5
16,0aD8W0ChzDgEKpB1zsJ8zv,Crystal Blue Persuasion,Tommy James & The Shondells,4
16,0KVWVuutF9Dn8li4HdyAeU,"Archie, Marry Me",Alvvays,4
16,4qvUtYRNwmFzfJ2loWkQCH,Vilarejo,Marisa Monte,5
16,3YgtkOxZsTuaZdL8McA1FQ,adore u,Fred again..,5
16,1158ckiB5S4cpsdYHDB9IF,My Own Summer (Shove It),Deftones,5
16,3k2kIiJqUiIP49iUcOLpWT,The Place Where He Inserted the Blade,"Black Country, New Road",4
16,2NyrXRn4tancYPW6JwtTl2,From The D To The A (feat. Lil Yachty),Tee Grizzley,5
16,561jH07mF1jHuk7KlaeF0s,Mockingbird,Eminem,5
16,7DfFc7a6Rwfi3YQMRbDMau,Thinkin Bout You,Frank Ocean,5
16,7x8pIrhMu9FCmqqHNyuH0P,cellophane,FKA twigs,4
16,05G51ez5Z73NRE0l2QtZfH,Short Hair,AOA,5
16,0umDVf77ygI5RiVp9OvNDj,Pyro,Kings of Leon,5
16,4Gd6yYZtA0U0fQbphXZGWI,Viol,Gesaffelstein,5
17,4RY96Asd9IefaL3X4LOLZ8,In Da Club,50 Cent,5
17,2Di0qFNb7ATroCGB3q0Ka7,West End Girls - 2018 Remaster,Pet Shop Boys,5
17,0kYMwaQWABTkFff8AZjmYI,Hayloft II,Mother Mother,5
17,05WVKTdZhlIMX4qqMLuo0f,BELLAKEO,Peso Pluma,5
17,3djWekEDgbhAtkXGdFNbFt,BALD!,JPEGMAFIA,5
17,5imUTBF35uIoABlV9g9da2,Fall In Love,Phantogram,5
17,2q4rjDy9WhaN3o9MvDbO21,Kiss Me Thru The Phone,Soulja Boy,5
17,7y6c07pgjZvtHI9kuMVqk1,Get It Together,Drake,5
17,5r5cp9IpziiIsR6b93vcnQ,Walking On A Dream,Empire Of The Sun,5
17,6owwZC8gUvrBuygvOHaYXb,Mania De Você,Rita Lee,5
17,0SyOHG2V9CgMSlebbnyoLJ,Heart It Races - Cover Version,Dr. Dog,5
17,4jiwz2tQZo21Z4NQwz4zUt,southbound,Artemas,5
17,5IyL3XOaRPpTgxVjRIAxXU,Ziggy Stardust - 2012 Remaster,David Bowie,5
17,5ry2OE6R2zPQFDO85XkgRb,Money In The Grave (Drake ft. Rick Ross),Drake,5
17,6491IiPC0Xu2Tng8DgQPhq,End of Beginning,Djo,5
17,2F6FfZ4w8z3eJpSxPotVO5,Falling Away from Me,Korn,4
17,3htoQPC7v5x04gWCQz1y2S,WRONG,Chris Grey,5
17,1TE8AAk9koG0UJco6ZAUfx,Rock and A Hard Place,Bailey Zimmerman,5
17,43z6scIZU2QcEieMQFAJRG,There She Goes,Sixpence None The Richer,5
17,34oWbFBfGEElvgO0a5c9V4,No Flockin',Kodak Black,5
17,3e7sxremeOE3wTySiOhGiP,Dusk Till Dawn (feat. Sia) - Radio Edit,ZAYN,5
17,4K1imZQQ0yKtJ40vGmUajS,Girl from the North Country,Bob Dylan,3
17,1fddQyaDzAQGhnSZh7UQIJ,Re-Do,Modern Baseball,4
17,4CYeId6mLAasOb6o0NCz4Y,Lo Que Siento,Cuco,5
17,0mROspyBziPHPyxTPFvKaH,God Is A Weapon,Falling In Reverse,5
17,4zfQER4owi8q6NL8Gg63Ya,CRAZYZ,Fuerza Regida,5
17,2VNfJpwdEQBLyXajaa6LWT,Burning Down the House,Talking Heads,4
17,4Tw3GI2MiqXP65X0Z8rP7U,I Love It (feat. Charli XCX),Icona Pop,5
17,4oGTdOClZUxcM2H3UmXlwL,Ironic,Alanis Morissette,5
17,3uwnnTQcHM1rDqSfA4gQNz,Cool for the Summer,Demi Lovato,5
17,32SrQzg34vQiYjyzjg3wum,Killin' It Girl (Solo Version),j-hope,5
17,0zGLlXbHlrAyBN1x6sY0rb,A Sunday Kind Of Love,Etta James,5
17,3xiKmrnBK71IZ78foAIiRv,Starting to Fall,Duster,5
17,5QDLhrAOJJdNAmCTJ8xMyW,Dynamite,BTS,5
17,1KMkcUvF7m3SDChDOa7i5L,WITHOUT YOU,The Kid LAROI,5
17,2tej1KSqNuxwywIpY1rDRc,Hide and Seek,Imogen Heap,5
17,5cp0K9xM0hA7qm3rsqjwid,Beamin’,K Motionz,5
17,6Rqn2GFlmvmV4w9Ala0I1e,Feeling Good,Nina Simone,4
17,2uXlHCUbq9OMUwx3hrk06o,Riptide,Vance Joy,5
17,5ZdzNVOmCSp5HFLk0EgvJS,Dirty Little Secret,The All-American Rejects,5
17,11ozIUBoXAgRTVWelDn4pL,Lights,Ellie Goulding,5
17,6NSMQFKgjpQb0KkjMDYIK0,Tu No Vive Asi (feat. Mambo Kingz & DJ Luian),Arcángel,5
17,5RBOcBpJXaNnHCGViJmYhh,The Perfect Girl,Mareux,5
17,1PJRDeZSoZk7gtisdTYfLi,Crawling In The Dark,Hoobastank,5
17,7JZP7kQsuFFWOrtAI7uNiW,Persiana Americana,Soda Stereo,5
17,2U5WueTLIK5WJLD7mvDODv,Wishing Well,Juice WRLD,5
17,5yJaXWIErrrsjQ3J0eR5aK,The Night We Met,Lord Huron,5
17,786f01L1AbBOGr0WmAs54w,New Flesh,Current Joys,4
17,1xsYj84j7hUDDnTTerGWlH,Dream On,Aerosmith,4
17,4hZAxSYVhaiFousCQM8LFc,Morto Mai (Piano Solo),Lazza,5
17,0gmbgwZ8iqyMPmXefof8Yf,How You Remind Me,Nickelback,5
17,1RGidCmtrqER8GBs8TnG9C,Everything is romantic featuring caroline polachek,Charli xcx,5
17,6jG2YzhxptolDzLHTGLt7S,Drunk in Love (feat. JAY-Z),Beyoncé,5
17,37ApccN7IgSrnuDYMbRNHU,Faço Acontecer,NandaTsunami,5
17,1SJhYNxOZSItqrB6upWyE6,Here Comes a Thought (feat. Estelle & AJ Michalka),Steven Universe,5
17,6WGaVdhY8uMWMgxiKpdLVy,Mother Mother,Tracy Bonham,4
17,23uUytja1B1mUOOIoygf6u,Angels in Tibet,Amaarae,5
17,3iA4foXIFpekwHyma7pRs1,Overkill,Men At Work,5
17,4sebUbjqbcgDSwG6PbSGI0,Come a Little Closer,Cage The Elephant,5
18,7B5Npv8NjjTCzk8PLpU66h,Love In The Dark,Adele,5
18,6b8Be6ljOzmkOmFslEb23P,24K Magic,Bruno Mars,5
18,46gSk82duJtX3TTA182ruG,This fffire - New Version,Franz Ferdinand,5
18,3PFaFVWq5wucLu6s4baj9D,Girl (feat. KAYTRANADA),The Internet,5
18,4qvUtYRNwmFzfJ2loWkQCH,Vilarejo,Marisa Monte,5
18,5wANPM4fQCJwkGd4rN57mH,drivers license,Olivia Rodrigo,5
18,43NqTeL8pgBxKHPMiJKUP5,Girl,Myke Towers,5
18,5uZm7EFtP5aoTJvx5gv9Xf,Jungle,A Boogie Wit da Hoodie,4
18,0nS3lmnyaFyXuGVZp5XCqj,BIBI Vengeance,BIBI,5
18,6GG73Jik4jUlQCkKg9JuGO,The Middle,Jimmy Eat World,5
18,1TvNcWY7WwPLQINhimxycA,Hear You Me,Jimmy Eat World,5
18,4xlpJ99yL9xYQtzG6c3hwk,Luv(sic.) pt3 (feat. Shing02),Nujabes,5
18,2ToF4unFUMMKGfu7KYhy1j,MONSTRUO,Tainy,5
18,3Jv1XgMPVjdN5xGfnRJ20s,Pop That,French Montana,5
18,34WePpH1av2xmrlU2xUqmQ,Can't Do A Thing,Chris Isaak,5
18,2SGyf0hCuB81F85cHXuRjl,So Cold,Balu Brigada,5
18,6OekoYTXR04L76vKdzrqjw,That Old Black Hole,Dr. Dog,5
18,181ez25DOmzsYfFtyHNK1x,when the world end,Lil Darkie,5
18,5LyRtsQLhcXmy50VXhQXXS,Holy Wars...The Punishment Due - 2004 Remix,Megadeth,5
18,3rjM7GhxdVq1YySsHBs21i,Animals,Nickelback,5
18,1Hvzgb3TxHHDOT7iBm0JIM,as i say,"Dream, Ivory",5
18,1UREw2MCfU0xwBzCAjxlUD,Scars,Papa Roach,5
18,27L8sESb3KR79asDUBu8nW,Stacy's Mom,Fountains Of Wayne,5
18,7aK5rlTVxSgcqShPMI1TTH,Nosetalgia,Pusha T,5
18,78BEQJAOVIPRxPPRN9sKHr,GET IT DOWN,Cortisa Star,5
18,5kh0looY2WhYNZmmTqtTaP,ON GOD,Shatta Wale,5
18,5h0M2GbBfvOj8GdG7sIDQT,Human,Sevdaliza,5
18,6ATrsVaZT7XjkCynxM8cTS,Turn My Swag On,Soulja Boy,5
18,41bIQPBE1lFN0mmw6Lmssz,21 Questions,50 Cent,4
18,2q4rjDy9WhaN3o9MvDbO21,Kiss Me Thru The Phone,Soulja Boy,5
18,0Hf4aIJpsN4Os2f0y0VqWl,Feel This Moment (feat. Christina Aguilera),Pitbull,5
18,7FFS7cQvZ0QpuVvG2cMDKY,Blood Of The Scribe,Lamb of God,5
18,2QtJA4gbwe1AcanB2p21aP,Stay The Night - Featuring Hayley Williams Of Paramore,Zedd,5
18,2VlLbhGLVJgdOW7kKdWWFc,Six Feet Under,Billie Eilish,3
18,3O9xF6nqYYtMjkuIutRYLP,It’s TV Time!,Toby Fox,5
18,56hYeuutlZO5Pkm99FzLCW,Get Free,Major Lazer,5
18,5CZ40GBx1sQ9agT82CLQCT,traitor,Olivia Rodrigo,5
18,5CQ30WqJwcep0pYcV4AMNc,Stairway to Heaven - Remaster,Led Zeppelin,4
18,1y4eb6hmAvsqlDOl3fx9kk,Hot N Cold,Katy Perry,5
18,6f4itfvWzS59Qu7JWorhxn,Movies,Weyes Blood,4
18,09xhawlPUifhftf8zuie7w,Fever,Buckshot,5
18,0i4qKfuKJ3juUsEwnJAxk3,"Ready, Steady, Go!",Harry Styles,5
18,7EW7Yivb93qKAtp5qEm5of,Dark Thoughts,Lil Tecca,5
18,4jPy3l0RUwlUI9T5XHBW2m,Mood (feat. iann dior),24kGoldn,5
18,1jYiIOC5d6soxkJP81fxq2,"I'm the One (feat. Justin Bieber, Quavo, Chance the Rapper & Lil Wayne)",DJ Khaled,5
18,5qHYXcVvc9xsFB2uH7GpMN,Kokomo,The Beach Boys,4
18,39j1lrsLa9jZ72Qx6PxJ2r,Estelle,Samara Milli,3
18,1Bv3h7Vc4AaYA2BcSM3rVd,All I Wanted,Paramore,5
18,1PREzVLuDT6PSE9sej4wnV,COQUETA,Fuerza Regida,5
18,78His8pbKjbDQF7aX5asgv,Rivers of Babylon,Boney M.,5
19,1GCbc1vpkZA2zhjsSFhmHT,Fuck You,Lily Allen,5
19,78LnrdE1PF8TkueRtsxwLL,Farrah Fawcett Hair,Capital Cities,5
19,2RnB5R79oLcE8lCQbiaUZf,Art of War,Avenoir,5
19,1VdJXG8vpORXyRiqQtL78M,Electric Disruption,Fuzzboar,5
19,6t6oULCRS6hnI7rm0h5gwl,Some Nights,fun.,5
19,7fEoXCZTZFosUFvFQg1BmW,Took Her To The O,King Von,5
19,5iAE3uBqaZm9aHUx9yy6a0,KATAMARI,femtanyl,5
19,2qOm7ukLyHUXWyR4ZWLwxA,It Was A Good Day,Ice Cube,5
19,1rqqCSm0Qe4I9rUvWncaom,High Hopes,Panic! At The Disco,5
19,0qhVpwKivK3u4OMLb7Z9Ah,tower of memories,ivri,5
19,6VK8OMA2FhX4KoS3QCH7rL,Aria Math,C418,4
19,7JZP7kQsuFFWOrtAI7uNiW,Persiana Americana,Soda Stereo,5
19,5dnwXK73BDZ0H2L06ZrKcE,Dr. Feelgood,Mötley Crüe,5
19,0CSTvWUps1YmpQoXXay9ol,Cosmic Love,Florence + The Machine,5
19,6CC5XSjHTTG3X3MmtLjvXx,Golden Brown - Sped Up Version,The Stranglers,4
19,35i19j4Zz7WaL5KozRHjyQ,White Wedding,Billy Idol,5
19,56nLHj9HJr3xpbLarnr0l4,Mtc,S3RL,5
19,3QGsuHI8jO1Rx4JWLUh9jd,Treat You Better,Shawn Mendes,5
19,7bzzC7QIfflM9eEj2aqaYX,Blue Ridge Mountains,Fleet Foxes,5
19,51miVHNUDJK0EvAkwGnYQQ,Wake Up,Jeremih,3
19,2GlV9w8oHSQdiPPk9lxqlp,Fine,Lemon Demon,5
19,4jiwz2tQZo21Z4NQwz4zUt,southbound,Artemas,5
19,7DRM6aQqMhVMweZ8H7UBei,Yves,Lil Tecca,5
19,2VyaGJJI8dOiv36F8vHZIL,Slow Down,Chase Atlantic,5
19,1xOqGUkyxGQRdCvGpvWKmL,Gabriela,KATSEYE,5
19,0ssrK9S67e9ZGmL9joKWLn,Besame Sin Sentir,Micro TDH,4
19,1cKHdTo9u0ZymJdPGSh6nq,I Was Never There,The Weeknd,5
19,3xiKmrnBK71IZ78foAIiRv,Starting to Fall,Duster,5
19,5vuJuBqwzHJgCA1ysRfwxZ,good kid,Kendrick Lamar,5
19,4ut5G4rgB1ClpMTMfjoIuy,High On Life (feat. Bonn),Martin Garrix,5
19,1D0QeY6vwnZcbiM6iBYYSj,Love Like Ghosts,Lord Huron,5
19,3T790QTg0ebUUk5tCRbtbN,Crumblin' Erb,Outkast,5
19,6EUcP55GlbmsmCzfL2vxtZ,on one tonight,Gunna,5
19,6mHIYI9coRzaIlqE6rPNN5,Thootie (feat. Tokischa),Ice Spice,5
19,5yVIlYEHZxQVLyInCdldoS,Impossible,James Arthur,5
19,0E4bYC2Gwi65NCM87iZ403,Sleeping in,The Radio Dept.,5
19,71EHOyEOhNx1SzTebRRyng,Weak,SWV,3
19,2tej1KSqNuxwywIpY1rDRc,Hide and Seek,Imogen Heap,4
19,0fK7ie6XwGxQTIkpFoWkd1,like JENNIE,JENNIE,5
19,5G9LvzXcBoIBXOd2jzdJTs,Venus as a Boy,Björk,5
19,03YZnK3XQWKpvo9TyNZzXf,The Emotion,BØRNS,5
19,5Xak5fmy089t0FYmh3VJiY,Black,Pearl Jam,4
19,2gQaQUhDCNGfBVXTvxAmXQ,Shout,Tears For Fears,4
19,6vu5xJWIvukCK8cwBXOOj0,Living In A Haze,Milky Chance,5
19,16x4zrgor3ewwEbPgSrTAB,Creep,Stone Temple Pilots,5
20,4EchqUKQ3qAQuRNKmeIpnf,The Kids Aren't Alright,The Offspring,5
20,5HQEmiV2lKnSO6qa2fsR7x,I'm Not In Love,10cc,5
20,3qrEG6rQ9Qm72MNWeUKKiU,Wham Bam Shang-A-Lang,Silver,5
20,3avYqdwHKEq8beXbeWCKqJ,Last Friday Night (T.G.I.F.),Katy Perry,5
20,3yx6eryOZgO54bt3B671cn,Work,Iggy Azalea,5
20,1I8tHoNBFTuoJAlh4hfVVE,Firestone,Kygo,3
20,5SkRLpaGtvYPhw02vZhQQ9,All Falls Down,Kanye West,5
20,6PBanBy8L1K2Ry4UN186XH,forwards beckon rebound,Adrianne Lenker,4
20,4bjN59DRXFRxBE1g5ne6B1,Haegeum,Agust D,5
20,7uzmGiiJyRfuViKKK3lVmR,Mine,Bazzi,5
20,6mICuAdrwEjh6Y6lroV2Kg,Chantaje (feat. Maluma),Shakira,5
20,39exKIvycQDgs4T6uXdyu0,Harmony Hall,Vampire Weekend,5
20,24vNw0Z0srb4zYXwrakw8E,Wu-Tang Clan Ain't Nuthing ta F' Wit,Wu-Tang Clan,4
20,0X1sqQ652p1sceKM2nJlIJ,Runaway,Bon Jovi,5
20,6n4U3TlzUGhdSFbUUhTvLP,Walk It Talk It,Migos,5
20,0eAuGrXyGFYwur9ARUe7LJ,Earrings,Malcolm Todd,5
20,5oO3drDxtziYU2H1X23ZIp,Love On The Brain,Rihanna,5
20,7J3YKBt70o8iB3UXGtUiho,I Wanna Go - John Summit Remix,John Summit,5
20,2DNXgvkyv35vTWvdgjs7qn,Someone New,Hozier,5
20,6JhUq57XpJeNMxboI4Ne3S,Gold Guns Girls,Metric,5
20,7wAJfa8XOZmtCWrsxzE88T,Romantic Lover,Eyedress,4
20,1Cbl3Yq8rHo7hhDQmLQagU,PUSH 2 START,Tyla,5
20,4FEr6dIdH6EqLKR0jB560J,Rosemary,Deftones,5
20,1vYXt7VSjH9JIM5oRRo7vA,Dance The Night - From Barbie The Album,Dua Lipa,5
20,1mKXFLRA179hdOWQBwUk9e,Just Give Me a Reason (feat. Nate Ruess),P!nk,4
20,3RyLrayd9un9ClTah57JI0,Babies & Fools (feat. Conway the Machine),Freddie Gibbs,5
20,1ZiN3wseympSLDIFkaWHHC,Give Me Love (Give Me Peace on Earth),George Harrison,5
20,6rUcS9i07F6okIe8wujs5J,Lemonade,Gucci Mane,5
20,6VsqdsaY4oV06NODea0L0J,POR EL CONTRARIO (with Ángela Aguilar & Leonardo Aguilar),Becky G,5
20,15kLz0zNFdtsaJdXKSGmTU,The Drugs Don't Work,The Verve,5
20,45sDIKapDyxPl307QpEAwl,Rocketeer,Far East Movement,5
20,2J051fjLklkoPbzOoTAACZ,"Sally, When The Wine Runs Out",ROLE MODEL,5
20,7nKQ5WAcjnG48knyLuo8gO,Red Flavor,Red Velvet,5
20,4j3X4KX8rURekAVIFUhI23,Perfect,Simple Plan,5
20,5n3aljhdfkuJ7D8fDnstJT,Big Money,Lil Skies,5
20,7eBqSVxrzQZtK2mmgRG6lC,Murder on My Mind,YNW Melly,5
20,79IgD1wf3xltQdDK3l5Why,In My Room,Julia Wolf,5
20,4MWk55HpGESQdvthbGhMhF,american wedding (Hotel California),dopuu,5
20,7KBwU1bouDcULSjHjpdoFb,She's Like A Star,Taio Cruz,5
20,6eN1f9KNmiWEhpE2RhQqB5,Paradise City,Guns N' Roses,4
20,5qiIxojpo8YTFgOOcDuOaB,Rock This Party (Everybody Dance Now),Bob Sinclar,5
20,5cp0K9xM0hA7qm3rsqjwid,Beamin’,K Motionz,5
20,7JEzAlwHhCD2M1cYE6BeqJ,Loving Machine,TV Girl,4
20,45ROR8UMn60YEVQnDy0uVF,Juliet,Cavetown,4
20,5h0M2GbBfvOj8GdG7sIDQT,Human,Sevdaliza,5
20,7dUrhEQguPAglRgnACCzYw,Ponyboy,SOPHIE,5
20,4V6ZLk1IHdG00qu3B4m8Y9,"Baby, I Love You",The Ronettes,5
20,57iDDD9N9tTWe75x6qhStw,Bitter Sweet Symphony - Remastered 2016,The Verve,5
20,6JjPBQfI2Y8nIjnm65X6Pw,X (feat. Maluma & Ozuna) - Remix,Nicky Jam,5
20,6xQM5T7xmEpbnuxGeAWL6g,Odyssey,ILLENIUM,5
20,0aF9m87P8Tja3NUMv4DfHt,Head Over Heels,Tears For Fears,5
20,6uKsrF9ejNeVy0lZvOQFdp,Woman Is The N****r Of The World - Remastered 2010,John Lennon,4
20,0ey0KwCzoUdjvPzbLX8qSa,In On It,Superheaven,5
20,0IVkP59yJ9GFF6B7IrvrxA,Paper Bag,Fiona Apple,4
20,6shRGWCtBUOPFLFTTqXZIC,Upside Down,Jack Johnson,5
20,3xKTpGCsafXzV4muM1Hpl3,Let Go,Frou Frou,5
20,65OVbaJR5O1RmwOQx0875b,Wants and Needs (feat. Lil Baby),Drake,5
20,68MTDH8Kk4jBEV1ah0n89s,EA (feat. 21 Savage),Young Nudy,5
20,0c4IEciLCDdXEhhKxj4ThA,Madness,Muse,5
20,3lPn81PFyKvXiyHhlkwkQ4,Doomed,Bring Me The Horizon,5
20,2yDQVcj26tpi9IUJhw9xDs,My Eyes Adored You,Frankie Valli,5
20,0m2UVJS2dZjXtbi0tB2A0t,On Fye,The Simps,5
20,0UTmS76yJwuCpiKEn16uN5,1991,Azealia Banks,5
20,0Z2J91b2iTGLVTZC4fKgxf,Hit 'Em Up - Single Version,2Pac,4
20,0Yp3wCUpjrG7NWWPDpmQXm,Paranoid (feat. B.o.B),Ty Dolla $ign,5
20,0Cy7wt6IlRfBPHXXjmZbcP,Love Me Like You Do,Ellie Goulding,5
20,3ZhTT6yjZwpPph5MIJ53XY,Red Roses (feat. Landon Cube),Lil Skies,5
20,5BsGmbPJyupA70FlD7NtbS,Luxury,Azealia Banks,4
20,0b18g3G5spr4ZCkz7Y6Q0Q,Rasputin,Majestic,5
20,0FDzzruyVECATHXKHFs9eJ,A Sky Full of Stars,Coldplay,4
20,5hgnY0mVcVetszbb85qeDg,Partition,Beyoncé,5
20,3v0z1bKqLzpFKARRKzQeS7,MAGIC SCHOOL BUS,Komodo,4
21,3v5o91PrUtf0nmO6j8J7dZ,LEFT RIGHT,XG,4
21,4yugZvBYaoREkJKtbG08Qr,Take It Easy - 2013 Remaster,Eagles,5
21,2Yl4OmDby9iitgNWZPwxkd,Be Careful,Cardi B,5
21,06tNJ27nVxbDwhiQMChWyr,GOOD LOYAL THOTS,Odetari,5
21,5aJOyuvqhcCRpaUCubwXk9,The Ballad of Eddie Jabuley,Hotel Ugly,5
21,5H1sKFMzDeMtXwND3V6hRY,JUMP,BLACKPINK,5
21,3XRALl9CNCnjjbCZid2L9w,Home,Cavetown,5
21,3o7TMr6RmIusYH7Kkg7ujR,Coming Undone,Korn,5
21,6rdkCkjk6D12xRpdMXy0I2,New Jeans,NewJeans,5
21,336ZYcU6poBWi3s8yzRcAD,I Follow Rivers,Lykke Li,4
21,2QKLrgXNQtK2c8QbLRO3XC,Burn The House Down,AJR,5
21,1TqmlXyMcCppD8v2OogDMR,Bark Like You Want It,Sir Mix-A-Lot,5
21,2NaGl56lq71UMzDSI8jmJ3,Away,Vacations,5
21,4Mve2PSQqMtVn5DemVoBYr,Aphasia,Pinegrove,3
21,4Zwsj3E7vn1JMBIFjSWjKS,Now and then,Liana Flores,5
21,31er9IGsfFbwqy1pH4aiTP,I Have Nothing,Whitney Houston,5
21,0YJjl4SSIBx3h7L5M9OgiG,Le Jerk,Thierry Hazard,5
21,3rJDsZjIaCfJQSqRUvl0BM,Funeral,Phoebe Bridgers,4
21,7lR743VxfubUw5m9dpnR9x,Numb,Portishead,5
21,7yFhA2fUsL2oIMWlw5DaHQ,The Bones,Maren Morris,5
21,7eZXAeqqdLDrAp2MvrPzWn,stranger,Jhené Aiko,4
21,4o05DiC0RQ9DNtGJGauwna,Queen of Mean,Sarah Jeffery,5
21,2a1o6ZejUi8U3wzzOtCOYw,Danza Kuduro,Don Omar,5
21,0815caqt2Lytro5EIzMufT,You And Me,Lifehouse,4
21,59WN2psjkt1tyaxjspN8fp,Killing In The Name,Rage Against The Machine,5
21,1UGD3lW3tDmgZfAVDh6w7r,Devil In A New Dress,Kanye West,5
21,0hlzl6zaN6misc6V0JbhaP,I Don't Care,VIOLENT VIRA,5
21,4h9wh7iOZ0GGn8QVp4RAOB,I Ain't Worried,OneRepublic,4
21,5dptcPc81FCiyCPsNvl0qu,GIRL HELL 1999,femtanyl,5
21,2zf1izCOz2F22PF27uhxRF,Love Takes Miles,Cameron Winter,5
21,7lv4SU2ATVjQJp6Jia0x7N,Dark Thoughts,Lil Tecca,5
21,2Ud3deeqLAG988pfW0Kwcl,All My Friends,LCD Soundsystem,5
21,3K1tdhoeE6koNnWgAxEK9Y,Mrs. Potato Head,Melanie Martinez,5
21,5JtvedSVWW9McnoEAPJwQm,Sex Sounds,Lil Tjay,5
21,6cbZb9mVAc5s8HtwklLoI0,Cheguei,LUDMILLA,5
21,2GrxfHUO9YAAY8HFOVtb9N,I'll See You When We're Both Not So Emotional,American Football,5
21,3TgMcrV32NUKjEG2ujn9eh,It's Not Living (If It's Not With You),The 1975,5
21,6M14BiCN00nOsba4JaYsHW,Ocean Man,Ween,5
21,4gb6bKMg61GGfbhPTifP8A,"Athens, France","Black Country, New Road",5
21,6HzZhqXNyfJxuvQ9zfCc1U,Faithfully,Journey,5
21,4yqtwO7MQIIXqoiRBPHAgR,Money for Nothing,Dire Straits,4
21,59hBR0BCtJsfIbV9VzCVAp,Set Me Free Pt.2,Jimin,5
21,7GxaIFqvSXvAg18ai8i0gT,Girls' Generation,Girls' Generation,5
21,1gRK6QnBOpNtEDjYKftzTc,The Feminine Urge,The Last Dinner Party,5
21,3RXUgPNIbUgFxsDWuBQEt6,How It’s Done,HUNTR/X,5
21,46S6HjiiqyMNwE3xXv1nPH,Wild Horses,Natasha Bedingfield,5
21,6MtKObWYda2qnNIpJI21uD,Pursuit Of Happiness (Nightmare),Kid Cudi,5
21,3NLrRZoMF0Lx6zTlYqeIo4,Here Without You,3 Doors Down,5
21,43x4drok2kDJqm9dgRr685,MEXE,Pabllo Vittar,5
21,65vdMBskhx3akkG9vQlSH1,And I Love Her - Remastered 2009,The Beatles,5
21,5UXJzLFdBn6u9FJTCnoHrH,Memories,Conan Gray,5
21,5E2y5TSb2RJNCO01QjkgLf,Days Like These,Luke Combs,5
21,7LLBONqWyX3MoBvIVPu5fj,Tacata (Remix),Tiagz,5
21,5MvxeZPiiLAuB5gI8k3ynk,Can't Love You Anymore (With OHHYUK),IU,5
21,3MjUtNVVq3C8Fn0MP3zhXa,...Baby One More Time,Britney Spears,4
21,3saKLLmgDVjgojwm3HB45i,BOAT,Trim,4
21,1e0vsza0hIVYv9Mkz542qn,Fable,Gigi Perez,4
21,4cluDES4hQEUhmXj6TXkSo,What Makes You Beautiful,One Direction,5
21,4EWCNWgDS8707fNSZ1oaA5,Heartless,Kanye West,5
21,6YvCWIlMBJgQEm6i0POVbZ,3.5,ian,5
21,6Szgu8v7CAapag3XuuJX0b,Too Well,Reneé Rapp,5
21,4prEPl61C8qZpeo3IkYSMl,Sleepyhead,Passion Pit,4
21,1M0J45ZSv6qNaBSbGCIcGV,Come Dancing,The Kinks,5
21,5jzKL4BDMClWqRguW5qZvh,Teenage Dream,Katy Perry,5
21,3pnw86Nzm1nLdX5w9ZeObP,Leach,Superheaven,5
21,1WnVwuWYq9Paa1P6IOlr7S,Fucking Your Girl,Devon Hendryx,4
21,30S82dxldXsPbuj4ShyVBK,Marble Floors,Summrs,5
21,2TfSHkHiFO4gRztVIkggkE,"Sugar, We're Goin Down",Fall Out Boy,5
21,1fZgxJgmmOl8zCyHgcKAWE,relicário,ANAVITÓRIA,5
21,6WlmEymaXKMRs3D2c4j6os,Inside Out,Duster,5
21,0wFU2pYHZi45Ws1VD6aSJX,jellyous,ILLIT,5
21,5RMlUiY2og97DronMz3GlG,..FEISTY,Fred again..,5
21,0yuAWlxq59xT3agQ965OxE,Sunsetz,Cigarettes After Sex,5
21,3HHTqTM0Bgjs6ABUOwA5Ju,wonder wander,Bella Kay,5
22,3NM41PVVUr0ceootKAtkAj,As the World Caves In,Matt Maltese,5
22,1eMNW1HQjF1dbb4GtnmpaX,Slay3r,Playboi Carti,5
22,6HJszgJO19tAKff7X40ggp,Reality Surf,Bladee,5
22,3aHkbJXFYpPrup2K8wvDOV,We Still in this Bitch (feat. T.I. and Juicy J),B.o.B,5
22,1Dr1fXbc2IxaK1Mu8P8Khz,When I Come Around,Green Day,5
22,2grjqo0Frpf2okIBiifQKs,September,"Earth, Wind & Fire",5
22,6dKHEOxmG7I6SraR7QFT6e,D.T.B. (Interlude),A Boogie Wit da Hoodie,4
22,3oiMJQAWVaxSubJ7b2VUtX,Fancy,Iggy Azalea,5
22,5jE48hhRu8E6zBDPRSkEq7,All About That Bass,Meghan Trainor,5
22,5nJ9WqiiVz9Rz6a2xLhHlZ,"Star Spangled Banner - Live at The Woodstock Music & Art Fair, August 18, 1969",Jimi Hendrix,5
22,0xta6Gah3inmeHbj0e3F9a,Headshots (4r da Locals),Isaiah Rashad,5
22,6nz35DNIzbtj5ztpDEcW1j,"Kick, Push",Lupe Fiasco,5
22,3K2LpGFpQqo8uDFkjhV2Uo,Sweet Sixteen,Don Trip,5
22,51ODNNDZm21HU7wI7cccRr,Latch,Disclosure,5
22,4KEqjpCCm7gONQN3pKCXY7,SET JAPA NK 2.0 BEAT CAPIXABA - DJ VINICIUS ZUKA Remix,vinicius zuka,5
22,65vdMBskhx3akkG9vQlSH1,And I Love Her - Remastered 2009,The Beatles,5
22,3bbfY8yDDwzLvvx3tFwy8i,Starless,King Crimson,4
22,2xLMifQCjDGFmkHkpNLD9h,SICKO MODE,Travis Scott,5
22,0iG9z2JyiDYWpPQQIXZsUd,Oi Linda,NandaTsunami,5
22,1oAwsWBovWRIp7qLMGPIet,Apocalypse,Cigarettes After Sex,5
22,1yupbrI7ROhigIHpQBevPh,Chicago,Sufjan Stevens,5
22,2a1o6ZejUi8U3wzzOtCOYw,Danza Kuduro,Don Omar,5
22,0FO4lzbW7ufcYSc1iHune9,Seagirl,King Krule,5
22,6TMz966mUk7TOOGO4l182X,Bowling alley,Audrey Hobert,5
22,2tKqI6dJIxUlFyVUwrSR08,BACK TO BLONDE,SIENNA SPIRO,5
22,1V6gIisPpYqgFeWbMLI0bA,Heart Attack,Demi Lovato,5
22,6C1RD7YQVvt3YQj0CmuTeu,Diles,Bad Bunny,5
22,5yz4ZfLeZ3VdqDM2l8wjjg,catch these fists,Wet Leg,5
22,4clTLBWCpcdi0XQGe8KWtO,HOLOCAUST,Lil Darkie,5
22,2ipIPsgrgd0j2beDf4Ki70,Mystical Magical,Benson Boone,5
22,21pySLskKIKrhDziCX5ojQ,When I Grow Up,The Pussycat Dolls,5
22,5RmC5yrwoedDmlRKTL8tQp,Tried And True,Ween,5
22,4RvW5ggYKC7bCDX4UUSSDc,Sleep On The Floor,The Lumineers,3
22,4OBAfy1GyI4BlE6coiXhQK,Everyone I Know Has Magic Powers,traptraptrap,5
22,5NO5HPCDG8Y0ErpAISWQOJ,PUSH UR T3MPRR,femtanyl,5
22,4qUMw89VHpcD7bHsMNSmOE,Shooting star,Audrey Hobert,5
22,2ITzT4yyV0zs0A9S3c2UXT,The Complete Knock,Blood Orange,5
22,4zmKGsrXjLmljb5fTaBTot,Snow On The Beach (feat. More Lana Del Rey),Taylor Swift,5
22,11iIikXxC6NP0Ma8vMD27x,Alien Blues,Vundabar,5
22,0ntQJM78wzOLVeCUAW7Y45,Sex on Fire,Kings of Leon,5
23,5HiSc2ZCGn8L3cH3qSwzBT,러시안 룰렛 Russian Roulette,Red Velvet,5
23,3dzjjQChozuS8wOOen1ypj,Big Pimpin',JAŸ-Z,5
23,1VLtjHwRWOVJiE5Py7JxoQ,Martin & Gina,Polo G,5
23,6OpMhAh3DTJwjAhjab028P,Decisions,Knucks,5
23,600s08VdbjiyAjDGDjYSFI,Interstate Love Song,Stone Temple Pilots,5
23,3nEHrvNNtgLv9rneTAYVr4,Heaven Takes You Home (feat. Connie Constance),Swedish House Mafia,5
23,0IVAYMUDvpzFxIEuGc71SM,P*RNSTAR,Nessa Barrett,5
23,6rUcS9i07F6okIe8wujs5J,Lemonade,Gucci Mane,5
23,1X1DWw2pcNZ8zSub3uhlNz,Hall of Fame (feat. will.i.am),The Script,5
23,2igbKtoBMXdYgYPkCpl0V4,Body Moves,DNCE,5
23,4yeILpRczJAXG6kAsE7pGk,Deceptacon,Le Tigre,5
23,16x4zrgor3ewwEbPgSrTAB,Creep,Stone Temple Pilots,5
23,3UQmoVQJqBYauTZLVPs3uo,Luxurious,Gwen Stefani,5
23,5Rkbnhwkb6oiqq1HQcXirN,Rubber Band Man,T.I.,5
23,4qtdab2DABnEokwupCl8lG,Dirty Work,aespa,5
23,0gpFiquPvir7e3RrM4kii9,"IT G MA REMIX (feat. A$AP Ferg, Father, Dumbfoundead, Waka Flocka Flame)",Keith Ape,5
23,0umDVf77ygI5RiVp9OvNDj,Pyro,Kings of Leon,5
23,5u2FOoFhp495GIj5BJC77J,Hold On Till May,Pierce The Veil,5
23,0J7NIJ4cWEbglTRdTjKUHY,It’s About Blood,Steve Earle,5
23,7gqdZpe7MlTLA59viClLoY,Backburner,NIKI,5
23,5TbDM1PBTyODDCTGEoDCxL,Carnival,The Cardigans,5
23,6kN3vvzDiVZP2hiPA0ApMd,Genie,Girls' Generation,5
23,3bzay4OfqLDujCzt2SnYQe,Early Uptempo Mash,Dimitri K,5
23,68UrZQUuO3O6eUiD226xHg,The Chase,Hearts2Hearts,5
23,6G9YlbU3ByPJQvOFDRdwyM,her,JVKE,5
23,3HHTqTM0Bgjs6ABUOwA5Ju,wonder wander,Bella Kay,5
23,2DQ1ITjI0YoLFzuADN1ZBW,No Limit,G-Eazy,5
23,1lOe9qE0vR9zwWQAOk6CoO,Ransom,Lil Tecca,5
23,2bnDTGikdoO8CwzlAPyBHR,"Airplanes, Pt. II (feat. Eminem & Hayley Williams of Paramore)",B.o.B,5
23,1QrbZhFYlViXd60g130vw1,Caramel,Sleep Token,5
23,3gbBpTdY8lnQwqxNCcf795,Pompeii,Bastille,5
23,17XgxMFNzBYv38TEJRC18D,The Hell Song,Sum 41,5
23,12Ypr3PCVJ2i7Uwz93q1Vl,Opr,Gesaffelstein,5
23,1xqT27jSG1Y15vOXfsV0gv,iPod Touch,Ninajirachi,5
23,412LyfktkgWKEn8kmKiyQe,Comfortable Liar,Chevelle,5
23,22WV03i2lBbwNVCE1g671p,151 Rum,JID,5
23,5MUb136to9lnJLfIy5FZKI,優しい彗星,YOASOBI,5
23,4Hhv2vrOTy89HFRcjU3QOx,At Last,Etta James,5
23,57Xjny5yNzAcsxnusKmAfA,Reptilia,The Strokes,5
23,7uo7pjCnaM4ZDHdEahGaBO,<3 me,Nettspend,5
23,6rjuKpPydT2SxN15TZpV7r,500lbs,Lil Tecca,5
23,3WLAcpFwRmC98f5UGRXAkI,Hoje,LUDMILLA,5
23,4AZk9awBXJRVaLS7gOsaMO,Talk Down,Dijon,5
23,3NxWJWftvkstyxvb1pZlFo,Teeth,5 Seconds of Summer,5
23,5Nt2FMqnKI2mlp7lztURNo,KEHLANI (REMIX) [feat. Kehlani],Jordan Adetunji,5
23,7x5RhTT2bzS6CCQFeNb5HU,What You Need,Tems,5
23,6NvRxjfYkkT2SpirAlmsjH,No One Knows,Queens of the Stone Age,5
23,3598iBWrS4JhJqP5tHlpVK,THIS IS FOR,TWICE,5
23,6H3kDe7CGoWYBabAeVWGiD,Gimme Shelter,The Rolling Stones,5
23,5nNpVC9AC6DWgrT5RX0e0b,Hopelessly Devoted To You,Olivia Newton-John,3
23,0FDzzruyVECATHXKHFs9eJ,A Sky Full of Stars,Coldplay,4
23,3yfqSUWxFvZELEM4PmlwIR,The Real Slim Shady,Eminem,5
23,4U45aEWtQhrm8A5mxPaFZ7,Vienna,Billy Joel,5
23,3evG0BIqEFMMP7lVJh1cSf,Don't Let Me Down - Remastered 2009,The Beatles,5
23,65M92JpTbAdHmTQm4jGaDa,Think I'm In Love With You,Chris Stapleton,3
23,3tYxhPqkioZEV5el3DJxLQ,Youngest Daughter,Superheaven,5
23,5imUTBF35uIoABlV9g9da2,Fall In Love,Phantogram,5
23,60lAoxcyDvRbcNY82VEoEA,Beckham,Dee Billz,5
23,5IyL3XOaRPpTgxVjRIAxXU,Ziggy Stardust - 2012 Remaster,David Bowie,5
23,5cjagrNaegv6IQZKflkPTf,I Love You So - Acoustic,The Walters,5
23,1KGi9sZVMeszgZOWivFpxs,No Scrubs,TLC,5
24,3oTuTpF1F3A7rEC6RKsMRz,Raindance (feat. Tems),Dave,5
24,7eBqSVxrzQZtK2mmgRG6lC,Murder on My Mind,YNW Melly,5
24,4eWQlBRaTjPPUlzacqEeoQ,Never Be the Same,Camila Cabello,5
24,5EJA7Rwkeuvm98CZg0XXNO,What Would I Do?,Strawberry Guy,4
24,5q7icrT1Wn8PHaePIjYYyg,Singapur,El Alfa,5
24,0LN5gIsS5tQSmRzQrHSaTR,Eminence Front,The Who,3
24,1DqdF42leyFIzqNDv9CjId,Dynamite,Taio Cruz,5
24,0V2passWyAXnON67kfAj7y,ABCD,NAYEON,5
24,1XD4K4CGAKTIBmFpvuaFru,Dancing with your eyes closed,Jane Remover,5
24,4Xtlw8oXkIOvzV7crUBKeZ,Rompe,Daddy Yankee,5
24,6ouQW2sUweAmRKeYcvSyrC,Chop,Vundabar,5
24,2kRFrWaLWiKq48YYVdGcm8,Everything In Its Right Place,Radiohead,5
24,1sWYVBg7ix2WAq43J9nY7E,Are You Looking Up,Mk.gee,5
24,65FftemJ1DbbZ45DUfHJXE,OMG,NewJeans,5
24,4dVpf9jZjcORqGTLUaeYj9,Plain Jane,A$AP Ferg,5
24,1Tr4K5MU5XYE44umXGDndd,Once in a Lifetime,Talking Heads,5
24,3KxVQPuy6nYpm3lnAc6j37,Galice,Dean Blunt,5
24,1I4xuytDJx2ykIWLx8bhOp,i don't want to ask your father or anything,salvia palth,5
24,58k32my5lKofeZRtIvBDg9,HONEST,Baby Keem,5
24,2nslVYxt22gZWqj5sdUDPG,Fuso,Duquesa,5
24,17dThjNLsDRXsX855um2a1,never enough,otuka,5
24,1Pbs2eCcX9p2onaAvMYvhk,Bodys,Car Seat Headrest,5
24,0f8eRy9A0n6zXpKSHSCAEp,Infrunami,Steve Lacy,5
24,6NGRPL3AYwMAYkJh4EsZEU,Hearts A Mess,Gotye,5
24,2VRYSgoKZZamsXCqcGnEIG,"Yes, You May",Lucy Bedroque,5
24,7MXVkk9YMctZqd1Srtv4MB,Starboy,The Weeknd,5
24,2IMPPA9UZpqTnnVIy9lDHU,Love Me Back,fromis_9,5
24,1ZEOIhSn6BKErV59bIgn76,California Dreamin',The Mamas & The Papas,5
24,5AzO8bswSqsYtJIfVA2BqX,HARD,FKA twigs,5
24,3B0pDi9aLzcICJfBCA3Lgq,catch a kill,Destroy Lonely,5
24,4Ub8UsjWuewQrPhuepfVpd,Pompeii,Bastille,5
24,3G6hD9B2ZHOsgf4WfNu7X1,Team,Lorde,4
24,0SiywuOBRcynK0uKGWdCnn,Bad Romance,Lady Gaga,5
24,3rJDsZjIaCfJQSqRUvl0BM,Funeral,Phoebe Bridgers,4
24,15kuqWifv5GzGq3A2P6EbC,"Anthems For A Seventeen Year-Old Girl - From ""I Saw the TV Glow""",yeule,5
24,5lDixe3b2yQDQ18lAUoSWq,Wicked Game,Chris Isaak,5
24,15nElWknZsgnSIfVihVCQf,DIVINE,Stray Kids,5
24,7vpGKEUPrA4UEsS4o4W1tP,Amor de Que,Pabllo Vittar,5
24,6lKSOnC9iLGDonypMgvGrm,Too Much,Dove Cameron,5
24,5UW4tA4j23YL6kDfRw3rWT,mangetout,Wet Leg,5
24,11LmqTE2naFULdEP94AUBa,Heart-Shaped Box,Nirvana,5
24,0fVL6EBaQ2X12qQLiFgyg2,You Owe Me,Malcolm Todd,5
24,5URfZHMlUWTWxPvvSBWcPk,Beautiful Boy (Darling Boy) - Remastered 2010,John Lennon,4
24,2X485T9Z5Ly0xyaghN73ed,Let It Happen,Tame Impala,5
24,5sdQOyqq2IDhvmx2lHOpwd,Super Shy,NewJeans,5
24,79IgD1wf3xltQdDK3l5Why,In My Room,Julia Wolf,5
24,6ikgPqC9vhkduTdIpsqYdj,Megaman,Tay-K,5
24,11607FzqoipskTsXrwEHnJ,Sunday Morning,The Velvet Underground,4
24,7d6yK8v8J484SWH5prIQiE,VeLDÁ,Bad Bunny,5
24,4VXuwKDYsbWLwIWbUThQlh,there he go,sosocamo,5
24,7ncPjJBktLEOpstY5JOUMK,一途,King Gnu,5
24,7BgUcOjSOlKJXASLgJ6bx1,Bag Lady,Erykah Badu,5
24,4hSTvY4GQrNDC2TsCwhEFc,Lift You Up,Danny Brown,5
24,3gmcDVzsWcnLJyxpwOkMJq,Your Love,She Wants Revenge,5
24,0nj9Bq5sHDiTxSHunhgkFb,squabble up,Kendrick Lamar,5
24,6GG73Jik4jUlQCkKg9JuGO,The Middle,Jimmy Eat World,5
25,6qLEOZvf5gI7kWE63JE7p3,Interstate Love Song - 2019 Remaster,Stone Temple Pilots,5
25,3yOlyBJuViE2YSGn3nVE1K,My Oh My (feat. DaBaby),Camila Cabello,5
25,1vYXt7VSjH9JIM5oRRo7vA,Dance The Night - From Barbie The Album,Dua Lipa,5
25,228BgszmVZ6pui71BfXs6l,Charlie Brown Jr. - Ao Vivo - Chegou Quem Faltava,Charlie Brown Jr.,5
25,3kb38wezoUA8ki5jPYy3t5,Little Secrets,Passion Pit,5
25,48Qes8IUekSZpcNDQgYzUX,True Blue,boygenius,5
25,3siwsiaEoU4Kuuc9WKMUy5,No One Noticed,The Marías,5
25,6GNBpdqvyzEGUTOFmjz2MV,Euphoria,late night drive home,5
25,4w552MI4k7dwPHLjI8YOBy,Love Scars,Trippie Redd,5
25,209g8XrYu3ov4Wt4bRk2Yw,Shadow People,Dr. Dog,4
25,4mQtXW0vrHC3oTkA1mQsb0,Operator (That's Not the Way It Feels),Jim Croce,5
25,6N1sNzq3CArC1pMSaZTxaT,Right Now,Van Halen,5
25,7fEoXCZTZFosUFvFQg1BmW,Took Her To The O,King Von,5
25,3jjsRKEsF42ccXf8kWR3nu,Washing Machine Heart,Mitski,5
25,1hIj5fZhmr8hsEpWhMOoiy,Supernova,Kylie Minogue,5
25,1F5A4LpF8ylUVtPoMAvNvn,Raspberry,GROUPLOVE,5
25,53DDMPqgMWNrEeE3NjThKE,Cupid - Twin Version,FIFTY FIFTY,5
25,05lLXO1gallwajxAD4aTvE,Christmas Dirtbag,Wheatus,5
25,6YvCWIlMBJgQEm6i0POVbZ,3.5,ian,5
25,6sIMSl1n3KDPr03Fw8mujd,Next Lifetime,Erykah Badu,5
25,29JEOX0xLF9y6q8oILX2QH,Take Off Ur Pants,Indigo De Souza,5
25,0rAA7LLo607ItKLcaXo9ga,India Part II,Lil Durk,5
25,5WDLRQ3VCdVrKw0njWe5E5,Careless Whisper,George Michael,4
25,7DY756WOLyOz2Xnhw4EFiC,São Paulo (feat. Anitta),The Weeknd,5
25,7b2caacNgQW74qGvNyVQo1,I Love You,Fontaines D.C.,5
25,1ZozGivTAYsOwhy6LVHsPX,Kool Thing,Sonic Youth,5
25,5kh0looY2WhYNZmmTqtTaP,ON GOD,Shatta Wale,5
25,54ipXppHLA8U4yqpOFTUhr,Bones,Imagine Dragons,5
25,0otRX6Z89qKkHkQ9OqJpKt,Car's Outside,James Arthur,4
25,0a7BloCiNzLDD9qSQHh5m7,"Dance, Dance",Fall Out Boy,5
25,08PdFBcXzpkn1cWNgmKqhn,Promise,Laufey,4
25,07ZC0qJ896Hc3VPPPq1ckD,Mr. T,Westside Gunn,5
25,5m9uiFH9sK5wxRZdfN62n9,The Diary Of Jane,Breaking Benjamin,5
25,63Pi2NAx5yCgeLhCTOrEou,Headlock,Imogen Heap,5
25,3K4HG9evC7dg3N0R9cYqk4,One Step Closer,Linkin Park,5
25,0X1Bz7NKvIh90nIptl5tlG,Good Ol' Days,Hayley Williams,5
25,37ApccN7IgSrnuDYMbRNHU,Faço Acontecer,NandaTsunami,5
25,0rmGAIH9LNJewFw7nKzZnc,You Give Love A Bad Name,Bon Jovi,5
25,5E2y5TSb2RJNCO01QjkgLf,Days Like These,Luke Combs,5
25,6PNvv1dmDbOWrAYwEcuKBX,Criminal,Fiona Apple,5
25,1GCbc1vpkZA2zhjsSFhmHT,Fuck You,Lily Allen,5
25,5tFDgH6do20IXdSoNBAmXK,I Should Have Cheated,Keyshia Cole,4
25,0PsFsv5xUyX06ZhIEtFkeA,End of You,Poppy,5
25,3r8RuvgbX9s7ammBn07D3W,Ditto,NewJeans,5
25,70L6nHORQsblY813yNqUR3,Cherry Waves,Deftones,5
25,1PREzVLuDT6PSE9sej4wnV,COQUETA,Fuerza Regida,5
25,7J41dYQolQJEtj3UmKLu5r,U Got It Bad,USHER,5
25,62i0sGxRiIxbHLdXJE7Gj3,All Time Low - Live,Widespread Panic,5
25,2pA4ip3VIEVcIa3qE02oAX,"10,000 Emerald Pools",BØRNS,5
25,3CT4U4jJEagjIHg5PPph8X,Maria También,Khruangbin,4
25,2JoZzpdeP2G6Csfdq5aLXP,How Deep Is Your Love,Bee Gees,4
25,0O4sIQ728ugLlwBVaxF8UM,"Kokomo, IN",Japanese Breakfast,5
25,2yPoXCs7BSIUrucMdK5PzV,Umbrella,Rihanna,5
25,2vDC9iyQpY3EsioJD8pRiW,Fifty-fifty Clown,Cocteau Twins,5
25,3znSvEwBq09We4cxxmwlZM,Chains & Whips,Clipse,5
25,6LUGvXEAK8WxIBYK43uoTb,Back to the Old House - 2011 Remaster,The Smiths,5
25,3jAr9eD5SiwEOJS0EerIPq,LSD and the Search for God,The Blue Angel Lounge,4
25,52ooD6LHuXFubM6d1CDD93,YEAH RIGHT,Joji,5
25,2rbDhOo9Fh61Bbu23T2qCk,Always Remember Us This Way,Lady Gaga,5
25,1gnZ2VCdVUHSgiBKrzdeK8,Monitor,Siouxsie and the Banshees,4
25,3CRDbSIZ4r5MsZ0YwxuEkn,Stressed Out,Twenty One Pilots,5
25,7qdFz1dTJqgdVe6NA4F4DP,Beef FloMix,Flo Milli,5
25,2iIBpwP4FyQ95xgVail3yr,No_se_ve.mp3,Emilia,5
25,1q8DwZtQen5fvyB7cKbShC,Walkin,Denzel Curry,5
25,2grjqo0Frpf2okIBiifQKs,September,"Earth, Wind & Fire",4
26,58XWGx7KNNkKneHdprcprX,Rock You Like A Hurricane,Scorpions,4
26,6ZaiqbV2GfUtrUlhsu58fN,Step On Me,The Cardigans,4
26,3K7xYRXPFDVyen7cZF5Zk2,Get Back Up Again,Anna Kendrick,5
26,5zUQZjVB6bfewBXWqsP9PY,Here,Alessia Cara,5
26,6jNM6fKx3WnyHbWBI9hs2r,Cinema (feat. Gary Go) - Skrillex Remix,Benny Benassi,5
26,0NSKePv9EAvvCL4YHiMfUv,Over & Over,Rio Romeo,4
26,6gBjUipB0ZxHd1BvwdJTDQ,People Watching,Sam Fender,5
26,4Bjwyj8KM85xblkSt5A24j,Run To The Sun,N.E.R.D,4
26,0YJjl4SSIBx3h7L5M9OgiG,Le Jerk,Thierry Hazard,5
26,6VnpKLtfNH4Dk09YSGPSyR,It Ain't Over 'Til It's Over,Lenny Kravitz,4
26,5KeZP79cY8HJpkrbPXEsNC,Aurora,Calmly,5
26,7dkaVu8FKwUmoISvrNp1e5,Baked Chicken,So Supa,5
26,7Gs3otHnZDq514kFHf0nx7,Blue Notes,Meek Mill,5
26,6d8owCU2kQ63h5bB8YYjv3,Pam Pam,Wisin & Yandel,4
26,7nc7mlSdWYeFom84zZ8Wr8,Tell Em,Cochise,4
26,6VK8OMA2FhX4KoS3QCH7rL,Aria Math,C418,4
26,1DqdF42leyFIzqNDv9CjId,Dynamite,Taio Cruz,5
26,40MskkY7wsFIzhPy19NNTP,Emo Boy,Ayesha Erotica,5
26,4w552MI4k7dwPHLjI8YOBy,Love Scars,Trippie Redd,5
26,1H5A1GNZUv4eUf1t9RFdid,Magic,Olivia Newton-John,4
26,6JgHKt0WwdwlXIht6M0mqa,I'm So Tired,Fugazi,3
26,0PgsB53yhlKs8D19LgYU4i,Se...,Djavan,4
26,4xdBrk0nFZaP54vvZj0yx7,HOT TO GO!,Chappell Roan,5
26,5naar7XewEOAjOywIp6Jjq,Remember When,Wallows,5
26,6EJiVf7U0p1BBfs0qqeb1f,Cut To The Feeling,Carly Rae Jepsen,5
26,3bpGAsjsCIMTz98E7injb2,Impostor Syndrome,Sidney Gish,4
26,6AioOohg4bQZFA4jIYQQ2r,Forty Six & 2,TOOL,5
26,5cQU9P6Ak8rJ9Cwy3gHd1k,Home Alone,Glokk40Spaz,5
26,2jJIxT6WAIVWzDo3Ou53Q0,Pursuit,Gesaffelstein,5
26,2AY1UAimvTqjJC8vDJsOyy,Mayores,Becky G,5
26,3ZOEytgrvLwQaqXreDs2Jx,Can't Stop,Red Hot Chili Peppers,5
26,0PDUDa38GO8lMxLCRc4lL1,PILLOWTALK,ZAYN,5
26,1XrSjpNe49IiygZfzb74pk,What Once Was,Her's,4
26,6uTPdRrEDeH8Fyg5L5qmeU,Never Lose Me,Flo Milli,5
26,4IhKLu7Vk3j2TLmnFPl6To,Water Fountain,Alec Benjamin,5
26,1QrbZhFYlViXd60g130vw1,Caramel,Sleep Token,5
26,3nEHrvNNtgLv9rneTAYVr4,Heaven Takes You Home (feat. Connie Constance),Swedish House Mafia,5
26,608gR8geDwag74CiyseUsH,HEAVY LOVE,Odetari,5
26,0xiySkh9JAa1f3r6MdBUa3,Thirst Trap,Audrey Hobert,5
26,5GKwq4sO5ZHKuWaDmdwMQc,Bad Boy,Red Velvet,5
26,7HacCTm33hZYYN8DXpCYuG,I Like It,Enrique Iglesias,5
26,0bMoNdAnxNR0OuQbGDovrr,ANTIFRAGILE,LE SSERAFIM,5
26,4nVBt6MZDDP6tRVdQTgxJg,Story of My Life,One Direction,5
26,1ZozJfi8u9cO2Ob8KwiwNT,Higher,Creed,5
26,6OG7D7kfDJcB9bDmTPO0NS,"America - From ""The Jazz Singer"" Soundtrack",Neil Diamond,5
26,6OekoYTXR04L76vKdzrqjw,That Old Black Hole,Dr. Dog,4
27,02YWpfMAUVTvsbhu3QO9fM,Sleep Talking,Indigo De Souza,4
27,39shmbIHICJ2Wxnk1fPSdz,Should I Stay or Should I Go - Remastered,The Clash,5
27,4KT5XGQTXXhVMNHy6sQAyq,Chillin,Jeremih,5
27,3bR8wBqLky6b61ROJlaBEF,"Ai, Amor",ANAVITÓRIA,5
27,23Dapn8107GgxvXDIsPwWm,stupid horse,100 gecs,5
27,6ziZOtSbJ13tlxXmY1rCKr,Seasons In The Sun - 2023 Remaster,Black Box Recorder,5
27,2qOm7ukLyHUXWyR4ZWLwxA,It Was A Good Day,Ice Cube,5
27,7GPstnufSTScEaw9dMxO9H,Childs Play (feat. Chance the Rapper),SZA,5
27,6fjl6Ekn2hE7U9TLJ8teY0,Some Protector,ROLE MODEL,5
27,1zKnyGMHUfR8zAzBJRpz5w,High In Low Places,Beach Weather,5
27,2tUBqZG2AbRi7Q0BIrVrEj,I Wanna Dance with Somebody (Who Loves Me),Whitney Houston,4
27,0puf9yIluy9W0vpMEUoAnN,Bang Bang,Jessie J,5
27,0XV1JDs3dmxXmV2u46tie8,Absence,Rio Romeo,5
27,0elmUoU7eMPwZX1Mw1MnQo,The Way You Look Tonight,Frank Sinatra,5
27,46RNrAkGsqWTDrv2ZPOAbx,Moon Song,Phoebe Bridgers,4
27,6aJn7Cst74cj4lNIiPRgav,Touch,KATSEYE,5
27,5pZupzhQ1KAq8sFtFxS3nG,Becky,Plies,5
27,7yzbimr8WVyAtBX3Eg6UL9,Hallelujah,Leonard Cohen,5
27,7uo7pjCnaM4ZDHdEahGaBO,<3 me,Nettspend,5
27,5zNxUkUW9WiV5oyg6gh2wB,DANÇARINA,PEDRO SAMPAIO,5
27,4A1t2K9lsLZWb5oHAtT9xs,Horn,Nick Drake,4
27,19Dhj2zNpcTX2mBYrxlkax,TMW,Avenoir,5
27,6cbZb9mVAc5s8HtwklLoI0,Cheguei,LUDMILLA,5
27,3EYOJ48Et32uATr9ZmLnAo,Roxanne,The Police,5
27,611WshW3yQKLCQ2pTCOii4,Screaming,Loathe,5
27,4mVZ9cv6pGt36VNjm6CTue,fml .,fakemink,5
27,5h5sJvkKdIfC4yjALOmPn7,Massive Attack,Nicki Minaj,5
27,7gUpO6td4OOnu0Lf9vhcIV,Lights - Single Version,Ellie Goulding,5
27,3vQ4T78TTMOjQXGfXVKQJo,Redbone,Childish Gambino,5
27,7EkWXAI1wn8Ii883ecd9xr,Freaks,Surf Curse,4
27,5fJAYWoFgXm26HLNViFiUh,Porcelain,Moby,5
27,6oJ6le65B3SEqPwMRNXWjY,Higher Love,Kygo,4
27,0am001WwFBVGDGLwRh3ixi,Rather Be (feat. Jess Glynne),Clean Bandit,5
27,5Up171bDTYbyUP1dWT9Ln2,Racks Blue,Nine Vicious,5
27,03ThZweiBWFP8tOGsk6QMO,Russian Cream,Key Glock,5
27,4yeILpRczJAXG6kAsE7pGk,Deceptacon,Le Tigre,5
27,03xX7PPVdCNzjlj4K4ftiz,Wok & Minute Maid,Loe Shimmy,5
27,1HL3yEnYq8LEyFQ3QegA5V,Crash into Me,Dave Matthews Band,4
27,6AfLmKXzhEZjwiVPs5jhdV,Hella Good,No Doubt,5
27,3ddJ8Vbc5tYPxq5zKRVke6,Coleccionando Heridas,KAROL G,5
28,6klFWv2xDGeTDoiKTtx4hg,Everyone Adores You (at least I do),Matt Maltese,4
28,0xaQ86cGRgcF8wwP1SkXsb,So Be It,Clipse,5
28,3eBHh35RljNlNtM3KhKhmM,Everyone Adores You (quiet),Matt Maltese,4
28,55N0YHhO55Q1lWsc4dDPcI,A World Alone,Lorde,4
28,5frIKPPZpsKYguxGCKs9xT,migraine,jaydes,5
28,0hta2Lb2zKJ7kEnAEZEE3G,Nope your too late i already died,wifiskeleton,5
28,7glKwbR1DyuIuE6XvZvJbQ,#3,Aphex Twin,4
28,0KzAbK6nItSqNh8q70tb0K,Where Is My Mind?,Pixies,5
28,32VIrOsJmwvqRm4rWFBCsi,Shiver,John Summit,5
28,5psSRwJyVXRmJJ4PIwf5B1,El Profeta,Los Huracanes del Norte,4
28,3Oha4ppBoqoRQ0GkIJ5CVI,Future Tripping,Hilary Duff,5
28,4JE6agBLHGA5TaF6FlqfBD,As the World Caves In,Matt Maltese,5
28,2a1o6ZejUi8U3wzzOtCOYw,Danza Kuduro,Don Omar,5
28,6TT7B4MigCJCc0tqKYEpZC,Moves,Suki Waterhouse,4
28,3WibbMr6canxRJXhNtAvLU,B.O.B. - Bombs Over Baghdad,Outkast,5
28,5rfOARz6QO73wPATyMtQQZ,DANCE...,Slayyyter,5
28,5ohfpKB5tt275f4Y4lQ9F7,Angel Of Death,Slayer,5
28,0zXnqruuTKhV7dTmbaO52L,Sunset,LUCKI,5
28,0wokCRaKD0zPNhMRXAgVsr,Ordinary World,Duran Duran,5
28,2oRNyf4qlAzGz6LljMcDJp,cliche,2hollis,5
28,1WIZiOuNO3woKfdlSK2gNn,Transportin',Kodak Black,5
28,6fL8iaSdwmSTQiUv9K6L4h,Faneto,Chief Keef,5
28,75c2zaSdDBSX0A8Jyvm4fO,older,Isabel LaRosa,5
28,2VSNcIG1cSDoa9VJXwyBMK,WIRED,Basement,5
28,4MagTPnkPiDuIa4P8GtW1b,I Like Me Better,Lauv,5
28,5floNyItopWZyB4IzKrJtW,トーキョーレギー,Masayoshi Takanaka,4
28,37ApccN7IgSrnuDYMbRNHU,Faço Acontecer,NandaTsunami,5
28,2WFNSeBczMYbMnGkDW7LyR,the prom,glaive,5
28,7zsXy7vlHdItvUSH8EwQss,Cold Water,Major Lazer,5
28,5hXEcqQhEjfZdbIZLO8mf2,Everything She Wants,Wham!,4
28,2GH5jo15wbTv1Ll7zXEzSg,Fantasy,"Earth, Wind & Fire",4
28,4LwU4Vp6od3Sb08CsP99GC,The Next Episode,Dr. Dre,5
28,0eQganxUgg7ilYNpSdNzwP,Thank You,Estelle,4
28,6w6SW8zyEcyxwSR7Wya45a,Blue Suede,Vince Staples,5
28,7hsulgRNgbyczeAg8tChCB,NEVER,JID,5
28,0K1KOCeJBj3lpDYxEX9qP2,Sleeping With A Friend,Neon Trees,5
28,6TfBA04WJ3X1d1wXhaCFVT,"You're Gonna Go Far, Kid",The Offspring,5
28,5jzKL4BDMClWqRguW5qZvh,Teenage Dream,Katy Perry,5
28,5hnyJvgoWiQUYZttV4wXy6,Chasing Cars,Snow Patrol,5
28,3d8PDk3B4am5c6TsUCznUW,Shut It Down,Drake,4
28,14N3tALR3Mhf7UHpJRKk4L,Twin Size Mattress,The Front Bottoms,5
28,4DhTBCvoemYivBVHkk7RKI,Cafuné,Micro TDH,5
28,1BZG99C7Co1r6QUC3zaS59,Same Old Love,Selena Gomez,5
28,7CIvyuVoWcY0LgUYa1aR5J,SOLO STEPPIN CRETE BOY,Lil Yachty,5
28,3oEkrIfXfSh9zGnE7eBzSV,The Winner Takes It All,ABBA,4
28,4UFj2SLrRhYDPedJWO5bwk,What they say,Nettspend,5
28,4Kw3CztmD15X1QGDnnHmLD,Auto Pilot,Migos,5
28,3znSvEwBq09We4cxxmwlZM,Chains & Whips,Clipse,5
28,5kkFgrqzq4WV46z9d1hT16,Slow Chemical,Finger Eleven,5
28,2PdIo7ewQPuAsP99LVg9uy,Wrong Way,Sublime,5
28,2Bhmj4XK33InfhqKPxcJ1v,Dile al Amor,Aventura,4
28,0V8jGgK39sLsj2yAHHPigU,Go Outside,Cults,5
28,1DunhgeZSEgWiIYbHqXl0c,Latch,Disclosure,5
28,3qpXQspF03nEkP7T04v1xg,We Had to End It,Cuco,5
28,6pdyvJQkPkwo2WoDH7tFHO,Killshot - Slowed + Reverb,Magdalena Bay,4
28,4etRRTZx5odrdgKiZqGSZ6,Pretty Boy,P1Harmony,5
28,4wG82w1L31yQhgGiWt6gIb,Stubborn Love,The Lumineers,4
28,0YMe6PHRbeDcN7KJdCG0bW,The Dress,Dijon,5
28,2LXISHBkx8FyoxCBkckh19,Do It Again,Steely Dan,4
28,5VWC7v2dC2K0SIIjT9WTLN,Welcome to the Machine,Pink Floyd,4
28,4IdcRddA9tKLvTwpymycpU,Know Who You Are At Every Age,Cocteau Twins,5
28,6biYyPpqzIJAk3XjB0yhfG,Adaline,Tyce Delk,5
28,4myFsmx2v6znDOJfn3IkbD,Popular Monster,Falling In Reverse,5
28,6S6CUSURdfPl2RLbQOLmw6,I Need You,Vundabar,5
28,4xqrdfXkTW4T0RauPLv3WA,Heather,Conan Gray,5
28,05RgAMGypEvqhNs5hPCbMS,Panama - 2015 Remaster,Van Halen,5
28,7CZyCXKG6d5ALeq41sLzbw,Take What You Want (feat. Ozzy Osbourne & Travis Scott),Post Malone,5
28,3Ua0m0YmEjrMi9XErKcNiR,Like Crazy,Jimin,5
28,1zIb1bYJAo1UdR2Xf4oESb,Exotic,Lil Baby,5
28,6eYJZ8lvmp0xLUTrjTitW3,say dat,sosocamo,5
28,7nnWIPM5hwE3DaUBkvOIpy,Drive,Incubus,5
28,0T5iIrXA4p5GsubkhuBIKV,Until I Found You,Stephen Sanchez,5
28,5Nt2FMqnKI2mlp7lztURNo,KEHLANI (REMIX) [feat. Kehlani],Jordan Adetunji,5
28,4Ub8UsjWuewQrPhuepfVpd,Pompeii,Bastille,5
28,1QEEqeFIZktqIpPI4jSVSF,More Than a Feeling,Boston,4
29,6jlG8gBPNAgBgoivw2Ig09,DEVIL IS A LIE,Tommy Richman,5
29,13lZDbwonGhOflQLQIfdtZ,We're Going to Be Friends,The White Stripes,5
29,5FuHvT4gCAx3DS1USi8jBm,Girl Like Me + Oklou,PinkPantheress,5
29,4x2PkqSLtuwv53hLqq4GiY,Backburner,NIKI,5
29,1Dp7ASSZVVOPJ85VdLpjOX,Seventeen Going Under,Sam Fender,5
29,4H5IIB59VUhqiUcsyrD0Lr,better friends,BETWEEN FRIENDS,5
29,7vS3Y0IKjde7Xg85LWIEdP,Problem,Ariana Grande,5
29,3pXF1nA74528Edde4of9CC,Don't,Bryson Tiller,5
29,3j84U36KvLeXNDPv4t5pI8,Pure Water (with Migos),Mustard,5
29,0wps7rop5iHwBo0rQZ2g9A,Bonfire,Childish Gambino,5
29,1lKI9y1DL6QnYTZguVmACX,La Media Vuelta,Luis Miguel,4
29,5RBOcBpJXaNnHCGViJmYhh,The Perfect Girl,Mareux,5
29,7J41dYQolQJEtj3UmKLu5r,U Got It Bad,USHER,4
29,516v2eji9NjkmsYc9PErx4,Cha Cha,ZEDDY WILL,5
29,5OsHySqSwYLLfot5EswbON,Altitude,Montell Fish,5
29,4emEXP671dnpn1thHrogSe,Julieta,LATIN MAFIA,5
29,63LVYnGJmWjNnmHiOVsGhe,Iron Maiden,Ghostface Killah,5
29,2Ijitr9PXxd3iSwrnK3eAE,One Minute More,Capital Cities,5
29,4wEbikMfcSFAukCbbL06si,No Vaseline,Ice Cube,5
29,2TVxnKdb3tqe1nhQWwwZCO,Tiny Dancer,Elton John,4
29,5NvOZCjZaGGGL597exlQWv,Line Without a Hook,Ricky Montgomery,4
29,2J6OF7CkpdQGSfm1wdclqn,Clouded,Brent Faiyaz,5
29,03xX7PPVdCNzjlj4K4ftiz,Wok & Minute Maid,Loe Shimmy,5
29,3K4HG9evC7dg3N0R9cYqk4,One Step Closer,Linkin Park,5
29,3wGXyJGsCf1myH5MooQIqE,The Race,Tay-K,5
29,7EqpEBPOohgk7NnKvBGFWo,Wait for It,Leslie Odom Jr.,4
29,7FdS8jLabsc3ym9VY8kGjK,Art of War,Avenoir,5
29,5sE9XpE2ukIwC2sYhIvUrs,Made Sum Plans,OsamaSon,5
29,2IOeOJyiuzwF8BRAK9jJyj,The Logical Song,Supertramp,4
29,0eEXcw3JLVXcRxYrVYMy68,Electric Relaxation,A Tribe Called Quest,5
29,4Yqy0GpeDEXLibWJCZyQew,Kickstart My Heart,Mötley Crüe,5
29,7fcfNW0XxTWlwVlftzfDOR,Walk,Pantera,5
29,58q2HKrzhC3ozto2nDdN4z,I Like It,Cardi B,5
29,4cluDES4hQEUhmXj6TXkSo,What Makes You Beautiful,One Direction,5
29,7uzmGiiJyRfuViKKK3lVmR,Mine,Bazzi,5
29,3qeN3DNgpRbPGnxP9N6I7y,Good Kid,Chris McCarrell,4
29,6rUcS9i07F6okIe8wujs5J,Lemonade,Gucci Mane,5
29,5qHirGR7M9tdm6C17DlzSY,REEL IT IN,Aminé,5
29,62bOmKYxYg7dhrC6gH9vFn,Bye Bye Bye,*NSYNC,5
29,1ia019RqDK2o4QiANR1Dyn,Moment 4 Life,Nicki Minaj,5
29,67MIHtWtMCW5f4FMoQwOdl,I've Found Someone Of My Own,Cal Smith,3
29,0aVd7QiY8BstysHb62c5Fi,seasons,wave to earth,5
29,2RnB5R79oLcE8lCQbiaUZf,Art of War,Avenoir,5
29,5hc71nKsUgtwQ3z52KEKQk,Somebody Else,The 1975,4
29,2saiiXH63lUebPVEFf0Ysa,CHARME,Liniker,5
29,6RM6SBmaiv1ouUxh9nmQLj,Easter Pink,fakemink,5
29,50PyquzZ9BaBwLZZd1AuuV,Close To You,Dayglow,5
29,48CTcM7RwNiKfZfI7qkcry,Vines,Cameron Winter,5
29,2NAT52rmZWuQWv3F3SolId,Chu~♡,f(x),5
29,2fDdW9LPYBD5KwYXRYpWce,Sin Triangle,Sidney Gish,5
29,76Ku9OBFK1NjMylR8r4WLK,Gang Baby,NLE Choppa,5
29,7yT4NJt5rgmVoMJMGPULcj,Backseat,Balu Brigada,5
29,3huV7eiNpaQlCB3LbZi9bB,Bad Habit,The Kooks,5
29,21IYMdzTrzSe191Cy5eMap,Sailor Song,Gigi Perez,4
29,4LGMSdeKOUoy5Wf75Je0Hl,Can I Get A...,JAŸ-Z,5
29,5XXIxpBSlDq3r8VyZGyDUZ,Nun 4 No Schmuck,Glokk40Spaz,5
29,0Dwuu9GOstPuAAVsCv7NZb,Never Tell Freestyle,Remble,4
29,0d8OzTCvIWtNrZLflzHed0,Supergirl,Dream Chaos,5
29,6EUcP55GlbmsmCzfL2vxtZ,on one tonight,Gunna,5
29,3sUwKYPGWdJh2uNmexndza,I Am Impossible,Lucy Bedroque,5
29,6PBPTmD3sBFt16vjSd4L5Q,TUDO,Liniker,4
29,5vTD9vLsJ979ug2rz3d6US,Hey - Slowed,Luci4,5
29,4SQLQfcR0vhyIN4uPBlc0d,Bang!,AJR,5
29,5GYbkDveRD2I8M5ZJ14hWn,Never Say Never,Justin Bieber,5
29,2VyaGJJI8dOiv36F8vHZIL,Slow Down,Chase Atlantic,5
29,6BGNjTZ8zp9MlsIydBa7A9,For Lovers,Lamp,3
29,1LzZQqP7rgemZw2JCZvo4N,She Ready,Key Glock,5
29,3tkxfORwPo2zydAf25YFOc,Care,Sonder,4
29,3C41w4YPDCfGuxzQNjvk8O,Quality Control,Jurassic 5,5
29,0J7NIJ4cWEbglTRdTjKUHY,It’s About Blood,Steve Earle,5
30,3kJLxsBFS9f0tzJ3THg9pF,In Da Party,smokedope2016,5
30,7LRMbd3LEoV5wZJvXT1Lwb,T.N.T.,AC/DC,5
30,1Ukxccao1BlWrPhYkcXbwZ,From The Start,Laufey,5
30,6KS5iyM4uDuJ6oAacMSXha,Princess Going Digital,Amaarae,5
30,11VwZwNF29HrqwalYUMitb,Pale Blue Eyes,The Velvet Underground,5
30,6FCfj69zzQHnrx4fTukhfo,Bulls on Parade - triple j Like A Version,Denzel Curry,5
30,3ebXMykcMXOcLeJ9xZ17XH,Scared to Be Lonely,Martin Garrix,5
30,0mRQp2HsSqX1MZuMvonAPN,Let Me Roll It - 2010 Remaster,Paul McCartney,4
30,5L0d4gFfxGNITmevcFfHnA,P.I.T.T.Y. (Parecendo Uma Cafetina),NandaTsunami,5
30,1mea3bSkSGXuIRvnydlB5b,Viva La Vida,Coldplay,5
30,2DHc2e5bBn4UzY0ENVFrUl,Carry Out (Featuring Justin Timberlake),Timbaland,5
30,7J1uxwnxfQLu4APicE5Rnj,Billie Jean,Michael Jackson,5
30,65krtHkaYLPr0mEbjL61UP,Kiss of Life,Sade,5
30,4hrxPxnI4hCZdUusjcGaXh,Clouds,Pastel Ghost,5
30,2a9CuEjc7XIux8YLOEVKpv,12 Feet Deep,The Front Bottoms,5
30,1auxYwYrFRqZP7t3s7w4um,Ni**as In Paris,JAŸ-Z,5
30,1DqdF42leyFIzqNDv9CjId,Dynamite,Taio Cruz,5
30,1KuNhOubescxn3xD6WNI7Q,Do It,Stray Kids,5
30,22W6wI4hDTjMAYKKBQW9dU,D-Day,Agust D,5
30,1AJHaJFNM2Q4UpJ1fG1bIi,Ssx,The Hellp,5
30,4qkiVYEL9WvPa99NmpUCmX,Outta My Mind (Touch),Chrystal,4
30,52DKGPMQ21DauCR19pQ0BK,That Smell,Lynyrd Skynyrd,4
30,1jlG3KJ3gdYmhfuySFfpO1,I'm with You,Avril Lavigne,5
30,6tDxrq4FxEL2q15y37tXT9,Dear Mama,2Pac,5
30,1WIZiOuNO3woKfdlSK2gNn,Transportin',Kodak Black,5
30,2KufM8PiQY4i52XhRL96Fd,Champagne Coast,Blood Orange,5
30,6GCcY6dVDVGxo52OZq9HVW,Sideways,Balu Brigada,5
30,5cjagrNaegv6IQZKflkPTf,I Love You So - Acoustic,The Walters,5
30,4dmCLAZbWYT0qtcG7GVMdb,L.E.S. Artistes,Santigold,5
30,17dThjNLsDRXsX855um2a1,never enough,otuka,5
30,4PYTMO1VMWLPVvGUtqkUwv,Higher,Taio Cruz,5
30,5NqOsPI4rA9Bl6LcCftzI2,Magic,Lil Skies,5
30,34Yl756FwYuZldE9xnshj5,if u think i'm pretty,Artemas,5
30,0Hf4aIJpsN4Os2f0y0VqWl,Feel This Moment (feat. Christina Aguilera),Pitbull,5
30,7kVoPBSlGghzLoQjODkxGD,Your Graduation,Modern Baseball,4
30,068qLxVcfQ6DlJYLCKHcX2,青嵐,Hatsune Miku,5
30,6S7mmHgyWOG6pIYuL4YrfQ,Right Here,Staind,5
30,3a1lNhkSLSkpJE4MSHpDu9,Congratulations,Post Malone,5
30,1fDsrQ23eTAVFElUMaf38X,American Pie,Don McLean,3
30,4wG82w1L31yQhgGiWt6gIb,Stubborn Love,The Lumineers,4
30,6RvTtRyn7zVayLUWAJxd5Z,Hentai,S3RL,5
30,75TDPu9k7Yv3IovdYaNCwk,Cooks,Still Woozy,5
30,0V2passWyAXnON67kfAj7y,ABCD,NAYEON,5
30,2q4F6OpQgx9umNB9uGFPYo,RATCHET SATURN GIRL,Aminé,5
30,3ZgkHyoKfNMcHTXC0X1qQj,Cloud 9,Beach Bunny,5
30,3zhbXKFjUDw40pTYyCgt1Y,What is Love?,TWICE,5
30,67Hna13dNDkZvBpTXRIaOJ,Teardrop,Massive Attack,4
30,4Se3fXoHJkcraQzJXo2IYn,Monëy so big,Yeat,5
30,643gyipSU7dkmrFhJ8UAIm,Pulsewidth,Aphex Twin,5
30,6RJdYpFQwLyNfDc5FbjkgV,Stricken,Disturbed,5
30,6xqCTPxYnRf8X0p6N5Vw2T,Ooh La,The Kooks,5
30,5IZXB5IKAD2qlvTPJYDCFB,I Had Some Help (Feat. Morgan Wallen),Post Malone,5
30,77q9G0H5wnXlT9OWm1QXTc,Blow Me,fakemink,4
30,5cZqsjVs6MevCnAkasbEOX,Break Stuff,Limp Bizkit,5
30,3rJDsZjIaCfJQSqRUvl0BM,Funeral,Phoebe Bridgers,5
30,1yjY7rpaAQvKwpdUliHx0d,Still into You,Paramore,5
30,0W4NhJhcqKCqEP2GIpDCDq,Love,Keyshia Cole,4
30,1KIJclzEbNhSVw8tiHPWwE,Young,Vacations,5
30,7aHmvUghK3XCEqNRbUeAn4,This Hell,Rina Sawayama,5
30,467t3218y3yihFcyDGWjr0,Skin,Dijon,5
30,1eUGmzzvahJjOSWgDHuRlv,Girl With The Tattoo Enter.lewd,Miguel,4
30,0AUvWawuP0ibk4SQ3sIZjk,Daisy,Ashnikko,5
30,2P4OICZRVAQcYAV2JReRfj,Waiting For Love,Avicii,5
30,13q9jx4F8R2SEhIMGiZiV5,All About Us,t.A.T.u.,5
30,5g7rJvWYVrloJZwKiShqlS,Dirty Paws,Of Monsters and Men,5
30,59hVbgr8rfYkDbHfr8RcGI,IRIS OUT,Kenshi Yonezu,5
30,4LhgwcTWwJQc6DFTkLXVEc,Legends Never Die,League of Legends,5
30,2bLqfJjuC5syrsgDsZfGmn,The Way I Are,Timbaland,5
30,1I4xuytDJx2ykIWLx8bhOp,i don't want to ask your father or anything,salvia palth,5
30,10wJ35whDsMVQ04fhkR5QS,BEAT UP CHANEL$,Slayyyter,5
30,2lpygKqzPFtItQ4ss3cgfb,Cinderella (feat. Ty Dolla $ign),Mac Miller,5
30,0KzAbK6nItSqNh8q70tb0K,Where Is My Mind?,Pixies,5
30,1ObS8I1dTlxdYM59TsZAmi,Days,Ravyn Lenae,4
30,1QFw2xxyQtgKjlrMCEqsNj,Papaoutai,Stromae,5
30,6NKdgzbc4saTTaO0DkPAkJ,Don't Take the Night Away,Chris Rainbow,5
30,4bnq2OQUwACkp2vCEbY52g,Forever Ever (feat. Young Thug & Reese LAFLARE),Trippie Redd,4
30,4EHv5m2D0zDYYAu4xZoYwm,Death Grips Is Online,Death Grips,5
30,6gXFJfFXak5OWHXh6Raf8H,Desert Rain (feat. Vika Jigulina),Edward Maya,5
30,5BXr7hYZQOeRttkeWYTq5S,ASAP,STAYC,5
30,5467KZaTToEB680WvOd9w5,Ocean Prime (feat. Boldy James),The Alchemist,5
31,3598iBWrS4JhJqP5tHlpVK,THIS IS FOR,TWICE,5
31,0nrRP2bk19rLc0orkWPQk2,Wake Me Up,Avicii,5
31,3kC9DfsdTzKXnGyxOrXXUf,Life,The Walters,5
31,6pmZMP2ET1OJi5rKfLO8jD,3:15,Bazzi,5
31,5CscrLqFBgPfZR8fGtikov,making the bed,Olivia Rodrigo,5
31,2Lumsra3kuU61wXkEKzKaK,Disco,Surf Curse,5
31,1UcyzhmBDfdw07DiuT7DEG,The Perfect Girl - The Motion Retrowave Remix,Mareux,5
31,4dneV7C1yDt9UtyxrQY375,Boys Don't Cry - Single Version,The Cure,5
31,4xXs19rQjd2qxa9OT5stfP,Milky Way,Ethan Feather,5
31,1vYXt7VSjH9JIM5oRRo7vA,Dance The Night - From Barbie The Album,Dua Lipa,5
31,35ntAtdvK9V3xJI98umZMK,She Needs Me,Marvin Gaye,5
31,53PkA8aXiwH4ppa0V0iO7o,oh baby,LCD Soundsystem,5
31,7sMZ7doYb71bHK8tqviTCu,The Rolling Stones,Cameron Winter,5
31,4tU1vbxn9rvUv9VuAUXERx,Ain't it Funny,Danny Brown,5
31,4cwb11VlH6JanT0s8g7KNO,Mimosa (Now And Forever) (feat. Nyasia),Alok,5
31,5QJuMhGWTUB4t9BqR7ndL3,Make Me Your Queen,Declan McKenna,5
31,4MTgIH5OZQHAbdBWgbKSAb,MUKANJYO,Survive Said The Prophet,5
31,5hRKVQmwR2ZcWkf9XEybYE,One Way!,Autumn!,5
31,2nMeu6UenVvwUktBCpLMK9,Young And Beautiful,Lana Del Rey,5
31,4FEr6dIdH6EqLKR0jB560J,Rosemary,Deftones,5
31,5atFAXIgMXP378op4FaxBm,I'm Your Man,Leonard Cohen,5
31,2oENJa1T33GJ0w8dC167G4,Fire Burning,Sean Kingston,5
31,27sBcXtgTBSJRdUxei1a7J,Sexy Villain,Remi Wolf,5
31,2O2kaMSTwJqeKaE44YNthA,4AM,KID BRUNSWICK,5
31,5bcTCxgc7xVfSaMV3RuVke,"Feels (feat. Pharrell Williams, Katy Perry & Big Sean)",Calvin Harris,5
31,5ZdqVCiXrvMGpY8cux5g8t,Conceited,Lola Young,5
31,1FTSo4v6BOZH9QxKc3MbVM,Song 2 - 2012 Remaster,Blur,5
31,1tNJrcVe6gwLEiZCtprs1u,3 Nights,Dominic Fike,5
31,2C3B3dva983HPMojFqWLOp,The Trooper (2015 Remaster),Iron Maiden,5
31,0C13P4IghHNFPjt4zIJ8vX,Baby,Gal Costa,5
31,6XYJ6RL7GkuDtLxXnsAPkd,Bobby James,N.E.R.D,5
31,27tX58NOpv1YKQ0abW7EPy,Hurt,Nine Inch Nails,5
31,5GpfyJrKHJI36jDKtQiyGN,Golden Brown,The Stranglers,5
31,0620OecAlwJQxWieRW4L9s,Bless the Telephone,Labi Siffre,5
31,2kvpHbQHp9QmcG9WhyLwco,Daytona,Cris MJ,5
31,0phzfJn8NeT1LkbqfV2peI,Lejos de Ti,The Marías,5
31,6KFQdIB3njXBQNcg1xUh9U,One Thing,Lola Young,5
31,0oufSLnKQDoBFX5mgkDCgR,Trust,Brent Faiyaz,5
31,0ryWwDkI0VcjMYJBrN9Fir,GOD & GUNS N’ ROSES,Tyler Braden,5
31,6XHNIbru8xGohLzHNgxQvF,Forever Young - 2019 Remaster,Alphaville,5
31,5RhxBpoCwX2vLBcSJzYa5j,Round & Round,Selena Gomez & The Scene,5
31,6EUcP55GlbmsmCzfL2vxtZ,on one tonight,Gunna,5
31,5EJA7Rwkeuvm98CZg0XXNO,What Would I Do?,Strawberry Guy,5
31,5JwK7v6XhG0YgqDuCgzOy8,And She Was,Talking Heads,5
31,0iOZM63lendWRTTeKhZBSC,"Mrs. Robinson - From ""The Graduate"" Soundtrack",Simon & Garfunkel,5
31,0tGqk0HlYMQ16aj7yJwleF,Pretend,alex_g_offline,5
31,3EXrtClWmgsM7dw75Mw2M1,When You're Gone,The Cranberries,5
31,3Uvx1TO0Kg5HgGPk58lHXv,How's It Going to Be,Third Eye Blind,5
31,4dTaAiV9xFFCxnPur9c9yL,Memories (feat. Kid Cudi),David Guetta,5
31,1f1wT6Q7Buxb3OD0BqMW8O,I See Fire,Ed Sheeran,5
31,1RM4jcne1iJXnxX1vuGJC0,Entry Four,Jaydes Archive,5
31,0FO4lzbW7ufcYSc1iHune9,Seagirl,King Krule,5
31,1pLCpA1RN8avJxSD3ZCwhj,Pa' Que La Pases Bien,Arcángel,5
31,72hSmnleYTiiOo23q8ZJIS,Black Sheep,Metric,5
31,09keT5ocFhEd5W5HidiUNq,Chk Chk Boom,Stray Kids,5
31,57zRWXTQCFRV3zwg0NR8Ck,Demons,Alec Benjamin,5
31,1k0JAiH11gHL9dc5dfQjQr,NOT CUTE ANYMORE,ILLIT,5
31,31er9IGsfFbwqy1pH4aiTP,I Have Nothing,Whitney Houston,5
31,0pQskrTITgmCMyr85tb9qq,Starman - 2012 Remaster,David Bowie,5
31,47PSYUK5a0uR87DUc9NR2g,Stereo,Pavement,5
31,3pRaLNL3b8x5uBOcsgvdqM,Hallelujah,Jeff Buckley,5
31,3A02hWQ2ebOFDWSbAMNnpw,bittersweet,Madison Beer,5
31,1xulVUlt4ip3iu2EjrV4ZT,The Book of Love,The Magnetic Fields,5
31,0MSTxF501TyzjuRTHZz46g,DON'T YOU LIE,Offset,5
31,7d0XkI4iJ32nxeFAHFXbLQ,"If You Need To, Keep Time on Me",Fleet Foxes,5
31,0h2gzJQBt6duqZD6kWiz4s,Moby Dick,Led Zeppelin,5
31,6Vjk8MNXpQpi0F4BefdTyq,Kashmir - Remaster,Led Zeppelin,5
31,0d8OzTCvIWtNrZLflzHed0,Supergirl,Dream Chaos,5
31,5vPUv0xziXbV4lnWeVNXNq,Roommates,Malcolm Todd,5
31,4hm33jVolpa22nzhlY72jD,Intermission,Strawberry Guy,5
31,2HRgqmZQC0MC7GeNuDIXHN,Seven (feat. Latto) (Explicit Ver.),Jung Kook,5
31,3ZgkHyoKfNMcHTXC0X1qQj,Cloud 9,Beach Bunny,5
31,4S1VYqwfkLit9mKVY3MXoo,Forever Young,Alphaville,5
31,57Sm706EGggp7cyrGZgltG,Fearless Tuesday,YVA,5
31,5iAE3uBqaZm9aHUx9yy6a0,KATAMARI,femtanyl,5
31,1Dr1fXbc2IxaK1Mu8P8Khz,When I Come Around,Green Day,5
31,7M2tXmeS15NAzEn7ABFeBg,Homicide (feat. Eminem),Logic,5
31,6MX8v7cRooNQb5fW5Uo6Sm,come,Adrianne Lenker,5
31,6FUL0KnCewFqapTAaUxyHD,MachineGirl,ADÉLA,5
32,5k2X5nAN0efhoZ9OC3flGo,Unbothered,Ski Mask The Slump God,5
32,3VIJBrMpvimHEw5wtPh2wB,Money,The Drums,5
32,4lAnj7Git7s2QrSTwUa54g,Say It (feat. Tove Lo),Flume,5
32,5Up171bDTYbyUP1dWT9Ln2,Racks Blue,Nine Vicious,5
32,6L2uVVPJA9WcDc7zCZ4DHN,Love Me Like You,Little Mix,5
32,7L3b6iaVhDVjfo52Hbvh9Z,Edge of Seventeen - 2016 Remaster,Stevie Nicks,5
32,2P4OICZRVAQcYAV2JReRfj,Waiting For Love,Avicii,5
32,0qOnSQQF0yzuPWsXrQ9paz,Stereo Hearts (feat. Adam Levine),Gym Class Heroes,5
32,6YvCWIlMBJgQEm6i0POVbZ,3.5,ian,5
32,7tUEDtHchueeUJTfEFEhii,Right Here - Human Nature Radio Mix,SWV,5
32,26QJuQfM8PVAWkIm1JRyqq,ss,Ken Carson,5
32,0TaT50ZZxT4ytZxuqkE3A9,Why Can't This Be Love,Van Halen,5
32,29JEOX0xLF9y6q8oILX2QH,Take Off Ur Pants,Indigo De Souza,5
32,2uHFNcejEAp2Y7ouMl0bT3,Wet,Dazey and the Scouts,5
32,2Ijitr9PXxd3iSwrnK3eAE,One Minute More,Capital Cities,5
32,5Xak5fmy089t0FYmh3VJiY,Black,Pearl Jam,5
32,5QUeSXjTMHbq1fW5da2waF,Place To Be,Nick Drake,5
32,0JX23XA8E7aN1Chj32kgVn,Spitting Off the Edge of the World,Yeah Yeah Yeahs,5
32,5KgbyD2lQQlIupAaPjgiXg,"Night Fever - From ""Saturday Night Fever"" Soundtrack",Bee Gees,5
32,2RdEC8Ff83WkX7kDVCHseE,party 4 u,Charli xcx,5
32,0lRnxwJeUOxwEvWMw4uQKj,Think About Us,Sonny Fodera,5
32,5Ey7icpjKCGpi5oJi7VLdu,Die Your Daughter,Susannah Joffe,5
32,6ZAuQOgLrNQb9s7BXheuTy,Sue me,Audrey Hobert,5
32,7lhkOb0VNnTlshwifCEoSr,Molasses (feat. RZA),Earl Sweatshirt,5
32,2J6OF7CkpdQGSfm1wdclqn,Clouded,Brent Faiyaz,5
32,51TG9W3y9qyO8BY5RXKgnZ,Symphony Of Destruction,Megadeth,5
32,3zb6SWbtSON0DGs7xPibeY,"Fine, Great",Modern Baseball,5
32,5BhK8Mho223YLPQOLfzWNP,Killing Me,Omar Apollo,5
32,48CZ9AqqrDIGHDdCyGrZ39,Sticker,NCT 127,5
32,2VGDntFPvgvqSiUf9ITEfW,Someone Great,LCD Soundsystem,5
32,0MZGwYb5mTATbmoi671wEg,Leave Her,LUCKI,5
32,6J2LdBN97cDWn0MLxYh9HB,July,Noah Cyrus,5
32,6YVajR33kCWLhWpMVD8AGD,Calling After Me,Wallows,5
32,7eBqSVxrzQZtK2mmgRG6lC,Murder on My Mind,YNW Melly,5
32,1c5CllrZr45UBhWpIqM332,Funny Thing,Thundercat,5
32,1qbmS6ep2hbBRaEZFpn7BX,Man I Need,Olivia Dean,5
32,1Ukxccao1BlWrPhYkcXbwZ,From The Start,Laufey,5
32,5LhI8m7n8xlQmNe3b7Rwis,Madonna,Natanael Cano,5
32,2mlNgAeIBnL78ZriXgrRHz,Glimpse of Us,Joji,5
32,48NXpYRuvv9izul4oXhqS9,Salió El Sol,Don Omar,5
32,5Uptvz6j1sjDKxidAcnH2L,SI NO ES CONTIGO,Cris MJ,5
32,3FdopY118eIYv5COjji7Sa,My Ordinary Life,The Living Tombstone,5
32,0UNqdgLDVDGIUlyqI0Pq43,Alibi (with Pabllo Vittar & Yseult),Sevdaliza,5
32,0Tq7v8YAmwdnAYBwyR1pZ4,"Earth, Wind & Fire",BOYNEXTDOOR,5
32,6F9yAYUaNbUhdlQyt5uZ3b,La Incondicional,Luis Miguel,5
32,6D60klaHqbCl9ySc8VcRss,Stronger (What Doesn't Kill You),Kelly Clarkson,5
32,4knL4iPxPOZjQzTUlELGSY,Rake It Up (feat. Nicki Minaj),Yo Gotti,5
32,1Q5kgpp4pmyGqPwNBzkSrw,Roadhouse Blues,The Doors,5
32,0rmGAIH9LNJewFw7nKzZnc,You Give Love A Bad Name,Bon Jovi,5
32,2UVbBKQOdFAekPTRsnkzcf,Stir Fry,Migos,5
32,1TnUURhehaoMWKAqQtirm6,Colors,Halsey,5
32,0HKr9aqzHBsVNnsUCdH4bw,STFU!,Rina Sawayama,5
32,0VB3YI0Dl6TT3C7mIbHTs4,Shotta Flow,NLE Choppa,5
32,4xkOaSrkexMciUUogZKVTS,Till I Collapse,Eminem,5
32,6K5KkiLwQM0dv2nGRJVN34,Paranoid,Rio Da Yung Og,5
32,1TE8AAk9koG0UJco6ZAUfx,Rock and A Hard Place,Bailey Zimmerman,5
32,1GTC0DN9LGOdP0NdvoHyX7,ゆめうつつ,Lamp,5
32,2S2od3hT7ceytw7d1pTRuE,Again (feat. XXXTENTACION),Noah Cyrus,5
32,21jjthXBYk9iwZ6w0zdkSb,LET 'EM KNOW,T.I.,5
32,0VhgEqMTNZwYL1ARDLLNCX,Can I Be Him,James Arthur,5
32,2nNBdv2vcJZuWOZ06nNF62,Fact Check,NCT 127,5
32,5djzvjJY39rwAQaHgpPR02,White Ball,Miracle Musical,5
32,1b61sH8zY8kEZrPOoESQAZ,New Friends (Reimagined),Jordana Bryant,5
32,0NLm9bQG7ikL5k9x9TtYT7,Here With Me,d4vd,5
32,1qyiBNYS01TjMkmoeTLJXN,A Morte do Autotune,Matuê,5
32,66yPalPs9DrhbGb9gR3vD9,Yale,Ken Carson,5
32,3bpGAsjsCIMTz98E7injb2,Impostor Syndrome,Sidney Gish,5
32,3stWWPN41byqp8loPdy92u,Master of None,Beach House,5
32,0V2passWyAXnON67kfAj7y,ABCD,NAYEON,5
32,3dj4wgM3cPeuLwMNHDuBon,The Door,Teddy Swims,5
32,4SqWKzw0CbA05TGszDgMlc,I Love You So,The Walters,5
33,69cGlmgNyMf2K6AvmLBuRD,Lovers From The Past,Mareux,5
33,1VuBmEauSZywQVtqbxNqka,Beautiful Day,U2,5
33,1NpW5kyvO4XrNJ3rnfcNy3,Wild Ones (feat. Sia),Flo Rida,5
33,5RmC5yrwoedDmlRKTL8tQp,Tried And True,Ween,5
33,7hsulgRNgbyczeAg8tChCB,NEVER,JID,5
33,4dmCLAZbWYT0qtcG7GVMdb,L.E.S. Artistes,Santigold,5
33,364JzOajs76bJymjHm3sVY,ピースサイン - Peace Sign,Kenshi Yonezu,5
33,3xiKmrnBK71IZ78foAIiRv,Starting to Fall,Duster,5
33,2za9t2qpWyUpIhnJcwopPt,Sleepless in a Hotel Room,Luke Combs,5
33,0c4IEciLCDdXEhhKxj4ThA,Madness,Muse,5
33,3iykQUWC6xefpB0NS8NLlp,Boston,Kenny Chesney,5
33,6fL8iaSdwmSTQiUv9K6L4h,Faneto,Chief Keef,5
33,2mv1gGdqFpNNMJn93ZBpvQ,When You Sleep,Banjo Two Zero,5
33,3gFcGnU4kTdMYLXDjH1TK8,RUN2U,STAYC,5
33,5VRVvhMA1szwwiv7Z7Jfrk,Really Doe,Danny Brown,5
33,52O0lWLhF9VoOVACnlnAnS,Drive Alone,Larry June,5
33,23ZdNaFSfH7VdSVU4U0Agb,You Stole The Show,SIENNA SPIRO,5
33,6TfBA04WJ3X1d1wXhaCFVT,"You're Gonna Go Far, Kid",The Offspring,5
33,1kXmApTm4wonqscYBoLwxj,All Hands on Deck,Tinashe,5
33,1rfGO3N4DPGodJLSSY9Re5,Sticky,Ravyn Lenae,5
33,59ZkByVPAIPe0YhqIO723Y,I wish for the rain,Liana Flores,5
33,2LawezPeJhN4AWuSB0GtAU,Have You Ever Seen The Rain,Creedence Clearwater Revival,5
33,14N3tALR3Mhf7UHpJRKk4L,Twin Size Mattress,The Front Bottoms,5
33,1mfV2kv9RwFKVI8kEQlmOJ,All Day and All of the Night,The Kinks,5
33,710B9xFjNOisQtKtppZE9p,Black No. 1 (Little Miss Scare -All),Type O Negative,5
33,0L7MpEwFgZRP5rFdXOYaRT,Labyrinth,Miracle Musical,5
33,6FOpPA0a80RuBqqgDozvja,So Far Away,Staind,5
33,7qiZfU4dY1lWllzX7mPBI3,Shape of You,Ed Sheeran,5
33,2AjTT2CBthpsIQtyxzhSr4,Professional Vengeance,Jane Remover,5
33,57iDDD9N9tTWe75x6qhStw,Bitter Sweet Symphony - Remastered 2016,The Verve,5
33,1bM50INir8voAkVoKuvEUI,OMG (feat. will.i.am),USHER,5
33,09DR0sHnQUhHOiSNttc1mv,Not Strong Enough,boygenius,5
33,60wwxj6Dd9NJlirf84wr2c,Clarity,Zedd,5
33,3Bclyko7WmwM2oGmKj8sue,I Will Wait,Mumford & Sons,5
33,04ld6agKMq46IDG1THZqTe,POSSESSION,Melanie Martinez,5
33,6puhdS8hZGcy38lvnixSm7,hysteric,jaydes,5
33,1zi7xx7UVEFkmKfv06H8x0,One Dance,Drake,5
33,1jypmXUJgxWKWJZdDsJiXQ,Why Not,Hilary Duff,5
33,249E7AgSyA4vhtXNEjQYb5,Wicked Games,The Weeknd,5
33,37ApccN7IgSrnuDYMbRNHU,Faço Acontecer,NandaTsunami,5
33,4bQ7mjty0UVlKRalhizpGT,Vanished,Crystal Castles,5
33,2C3B3dva983HPMojFqWLOp,The Trooper (2015 Remaster),Iron Maiden,5
33,4feXcsElKIVsGwkbnTHAfV,Somethin' Stupid,Frank Sinatra,5
33,53uhTsdGotEgrDAJydRSov,27a Pitfield St,Bassvictim,5
33,4Xtlw8oXkIOvzV7crUBKeZ,Rompe,Daddy Yankee,5
33,4BdGO1CaObRD4La9l5Zanz,Sit Next to Me,Foster The People,5
33,4gbVRS8gloEluzf0GzDOFc,Maps,Maroon 5,5
33,3ckd4YA4LcD3j50rfIVwUe,Head Like A Hole,Nine Inch Nails,5
33,6otiaV2fagE3s8IvP6WkwG,I'm Just a Kid,Simple Plan,5
33,21jEuMn2lf37715rwjow2M,The Freshmen,The Verve Pipe,5
33,6QeYSvYqYUsfBzsApbjDHO,Cigarettes out the Window,TV Girl,5
33,49ppqF73rOz5Nyt1paRxIF,Love Like This (feat. Sean Kingston),Natasha Bedingfield,5
33,1KiAtMAGayStCuLCH6EJAw,Hello?,Clairo,5
33,1zN6ynJG4PdR61YWv4PQ3Y,All Around Me,Flyleaf,5
33,0yp3TvJNlG50Q4tAHWNCRm,Enjoy the Silence,Depeche Mode,5
33,4dxACyDS2DjvLwzMuHJLxm,Rise & Shine,The Cardigans,5
33,5z7mYFfhw6N6f23VwrokJD,The Way You Move (feat. Sleepy Brown),Outkast,5
33,6eLQXa6uk2EW8drsiKbABZ,TU SANCHO,Fuerza Regida,5
33,6K53GM9W6Vle5KBwGFVnZM,Space Cowboy,Jamiroquai,5
33,6mGzlX2QSxQoW5OAojuwy9,Your Idol - Acapella,Saja Boys,5
33,1JUmsSEfVwhdJCVBG83XGU,SEQUÊNCIA FEITICEIRA,PEDRO SAMPAIO,5
33,3RznzRnsl8mzP63l4AF2M7,Dream Sweet in Sea Major,Miracle Musical,5
33,7uKcScNXuO3MWw6LowBjW1,"1, 2 Step (feat. Missy Elliott)",Ciara,5
33,6Knv6wdA0luoMUuuoYi2i1,My House,Flo Rida,5
33,0u2P5u6lvoDfwTYjAADbn4,lovely (with Khalid),Billie Eilish,5
33,6XYJ6RL7GkuDtLxXnsAPkd,Bobby James,N.E.R.D,5
33,2HeqKWstr0XAYILHpRo5ra,BOAT REMIX,Trim,5
33,60cYr5uuMoxvyuIx45rGEW,Boy In The Bubble,Alec Benjamin,5
33,3oBNQdDbNrs8wQbcZ3BXwP,Velvet Ring - 2023 Remaster,Big Thief,5
33,1hfPEIKHJ0G8Nua3lH0YeG,Ashes,Lazy Habits,5
34,0620OecAlwJQxWieRW4L9s,Bless the Telephone,Labi Siffre,5
34,6dKHEOxmG7I6SraR7QFT6e,D.T.B. (Interlude),A Boogie Wit da Hoodie,5
34,6sKGGi2pVKXR69s1SNdhGv,Black&Blue,Vince Staples,5
34,0Rx0DJI556Ix5gBny6EWmn,Paradise,Bazzi,5
34,30JUrbIq4PsRjIvDz8freE,Out Getting Ribs,King Krule,5
34,7DdXf9x75iEVCHWfoRwRuR,Fitzpleasure,alt-J,5
34,5SHpuW2qjkQtFRpE6P9Nks,The 30th,Billie Eilish,5
34,7rvmQB9tqUHWO6weobTGPO,Mono (feat. skaiwater),i-dle,5
34,2TTYIwTM2iLC1YOyHuhRMt,Lucky,Britney Spears,5
34,3i3bvqktOJ88p7zqbaeTRk,Grok!,Autumn!,5
34,0JmnkIqdlnUzPaf8sqBRs3,Moonlight,Kali Uchis,5
34,7tUEDtHchueeUJTfEFEhii,Right Here - Human Nature Radio Mix,SWV,5
34,2pA4ip3VIEVcIa3qE02oAX,"10,000 Emerald Pools",BØRNS,5
34,3RJclnBV8g9mvHPtSzPf7c,Ride (feat. Ludacris),Ciara,5
34,5Up171bDTYbyUP1dWT9Ln2,Racks Blue,Nine Vicious,5
34,5vollujufHY0jMZxx77VWr,All These Things That I've Done,The Killers,5
34,13q9jx4F8R2SEhIMGiZiV5,All About Us,t.A.T.u.,5
34,6o86CKQQc85ql8pMHrvJpo,Queen St,twentythree,5
34,2UREu1Y8CO4jXkbvqAtP7g,Monster,Skillet,5
34,449LuMpoIOhxnW2B246Aau,Head in the Ceiling Fan,Title Fight,5
34,2TAKt1x0k9AltDJm31GhEu,Bleed (feat. Omar Apollo),Malcolm Todd,5
34,0eDwzWuy2gf1RJzqWl0dkF,Something So Strong,Crowded House,5
34,4rUTAkOU7OkVGeQuyQCHhF,Sledgehammer,Fifth Harmony,5
34,7N1X5WzBTCoDh4ocuPlZUC,Nxde,i-dle,5
34,3ZZyUf7WkhfN1JkQZZ00fI,People Watching,Sam Fender,5
34,0q6LuUqGLUiCPP1cbdwFs3,On Melancholy Hill,Gorillaz,5
34,2AT8iROs4FQueDv2c8q2KE,R U Mine?,Arctic Monkeys,5
34,5zQUndaoBtXJ10SsApqtvw,Strategy (feat. Megan Thee Stallion),TWICE,5
34,0NpvdCO506uO58D4AbKzki,Sherry,Frankie Valli & The Four Seasons,5
34,19n8izXThARSuQAXrOKNbO,Avalon,$uicideboy$,5
34,50u2y4zgROMZq2db8Qx94B,cold weather,glass beach,5
34,4a2uqVlpRChHj32EjJLu7G,Nose On The Grindstone (OurVinyl Sessions),Tyler Childers,5
34,0uiHiwJzQvWLTETzEZRxFG,Co-Star,Amaarae,5
34,44Xyja7xYPlVC6v2CeweSi,GOSSIP (feat. Tom Morello),Måneskin,5
34,2f8y4CuG57UJEmkG3ujd0D,NASTY GIRL / ON CAMERA,Gunna,5
34,27v8QdBidbC5idqWHqPBBj,Do It (Yves Remix),underscores,5
34,1YaVmBh7EAeR54FIjuFcb5,Naturally,Selena Gomez & The Scene,5
34,474uVhyGgK5MtY9gMcDgGl,It's Called: Freefall,Rainbow Kitten Surprise,5
34,74fQgHleHZ4V7Gm1XYcGkj,One Night Only,Sonder,5
34,4Tw3GI2MiqXP65X0Z8rP7U,I Love It (feat. Charli XCX),Icona Pop,5
34,0mXDySw7m2OXK6Wd9hc9Js,I'm Scum,IDLES,5
34,7k42ztYdHyKWrKrENxwjkV,Atmosphere - 2020 Digital Remaster,Joy Division,5
34,6uFn47ACjqYkc0jADwEdj1,Pop Out (feat. Lil Tjay),Polo G,5
34,6uTPdRrEDeH8Fyg5L5qmeU,Never Lose Me,Flo Milli,5
34,12Ypr3PCVJ2i7Uwz93q1Vl,Opr,Gesaffelstein,5
34,0oIgtBMz4hFHBROA619JdS,Navidad Sin Ti - En Vivo,Marco Antonio Solís,5
34,3bR8wBqLky6b61ROJlaBEF,"Ai, Amor",ANAVITÓRIA,5
34,3rTnGUeDrnZV22DvRuUuXr,Wait,M83,5
34,5iSEsR6NKjlC9SrIJkyL3k,Pursuit Of Happiness (Nightmare),Kid Cudi,5
34,0Mb20VmqR2lvtgbEermW2v,Policy of Truth,Depeche Mode,5
34,0QyJXG36Q3Kta662XS8GhY,Too Fast,Sonder,5
34,1PJRDeZSoZk7gtisdTYfLi,Crawling In The Dark,Hoobastank,5
34,42zd6DYQ4o4SECmTITrM1U,Dreams and Nightmares,Meek Mill,5
34,5mtTAScDytxMMqZj14NmlN,love.,wave to earth,5
34,6Tsu3OsuMz4KEGKbOYd6A0,Hypnotize - 2007 Remaster,The Notorious B.I.G.,5
34,6uEvFCaOqXyEidoO8BZbyh,Du hast,Rammstein,5
34,12bYYQaLqHliSXvRIYlq8G,I Just Might,Bruno Mars,5
34,4UQijskfH7GRycjz77buzW,Yummy - Righteous Remix,Ayesha Erotica,5
34,04mAOoQNsXmDJlyupJwmkO,Waiting Room,Phoebe Bridgers,5
34,10vkYRKw6Jjr7try1ir50G,Tired of Being Alone,Al Green,5
34,3UQmoVQJqBYauTZLVPs3uo,Luxurious,Gwen Stefani,5
34,2GWCZJWundoYi5IloWIgTX,eyes don't lie,Isabel LaRosa,5
34,2EPr9Wx7e1cpGEbNAtuN7x,Surfin' U.S.A.,The Beach Boys,5
34,57bgtoPSgt236HzfBOd8kj,Thunderstruck,AC/DC,5
34,6brl7bwOHmGFkNw3MBqssT,So Sick,Ne-Yo,5
34,5Bge1Dsqjc14hhGguYML5w,Why Do You Feel So Down,Declan McKenna,5
34,7tQTOyhv9BAjKoMoegHncb,Summer 127,NCT 127,5
34,6urCAbunOQI4bLhmGpX7iS,Don't Speak,No Doubt,5
34,0dFdGPVLs3k0z9ezYWZzUa,Intimidated (feat. H.E.R.),KAYTRANADA,5
34,59hBR0BCtJsfIbV9VzCVAp,Set Me Free Pt.2,Jimin,5
34,5M1YHV0Elt7gRVbqBH2CUS,Home,Bassvictim,5
34,6mvseEofkXVqGxyqpAXDpY,loser :(,ivri,5
34,09zjfT7hie7d6OaCXTjZXX,(Interlude) Press Start - L.I.V.E. In São Paulo (Live Immersive Virtual Experiment),Bring Me The Horizon,5
34,7rt7ywY9yekwaYXk2Zt4Q5,Fool,Fitz and The Tantrums,5
34,1WnVwuWYq9Paa1P6IOlr7S,Fucking Your Girl,Devon Hendryx,5
34,2HbKqm4o0w5wEeEFXm2sD4,Money Trees,Kendrick Lamar,5
34,6JvEXmRh3l2acBzvqavgT9,Love Spreads,The Stone Roses,5
35,1caFMoQlQyF5JHvfPNe49E,Bad Things,Cults,5
35,35tWhD29yvWwB0IDRr6zsL,Yeah Right,Vince Staples,5
35,285pBltuF7vW8TeWk8hdRR,Lucid Dreams,Juice WRLD,5
35,5TuTHrKzN6NweeQaKkBNb7,Relax,Vacations,5
35,33yAEqzKXexYM3WlOYtTfQ,D.A.N.C.E.,Justice,5
35,0XWf8CRB6IptewumZDi5b6,WANTCHU,keshi,5
35,306xT15GTuDs3NyopIANrh,My Fun,Suki Waterhouse,5
35,7BgyWwbbybJr2IbQoI1gzH,Stevie Doesn't Wonder,Hotel Ugly,5
35,6Jc7EFvpBqxZQqkXhnVlCN,AMIRI TRENDSETTER,Rich Amiri,5
35,1eMNW1HQjF1dbb4GtnmpaX,Slay3r,Playboi Carti,5
35,1auxYwYrFRqZP7t3s7w4um,Ni**as In Paris,JAŸ-Z,5
35,1QEEqeFIZktqIpPI4jSVSF,More Than a Feeling,Boston,5
35,5sNC8TarbUdne9YBjbfShs,GOD & GUNS N’ ROSES,Tyler Braden,5
35,3y2Y3Bc6GDxAWAMIpbW7RU,Into the Groove,Madonna,5
35,2ZRo7axmMPeSVUvDbGkJah,Hope,XXXTENTACION,5
35,50M2QjfSM82wkJ1d0iV4mh,Daydreamin' (feat. Jill Scott),Lupe Fiasco,5
35,3AspYFTkJFk9lXyaa2xxjW,Gimme Chocolate!!,BABYMETAL,5
35,0ntQJM78wzOLVeCUAW7Y45,Sex on Fire,Kings of Leon,5
35,469RmLzEsicj8VSn9aIuKV,Cool,Gwen Stefani,5
35,7ge7BHazYbVKi8qyZUX1Bm,Emotionally Scarred,Lil Baby,5
35,1KDYN3odJHnj9pqGHN3FVs,My Body,Young the Giant,5
35,5wvYib82q05wiNjLElD8GJ,Dig,Incubus,5
35,2kyezitNXSQaIa1nsQRWVp,Don't Dream It's Over,Sixpence None The Richer,5
35,2iksjpqL3eraxCBKqNHuqd,YES IT IS,Leon Thomas,5
35,0iMt8ZMe2BsNvsF9LFDOAn,Ends of the Earth,Lord Huron,5
35,1gRK6QnBOpNtEDjYKftzTc,The Feminine Urge,The Last Dinner Party,5
35,6NoFVCCFpjWsHVYvinUeZG,Porque Me Tratas Así?,Wisin & Yandel,5
35,0vjpfpch27QUf1cUs4seDl,down bad,Yot Club,5
35,5SruEBX3KpgpDvEcIuN53P,Baby Steps,Olivia Dean,5
35,4Iedi94TIaB2GGb1nMB68v,On Me,Lil Baby,5
35,23ZdNaFSfH7VdSVU4U0Agb,You Stole The Show,SIENNA SPIRO,5
35,44AyOl4qVkzS48vBsbNXaC,Can't Help Falling in Love,Elvis Presley,5
35,0aF9m87P8Tja3NUMv4DfHt,Head Over Heels,Tears For Fears,5
35,3v2XiE8ztYHOsrjIBN4Xh2,Again,Flyleaf,5
35,3v5TVqzUKg2n8bEmzsfryU,reprise,salvia palth,5
35,0ll8uFnc0nANY35E0Lfxvg,Somewhere Only We Know,Keane,5
35,5RhxBpoCwX2vLBcSJzYa5j,Round & Round,Selena Gomez & The Scene,5
35,2QdSb68BzZGMgCbsrFmSLc,Higher,Tems,5
35,3zyqphgXvgHe436IMKeey3,Paprika,Japanese Breakfast,5
35,6vDVu9IM9s8L8XMQ1c1Yti,bittersweet,Madison Beer,5
35,15bdvI9qCc4vYyTftMNVwq,Toto Caps,Eley Romero,5
35,6Yj8kVuVR3UPxx9r5eFEoV,Miniskirt,AOA,5
35,6oCXDaFZYL7sHnowv6pdXb,Spring Into Summer,Lizzy McAlpine,5
35,3BZGi1yUqQyCNC868AqUGG,Big in Japan,Alphaville,5
35,2gwkD6igEhQbDQegRCcdoB,Suge,DaBaby,5
35,4l7YIni9bAiGwWMqK5wvgV,You Learn - 2015 Remaster,Alanis Morissette,5
35,37pKTyMwalomKCZjxTc2QZ,Cherry-coloured Funk,Cocteau Twins,5
35,05CjWFAcAlY6O9po6Qwakk,Be Her,Ella Langley,5
35,0HoaLXRp7jJtdQFunUyUGc,The Sun Always Shines on T.V.,a-ha,5
35,5yr8pi3uCjTYOnTqstBBdm,Let's Get It On,Marvin Gaye,5
35,1FKG2wgJ75wS9MFNVZFiWd,POCKET ROCKET,Cochise,5
35,086myS9r57YsLbJpU0TgK9,Why'd You Only Call Me When You're High?,Arctic Monkeys,5
35,3ZgkHyoKfNMcHTXC0X1qQj,Cloud 9,Beach Bunny,5
35,360ZhWvMnyXKYFG9Mqsm89,Evacuate The Dancefloor - Radio Edit,Cascada,5
35,2WfVvwTtB1ZHokdPwHnxom,ik,glaive,5
35,19ItuvrZfTudwC6S5lkDH3,The Machine,Reed Wonder,5
35,0y9uTzK9cNKSAEHnpeRG8C,DUCKWORTH.,Kendrick Lamar,5
35,2yH16s2lLbYtLziVwqw7Pf,Deleter,GROUPLOVE,5
35,2CIDqYfIYfl9vx02wIyCG9,All Through the Night,Cyndi Lauper,5
36,5vYjTN8d0DZ2SosbKSx5Nj,OMG,Suki Waterhouse,5
36,3TfDUStpnEVIlsNlgcKQgJ,die first,Nessa Barrett,5
36,6UN73IYd0hZxLi8wFPMQij,Players,Coi Leray,5
36,2Ijitr9PXxd3iSwrnK3eAE,One Minute More,Capital Cities,5
36,1MJyiTlVdSLAjI9aclZ3hL,Scott and Zelda,BIBI,5
36,3a3dQOO19moXPeTt2PomoT,What You Heard,Sonder,5
36,5u6y4u5EgDv0peILf60H5t,Oye Como Va,Santana,5
36,5zwwW9Oq7ubSxoCGyW1nbY,Pink Venom,BLACKPINK,5
36,4EtgDIWb8Wm5mnaK701c0C,affection,BETWEEN FRIENDS,5
36,3iykQUWC6xefpB0NS8NLlp,Boston,Kenny Chesney,5
36,4lH6nENd1y81jp7Yt9lTBX,Solo,Future,5
36,39C5FuZ8C8M0QI8CrMsPkR,Foreplay / Long Time,Boston,5
36,6eL7t6s1AL4l982wfAU8pv,Father Figure - Remastered,George Michael,5
36,3zEN0ii6s4DHHBpnTp3RP7,We Are The People,Empire Of The Sun,5
36,7fqjWHXf330QwnfaAWB2Dr,Dark Beach,Pastel Ghost,5
36,1aMafyDbpEw3a8FrVhwRlg,Angeles,Elliott Smith,5
36,6mICuAdrwEjh6Y6lroV2Kg,Chantaje (feat. Maluma),Shakira,5
36,5FQ77Cl1ndljtwwImdtjMy,Heaven,Niall Horan,5
36,2Lhdl74nwwVGOE2Gv35QuK,Cupid's Chokehold / Breakfast in America,Gym Class Heroes,5
36,1Jj6MF0xDOMA3Ut2Z368Bx,Time After Time,Cyndi Lauper,5
36,6Jc7EFvpBqxZQqkXhnVlCN,AMIRI TRENDSETTER,Rich Amiri,5
36,0QCuMBeqdWkwFUTO1WlAjH,Seaside,The Kooks,5
36,0Dw9z44gXhplDh5HCWZIxP,You Oughta Know,Alanis Morissette,5
36,56lhDZNQ5J47aog6mGKeGk,Thunder Road,Bruce Springsteen,5
36,2N3U8uTYhjX2KwGT0pf5x0,"Everyday (feat. Rod Stewart, Miguel & Mark Ronson)",A$AP Rocky,5
36,6sREV6MpLHTqcOmBK5mvYF,Face to the Floor,Chevelle,5
36,7vS3Y0IKjde7Xg85LWIEdP,Problem,Ariana Grande,5
36,5vuJuBqwzHJgCA1ysRfwxZ,good kid,Kendrick Lamar,5
36,4VQNCzfZ3MdHEwwErNXpBo,All Eyez On Me (ft. Big Syke),2Pac,5
36,5pZupzhQ1KAq8sFtFxS3nG,Becky,Plies,5
36,6Ph8QwsRfZunN5e1GGBIqa,Hurt,Oliver Tree,5
36,4tBl1xhBg5PETpBvFnQmGl,Cut Your Hair,Pavement,5
36,4VcPtoOpK3oBMDZJ9Ptp9f,No Auto Durk (feat. Lil Durk),Only The Family,5
36,5rfJ2Bq2PEL8yBjZLzouEu,Who Can It Be Now?,Men At Work,5
36,4qRaZYiaOsSvWC7VgcxrI0,HandClap,Fitz and The Tantrums,5
36,3rPtS4nfpy7PsARctAWpzd,Best Friend,Rex Orange County,5
36,2rVa6UVT2f95l3bGcMGCWQ,What Hurts The Most,Cascada,5
36,4xdBrk0nFZaP54vvZj0yx7,HOT TO GO!,Chappell Roan,5
36,2VvdnhGdRYqYCenXLh6rJ4,The Big Goodbye,AJR,5
36,7qjZnBKE73H4Oxkopwulqe,back to friends,sombr,5
36,4R5GN0mBvb6jkRj3Zvyhkl,Will I See You Again?,Thee Sacred Souls,5
36,56hYeuutlZO5Pkm99FzLCW,Get Free,Major Lazer,5
36,7MZA6HSmsPd6CIZG214MVx,Introduction,I DONT KNOW HOW BUT THEY FOUND ME,5
36,4IKG0oDjlYYJKSGhPxaoSd,How to Pretend,Lucy Bedroque,5
36,18d1pubaNYUpaKIeSoxPFA,The Sick,Bella Kay,5
36,2DHc2e5bBn4UzY0ENVFrUl,Carry Out (Featuring Justin Timberlake),Timbaland,5
36,7MmG8p0F9N3C4AXdK6o6Eb,Outside (feat. Ellie Goulding),Calvin Harris,5
36,4NpDZPwSXmL0cCTaJuVrCw,Birthday Sex,Jeremih,5
36,5hR0wTnydz6lmErOV4c0sp,Losing You,Solange,5
36,2QKLrgXNQtK2c8QbLRO3XC,Burn The House Down,AJR,5
37,3BGzKSHUVJawX3x2z6W7js,You Missed My Heart,Phoebe Bridgers,5
37,2I1BvCYcbglVwpnF8J3u5D,"Kapitel 9.2 - Der Tote vom Maschsee (Hannover-Krimis, Band 1)",Susanne Mischke,5
37,3ZUMC5OazTA8QtLpdlPdz9,Sleepyhead,Passion Pit,5
37,6etwirSInfuJrSOlogS6Sh,American Boy,Estelle,5
37,4LGMSdeKOUoy5Wf75Je0Hl,Can I Get A...,JAŸ-Z,5
37,5GpfyJrKHJI36jDKtQiyGN,Golden Brown,The Stranglers,5
37,52O0lWLhF9VoOVACnlnAnS,Drive Alone,Larry June,5
37,0pUVeEgZuNyFzIMKp67RbS,Eyes Without A Face,Billy Idol,5
37,2SpEHTbUuebeLkgs9QB7Ue,Jolene,Dolly Parton,5
37,0aB0v4027ukVziUGwVGYpG,tv off (feat. lefty gunplay),Kendrick Lamar,5
37,4PYTMO1VMWLPVvGUtqkUwv,Higher,Taio Cruz,5
37,3s7MCdXyWmwjdcWh7GWXas,Violent Crimes,Kanye West,5
37,1CdqVF1ywD0ZO1zXtB9yWa,Break Your Heart,Taio Cruz,5
37,4lIAPwAU6R8PAy2WhykC4i,#menow,fromis_9,5
37,2Tc9VznHtQUmfOgE3L1RdN,If You Can't Hang,Sleeping With Sirens,5
37,5d7JjDwfkpPRR2KnFdE1ss,Generation Y 1989,Devon Hendryx,5
37,13lZDbwonGhOflQLQIfdtZ,We're Going to Be Friends,The White Stripes,5
37,05RgAMGypEvqhNs5hPCbMS,Panama - 2015 Remaster,Van Halen,5
37,4nrPB8O7Y7wsOCJdgXkthe,"Shakira: Bzrp Music Sessions, Vol. 53/66",Bizarrap,5
37,4xXs19rQjd2qxa9OT5stfP,Milky Way,Ethan Feather,5
37,37WUQa7Mcm3aGQOp2rwEZi,Bad Girls,Blood Orange,5
37,7k42ztYdHyKWrKrENxwjkV,Atmosphere - 2020 Digital Remaster,Joy Division,5
37,7soJgKhQTO8hLP2JPRkL5O,One Call Away,Charlie Puth,5
37,3da3ufjRxK1Kn5oqM0wmx4,Yoshi City,Yung Lean,5
37,3cJh89D0za2SW705fNBo3b,Where's Your Head At,Basement Jaxx,5
37,1ju7EsSGvRybSNEsRvc7qY,Simple Man,Lynyrd Skynyrd,5
37,3kJLxsBFS9f0tzJ3THg9pF,In Da Party,smokedope2016,5
37,3AoEQRuFf8zVXWqSLo2UOi,CRAZY,LE SSERAFIM,5
37,3GVNp2UgIp2TN3ra67cxdg,Mirage,Creepy Nuts,5
37,2uP6t2J5MEwhr9rDkAAzwh,Get You (feat. Kali Uchis),Daniel Caesar,5
37,0eFMbKCRw8KByXyWBw8WO7,Still With You,Jung Kook,5
37,3JvKfv6T31zO0ini8iNItO,Another Love,Tom Odell,5
37,1XBYiRV30ykHw5f4wm6qEn,NIGHTS LIKE THIS,The Kid LAROI,5
37,4hSTvY4GQrNDC2TsCwhEFc,Lift You Up,Danny Brown,5
37,7M9pPyt8Gr41THLhbz4NSB,Don't Let Me Be Misunderstood,Nina Simone,5
37,7oAuqs6akGnPU3Tb00ZmyM,All Night,Beyoncé,5
37,5h5sJvkKdIfC4yjALOmPn7,Massive Attack,Nicki Minaj,5
37,7AIRXaWc2HPUvIqJ19IbtU,Stabilisers For Big Boys,Panchiko,5
37,6VDKp0F4w3L2zijY3eh0uP,party,wifiskeleton,5
37,2dNKGg5Nn1JNVH1GRd41bp,Just Take My Wallet,Jack Stauber's Micropop,5
37,7vpGKEUPrA4UEsS4o4W1tP,Amor de Que,Pabllo Vittar,5
37,3dPtXHP0oXQ4HCWHsOA9js,夜に駆ける,YOASOBI,5
37,5e9TFTbltYBg2xThimr0rU,The Chain - 2004 Remaster,Fleetwood Mac,5
37,7Bj4wIqRzM6vx278EFYoBh,Child Psychology,Black Box Recorder,5
37,33Wh5qaiRVWuVIDnGGNlHh,No Comma,Slayyyter,5
38,7h2nmmoWDi2UpfYKLKWLYB,Sunflower,Rex Orange County,5
38,3zhbXKFjUDw40pTYyCgt1Y,What is Love?,TWICE,5
38,7x9aauaA9cu6tyfpHnqDLo,Seven (feat. Latto),Jung Kook,5
38,6N1sNzq3CArC1pMSaZTxaT,Right Now,Van Halen,5
38,2jjLiYXjmDzfyul2IJ6EVa,Evangelic Girl is a Gun,yeule,5
38,3O30ywyRk6EKT68sBvVqOP,Hollywood Forever Cemetery Sings,Father John Misty,5
38,0TlcczkVTGpinpkGJpT81L,Drag Path,Twenty One Pilots,5
38,2Gt7fjNlx901pPRkvBiNBZ,Take Me Back To Eden,Sleep Token,5
38,4o05DiC0RQ9DNtGJGauwna,Queen of Mean,Sarah Jeffery,5
38,6GG4yyk3UATdBfTHVgI8PB,Ain't No Love In Oklahoma (From Twisters: The Album),Luke Combs,5
38,0TOQQZVCZdMFMxzHT6WEtD,La Pantera,Marcos Villalobos,5
38,1uzVgNkXqQC7hsJhFZ749o,Sonder Son (Interlude),Brent Faiyaz,5
38,6IdyYbGg1jxiWhfwm2Ykjn,Jaded,Spiritbox,5
38,7BaxYnTazocAOK3istsW1z,You're Not The Only One I Know,The Sundays,5
38,21O0XXPEWPtePt5RMY93Ob,All Caps,Madvillain,5
38,2297mxrYLBAC4XkhXs39If,Armed & Dangerous,King Von,5
38,4MWk55HpGESQdvthbGhMhF,american wedding (Hotel California),dopuu,5
38,0FlcmZ13DGRmscCroro9GO,Body,Don Toliver,5
38,44Xyja7xYPlVC6v2CeweSi,GOSSIP (feat. Tom Morello),Måneskin,5
38,2mv1gGdqFpNNMJn93ZBpvQ,When You Sleep,Banjo Two Zero,5
38,116Qy7Q95zaZgVUc5Z03wp,Baby Did A Bad Bad Thing,Chris Isaak,5
38,1fDsrQ23eTAVFElUMaf38X,American Pie,Don McLean,5
38,1jypmXUJgxWKWJZdDsJiXQ,Why Not,Hilary Duff,5
38,5oYVxFt2k4SkVp6wzVsFWN,"Ride Or Die, Pt. 2 (with Villano Antillano & Tokischa)",Sevdaliza,5
38,2o2hrOq3vuQh8jmyx5eST6,Point in My Life,Gucci Mane,5
38,2bPGTMB5sFfFYQ2YvSmup0,Deutschland,Rammstein,5
38,6435Ra0NWQzPyZAcd1ojWI,Tension,Kylie Minogue,5
38,0y5akbuW5mCnnUe71xATpe,Concorde,"Black Country, New Road",5
38,65H6t1WQBim6q93yM8fEwn,Obsesion,Aventura,5
38,78Vt9mc4zuxVaaCcGeT76Q,SIGN LANGUAGE,Aries,5
38,59WDUxuy4lvvzSGgXRhAu6,Fantasy,Snow Strippers,5
38,20OFwXhEXf12DzwXmaV7fj,Bad Moon Rising,Creedence Clearwater Revival,5
38,2VYqgye3Wf9ySE4qYM3iJn,Everyday,Weyes Blood,5
38,6tndztSp95N6ufMfqFRBHi,Faucet Failure,Ski Mask The Slump God,5
38,6YvCWIlMBJgQEm6i0POVbZ,3.5,ian,5
38,59XtMLzHLsadRY3CzKwL8S,Die With Regret,Glokk40Spaz,5
38,2P5yIMu2DNeMXTyOANKS6k,Nobody,Mitski,5
38,25CMmGsl22APKhfuj4Tp7j,It's Been Awhile,Staind,5
38,2N9miXnewVmUrgl6JSK1FI,SPAGHETTI,LE SSERAFIM,5
38,1r2S1adKGBoxCKubytYfl5,Hey Good Lookin' (Undubbed),Johnny Cash,5
39,2ZJDukZQ1yf837c6MvjbKu,Reunion,Korea Girl,5
39,7sMZ7doYb71bHK8tqviTCu,The Rolling Stones,Cameron Winter,5
39,7ogpGbKc4Io6NCU6ydxXwZ,FEVER DREAM,Alex Warren,5
39,30S82dxldXsPbuj4ShyVBK,Marble Floors,Summrs,5
39,4v2r3H6YEQIlxS4Z1njwoe,"Trunks (From ""Highest 2 Lowest"")",A$AP Rocky,5
39,6C2nVSSeXNqfoY8t6tliZ4,jeans,2hollis,5
39,2pX4FpOgwItRVPPUFdRcxA,Smooth (feat. Rob Thomas),Santana,5
39,0rAA7LLo607ItKLcaXo9ga,India Part II,Lil Durk,5
39,5oQpH1uuZte4axR411rIlN,SPECIALZ,King Gnu,5
39,5gFoAVTN9YlM9uJCrFZtgl,Crooked Smile (feat. TLC),J. Cole,5
39,2zwmugV2IbUwKq5JgOWEpv,Mary Jane (All Night Long),Mary J. Blige,5
39,2uXlHCUbq9OMUwx3hrk06o,Riptide,Vance Joy,5
39,7vYA9ET5AUqJt5pBbhKmcB,Don't Let Me Be Misunderstood,The Animals,5
39,0n63xAny4NjxRNgKnboEp8,Lucky Again,Lykke Li,5
39,1lRkDJ9hMuiE1GZOlbgkam,Exodus,Bob Marley & The Wailers,5
39,09zjfT7hie7d6OaCXTjZXX,(Interlude) Press Start - L.I.V.E. In São Paulo (Live Immersive Virtual Experiment),Bring Me The Horizon,5
39,2Q6RiCAKOrxRYtvl9pcpjY,All Eyes On Me,Bo Burnham,5
39,3XgGQ1wjo5khvq2UImjyNF,ALL MINE,Brent Faiyaz,5
39,51EMSRpNm9Rg5rGViVCczv,Andromeda,Weyes Blood,5
39,2NyrXRn4tancYPW6JwtTl2,From The D To The A (feat. Lil Yachty),Tee Grizzley,5
39,3LlmKSHR3Rs0Y3KHQLAYDk,Alone,Alan Walker,5
39,6L2uVVPJA9WcDc7zCZ4DHN,Love Me Like You,Little Mix,5
39,0XPsOSYzDJZJArevQNm2AR,Speechless (Full),Naomi Scott,5
39,6grFWYpLQul3nAHjzzPKT8,Old Man,Neil Young,5
39,0fMSB7zNZiaqQ44hDlzzsf,Launched,Korea Girl,5
39,5VRVvhMA1szwwiv7Z7Jfrk,Really Doe,Danny Brown,5
39,5GpfyJrKHJI36jDKtQiyGN,Golden Brown,The Stranglers,5
39,5UWwZ5lm5PKu6eKsHAGxOk,Everlong,Foo Fighters,5
39,12hVQgYR254ZziANtiKVWQ,Hatchback,Cochise,5
39,2MLHyLy5z5l5YRp7momlgw,Island In The Sun,Weezer,5
39,3dPtXHP0oXQ4HCWHsOA9js,夜に駆ける,YOASOBI,5
39,57RA3JGafJm5zRtKJiKPIm,Are You Bored Yet? (feat. Clairo),Wallows,5
39,63ABAnFKJCp28TAyqf2cGL,ROCKMAN,Mk.gee,5
39,01z2fBGB8Hl3Jd3zXe4IXR,Come Back to Earth,Mac Miller,5
39,2yJ9GVCLMmzBBfQAnfzlwr,THat Part,ScHoolboy Q,5
39,5qZ4c1EBVWpmz1GBaks8Uq,Bloodhail,Have A Nice Life,5
39,2QdSb68BzZGMgCbsrFmSLc,Higher,Tems,5
39,4gfrYDtaRmp6HPvN80V2ob,I Got Better,Morgan Wallen,5
39,5op53ANI4exiWqFHKuwWxd,The World At Large,Modest Mouse,5
39,3sOomv8uddEodgJAOOq88f,I Just Don't Think That You Like Me That Much Anymore,Leith Ross,5
39,04aAxqtGp5pv12UXAg4pkq,Centuries,Fall Out Boy,5
39,52DKGPMQ21DauCR19pQ0BK,That Smell,Lynyrd Skynyrd,5
39,22WV03i2lBbwNVCE1g671p,151 Rum,JID,5
39,46S6HjiiqyMNwE3xXv1nPH,Wild Horses,Natasha Bedingfield,5
39,5yfhzEct1ulyU6g5oVRraj,KNOW ABOUT ME,NMIXX,5
39,296tPbbfDBBWfCmQeZ3s6K,Don't Take the Night Away,Chris Rainbow,5
39,1a19jsjG2DvbN1fVJonKUU,Beaches,beabadoobee,5
39,58b0gBwBVjQfbbCU4xIvoy,Supernova,aespa,5
39,70sjcC1GLyYfcHntiZ16cN,Down South (feat. Key Glock),Trap Dickey,5
39,5JVbvCHX10U2pLa5DEqGav,Safe and Sound,Capital Cities,5
39,3DarAbFujv6eYNliUTyqtz,Kiss Me More (feat. SZA),Doja Cat,5
39,1ElGmhauttS9p7LwmHG9uM,Sometimes (Backwood),Gigi Perez,5
39,4KV9bM7a1KDc7b7OakFZic,Jingle Bells,Frank Sinatra,5
39,53tfEupEzQRtVFOeZvk7xq,DESPECHÁ,ROSALÍA,5
39,2aL4lMGhWdPpyPL6COPou7,Soft Spot,keshi,5
39,24ntSW3QVJzR79lHAAOTaY,Texas Sun,Khruangbin,5
39,2IOeOJyiuzwF8BRAK9jJyj,The Logical Song,Supertramp,5
39,336ZYcU6poBWi3s8yzRcAD,I Follow Rivers,Lykke Li,5
39,0xaQ86cGRgcF8wwP1SkXsb,So Be It,Clipse,5
39,5VnpYqIzm02X9gOhVElQo3,"Telephone Calls (feat. A$AP Rocky, Tyler, The Creator, Playboi Carti & Yung Gleesh)",A$AP Mob,5
39,5z6eExs1VVrcaYQfXxO0Ty,El Profeta,Grupo Laberinto,5
39,3598iBWrS4JhJqP5tHlpVK,THIS IS FOR,TWICE,5
39,5r5cp9IpziiIsR6b93vcnQ,Walking On A Dream,Empire Of The Sun,5
39,3yx6eryOZgO54bt3B671cn,Work,Iggy Azalea,5
39,1ZEOIhSn6BKErV59bIgn76,California Dreamin',The Mamas & The Papas,5
39,6l0Ky2PycJV1Bz88kFeVGL,Capital Letters,Hailee Steinfeld,5
39,1hJN8hZvzEvOvqX32jSSrw,where's my head at _,Basement Jaxx,5
39,3BZGi1yUqQyCNC868AqUGG,Big in Japan,Alphaville,5
40,44XPRtWVxzV9F7QcqdF9xU,KISS OF LIFE,Ken Hirai,5
40,4kCkgD1ITALBjzBwGsf6tW,wgft (feat. Burna Boy),Gunna,5
40,2RlgNHKcydI9sayD2Df2xp,Mr. Blue Sky,Electric Light Orchestra,5
40,5RKQ5NdjSh2QzD4MaunT91,Don't Stop Believin' (2022 Remaster),Journey,5
40,43tVqovviXhkmOV5LOkTn7,Burgundy (feat. Vince Staples),Earl Sweatshirt,5
40,5Pg8MZDBD6sNsnV3miq2jo,Rack,callmestevieray,5
40,6puhdS8hZGcy38lvnixSm7,hysteric,jaydes,5
40,0qSnORtqjEXLFKKKSy9WMc,Beanie - Slowed,Chezile,5
40,0cbVD7WpHVdHUKwoolzhCZ,FUK SUMN,¥$,5
40,3NqCEpT8xsHdzpiRlM1kpS,Through Da Storm,Polo G,5
40,4ISmCP4vmCPTW02dgh5rYN,The Smooth Kind,Larry June,5
40,3G6hD9B2ZHOsgf4WfNu7X1,Team,Lorde,5
40,51c94ac31swyDQj9B3Lzs3,Change (In the House of Flies),Deftones,5
40,7EkWXAI1wn8Ii883ecd9xr,Freaks,Surf Curse,5
40,08PdFBcXzpkn1cWNgmKqhn,Promise,Laufey,5
40,5ZdzNVOmCSp5HFLk0EgvJS,Dirty Little Secret,The All-American Rejects,5
40,2RTLIQRc8yogHh08waQDVa,I Know It's Over,Jeff Buckley,5
40,1jlG3KJ3gdYmhfuySFfpO1,I'm with You,Avril Lavigne,5
40,1bx6QL4eUThXV2jS3B9atn,SWEET LOVE,Stephen Sanchez,5
40,4etRRTZx5odrdgKiZqGSZ6,Pretty Boy,P1Harmony,5
40,0cWKIr2hzxT6vuxFrCzcMz,Love Is Everywhere (Beware),Wilco,5
40,3SFTOkdpITsy3BVPdXZiUo,Still Livin',Freddie Gibbs,5
40,0eAuGrXyGFYwur9ARUe7LJ,Earrings,Malcolm Todd,5
40,77yGZRjuWfSzbDT0ROSSUG,Earthmover,Have A Nice Life,5
40,7oAuqs6akGnPU3Tb00ZmyM,All Night,Beyoncé,5
40,2I1BvCYcbglVwpnF8J3u5D,"Kapitel 9.2 - Der Tote vom Maschsee (Hannover-Krimis, Band 1)",Susanne Mischke,5
40,4zXuYQNDmw3dlauyc8q3Kd,We'll Never Have Sex,Leith Ross,5
40,5oQpH1uuZte4axR411rIlN,SPECIALZ,King Gnu,5
40,6D60klaHqbCl9ySc8VcRss,Stronger (What Doesn't Kill You),Kelly Clarkson,5
40,7DnAm9FOTWE3cUvso43HhI,Sweet but Psycho,Ava Max,5
40,3d0WouFnFmr0K3kjeza3fF,Hips Don't Lie (feat. Wyclef Jean),Shakira,5
40,0rmGAIH9LNJewFw7nKzZnc,You Give Love A Bad Name,Bon Jovi,5
40,5JXtkWtuqS8Dm8sKbtPGWa,9,Dean Blunt,5
40,1eTaznNW4Xxtx9za2SMTXB,DENIAL IS A RIVER,Doechii,5
40,6kWJvPfC4DgUpRsXKNa9z9,All That She Wants,Ace of Base,5
40,5GKwq4sO5ZHKuWaDmdwMQc,Bad Boy,Red Velvet,5
40,2kZoOj1n5vk9BuF0sih58M,SOMEBODY LOVES ME,PARTYNEXTDOOR,5
40,0IVAYMUDvpzFxIEuGc71SM,P*RNSTAR,Nessa Barrett,5
40,49MHCPzvMLXhRjDantBMVH,Just the Way You Are,Billy Joel,5
40,49X0LAl6faAusYq02PRAY6,Lady - Hear Me Tonight,Modjo,5
40,0FO4lzbW7ufcYSc1iHune9,Seagirl,King Krule,5
40,5krhWYmWIKJhI96deUujm8,Specter,Bad Omens,5
40,7a86XRg84qjasly9f6bPSD,We Are Young (feat. Janelle Monáe),fun.,5
40,1KGi9sZVMeszgZOWivFpxs,No Scrubs,TLC,5
40,3bwAS8cN7Xtzvv5UurJOOX,I Am the Highway,Audioslave,5
40,3zwmW1gM4E8FlHXV5nE16u,Be Yourself,Audioslave,5
40,3oNQ6NkihVzQkV5qhk2Pbe,Something About You,Eyedress,5
40,4fJWoaQqGZwp3quw9OpLMe,Pose,Daddy Yankee,5
41,6qNB2ChCVPepl5ZjVJJTUW,STUPID (feat. Yung Baby Tate),Ashnikko,5
41,0i19MAZbyn8uTir7FprXId,Oh! Sweet Nuthin' - 2015 Remaster,The Velvet Underground,5
41,4Gd6yYZtA0U0fQbphXZGWI,Viol,Gesaffelstein,5
41,5r5cp9IpziiIsR6b93vcnQ,Walking On A Dream,Empire Of The Sun,5
41,51czegKF9UbmUZkp8etKj2,Bass Slut - Original Mix,S3RL,5
41,5naar7XewEOAjOywIp6Jjq,Remember When,Wallows,5
41,0dMmAvh8LRm7GTXht4bMlP,Shotta Flow (feat. Blueface) - Remix,NLE Choppa,5
41,3w3y8KPTfNeOKPiqUTakBh,Locked out of Heaven,Bruno Mars,5
41,0b9oOr2ZgvyQu88wzixux9,This Is America,Childish Gambino,5
41,5td7LYTivVH0MXXwin8QvE,A Little Bit Harder Now,She Wants Revenge,5
41,1a7onn7lPqqRWul5ogyMyX,ANSIEDAD,Fuerza Regida,5
41,09riz9pAPJyYYDVynE5xxY,1000 Blunts,$uicideboy$,5
41,5uCax9HTNlzGybIStD3vDh,Say You Won't Let Go,James Arthur,5
41,5h0M2GbBfvOj8GdG7sIDQT,Human,Sevdaliza,5
41,0Dx352kZFiXR1NlcEMDJZx,Diplomat's Son,Vampire Weekend,5
41,4OLRw2NSxCyNkfCs8Uwvwg,Ebony Eyes,Bob Welch,5
41,4TLXwgCmciX8sYIVj1b7Xg,Hartwell,Shelly,5
41,4oE7MyJhqSD3BaHRpNs8Nl,JANE DOE,Kenshi Yonezu,5
41,6J2LdBN97cDWn0MLxYh9HB,July,Noah Cyrus,5
41,3mPAhyYswPqr9dCTAdCqyV,1-800,bbno$,5
41,3EK4tGkSiO5xvvB5sM4tln,Amárrame,Mon Laferte,5
41,0ikz6tENMONtK6qGkOrU3c,Wake Me Up Before You Go-Go,Wham!,5
41,1ZBqJilDGBVYktvlCEo9jC,Obstacle 1,Interpol,5
41,3kb38wezoUA8ki5jPYy3t5,Little Secrets,Passion Pit,5
41,2NBQmPrOEEjA8VbeWOQGxO,Drop It Like It's Hot,Snoop Dogg,5
41,6CC5XSjHTTG3X3MmtLjvXx,Golden Brown - Sped Up Version,The Stranglers,5
41,6TfBA04WJ3X1d1wXhaCFVT,"You're Gonna Go Far, Kid",The Offspring,5
41,4wSmqFg31t6LsQWtzYAJob,Genesis,Justice,5
41,4Tjs8b6jL1s18sjURJtswp,Lola (2020 Stereo Remaster),The Kinks,5
41,3sLTYBYs6lJsFK84t2X7wt,Bathroom,Montell Fish,5
41,7vUfTjiMjFfXe7Brz62tXH,Rockaria!,Electric Light Orchestra,5
41,1bv9wrUiUgjWfahxVwtGSr,Letter Home,Childish Gambino,5
41,1LzNfuep1bnAUR9skqdHCK,Fade Into You,Mazzy Star,5
41,5bJxFYztEjgWrIN7w3zhcF,Fuso,Duquesa,5
41,2IWtloZYQDcP8Ashwx8QEF,Black Out Days,Phantogram,5
41,2yPoXCs7BSIUrucMdK5PzV,Umbrella,Rihanna,5
41,2gmwvGC1yOw8NdMcZE8nfo,Literal Legend,Ayesha Erotica,5
41,1i8dJGpKO0xQiKGCVslJqB,half return,Adrianne Lenker,5
41,24SUWisv2lYQiB3bVpE1sn,Virtual Insanity,Jamiroquai,5
41,2lpygKqzPFtItQ4ss3cgfb,Cinderella (feat. Ty Dolla $ign),Mac Miller,5
41,2VGDntFPvgvqSiUf9ITEfW,Someone Great,LCD Soundsystem,5
41,2BDOJPAGE1W3roL0EsK2g0,Princess Bubblegum,ilyTOMMY,5
41,1eUGmzzvahJjOSWgDHuRlv,Girl With The Tattoo Enter.lewd,Miguel,5
41,6QhXQOpyYvbpdbyjgAqKdY,Cecilia,Simon & Garfunkel,5
41,7aKe0HwSETaLXjsgDnWJup,27,Kerchak,5
41,1Ly3sQABkGYruk0s8XF6US,Can't Get Enough,Tamia,5
41,1hZSUavyxPq5oo0jOGBRSn,2 Fa 2,Glokk40Spaz,5
41,25WBAqR5bcRrs1du9L6AeC,Sports,Beach Bunny,5
41,3oTuTpF1F3A7rEC6RKsMRz,Raindance (feat. Tems),Dave,5
41,3EYOJ48Et32uATr9ZmLnAo,Roxanne,The Police,5
41,7pT6WSg4PCt4mr5ZFyUfsF,If We Have Each Other,Alec Benjamin,5
41,4Ic6LC7I1xNPK1eLrX0qY8,you can't eat cats kevin,Mom Jeans.,5
41,6VoIBz0VhCyz7OdEoRYDiA,Say It Ain't So - Original Mix,Weezer,5
41,4prEPl61C8qZpeo3IkYSMl,Sleepyhead,Passion Pit,5
41,608xszaAxVh4m7NcKJiAbF,One of These Nights - 2013 Remaster,Eagles,5
41,07KXEDMj78x68D884wgVEm,High Fashion (feat. Mustard),Roddy Ricch,5
41,6eT7xZZlB2mwyzJ2sUKG6w,White Iverson,Post Malone,5
41,2JKlf0IYz5oWsT3OCLyjpO,Caress Me Down,Sublime,5
41,1eMNW1HQjF1dbb4GtnmpaX,Slay3r,Playboi Carti,5
41,3SktMqZmo3M9zbB7oKMIF7,Gravity,John Mayer,5
41,6Ozh9Ok6h4Oi1wUSLtBseN,BOP,DaBaby,5
41,1kXmApTm4wonqscYBoLwxj,All Hands on Deck,Tinashe,5
41,1IT0WQk5J8NsaeII8ktdlZ,King For A Day,Pierce The Veil,5
41,5iupE5tK6WVGkK2wXN7DlC,Your Idol,Saja Boys,5
41,0aVd7QiY8BstysHb62c5Fi,seasons,wave to earth,5
42,5L95vS64rG1YMIFm1hLjyZ,Rollercoaster,Bleachers,5
42,0ZRU3O6kVY8CgtYFYwjH4m,All The Things She Said,t.A.T.u.,5
42,3sUwKYPGWdJh2uNmexndza,I Am Impossible,Lucy Bedroque,4
42,68UrZQUuO3O6eUiD226xHg,The Chase,Hearts2Hearts,5
42,4AZk9awBXJRVaLS7gOsaMO,Talk Down,Dijon,5
42,3eFx554nKpVNe4otynSsK0,Niki Fm,Hawthorne Heights,5
42,28UbGXKOcm70brxGctiek4,Loving You On My Mind,Chris Stapleton,5
42,42et6fnHCw1HIPSrdPprMl,Semi-Charmed Life,Third Eye Blind,5
42,4oPLjuY1WgGTL0Ja1doDOn,Magic Johnson,ian,5
42,0Dc7J9VPV4eOInoxUiZrsL,Don't Tell 'Em,Jeremih,5
42,0yN0XNcTaRpvIcEkyv5Uay,"You're Not Gone, You're Just Dead!",VIOLENT VIRA,5
42,0odHj0qIf86vHBsXB30IkZ,So High (feat. Ghost Loft),Wiz Khalifa,5
42,714Lw0m2SmCEhKSPw0Dn8J,Welcome to My Life,Simple Plan,5
42,6RKGBcDtgzXx21zUjpeu6F,Cold Cold Man,Saint Motel,5
42,364JzOajs76bJymjHm3sVY,ピースサイン - Peace Sign,Kenshi Yonezu,5
42,0cbVD7WpHVdHUKwoolzhCZ,FUK SUMN,¥$,5
42,66TRwr5uJwPt15mfFkzhbi,Crank That (Soulja Boy),Soulja Boy,5
42,36gcliMRX1vCpgnrZE3dFZ,10:35,Tiësto,5
42,1d3iQh4fTm5D6iRtgrZPZ9,Megalomaniac,KMFDM,5
42,44sYqNBttbXNxya33FJ3Dj,Camelot,NLE Choppa,5
42,4WFgvKVfEhb3IUAFGrutTR,Love Me Not,Ravyn Lenae,5
42,1yTQ39my3MoNROlFw3RDNy,Say You'll Be There,Spice Girls,5
42,1gyee1JuFFiP476LQpRMYU,The Red,Chevelle,5
42,1hfPEIKHJ0G8Nua3lH0YeG,Ashes,Lazy Habits,5
42,0fVL6EBaQ2X12qQLiFgyg2,You Owe Me,Malcolm Todd,5
42,6L2uVVPJA9WcDc7zCZ4DHN,Love Me Like You,Little Mix,5
42,5TiyljwKu8Dmcmy5t5sHNr,so based,xaviersobased,5
42,6QgjcU0zLnzq5OrUoSZ3OK,Feel It Still,Portugal. The Man,5
42,1XrSjpNe49IiygZfzb74pk,What Once Was,Her's,5
42,27RYrbL6S02LNVhDWVl38b,Happy Xmas (War Is Over) - Remastered 2010,John Lennon,5
42,1JY6B9ILvmRla2IKKRZvnH,Sad Machine,Porter Robinson,5
42,5BUTPG0Csnl1fF5RFg5lUH,How To Teleport,Jane Remover,5
42,0jaFQzTV7zKwuys2YGLpaC,People Everywhere (Still Alive),Khruangbin,5
42,3BovdzfaX4jb5KFQwoPfAw,Beat It,Michael Jackson,5
42,0wP8svOtJ9RpkmDdNGowKY,I Was Made for You,She & Him,5
42,12hVQgYR254ZziANtiKVWQ,Hatchback,Cochise,5
42,1mFrjW8e8fuAOowlU3Q3Dr,Dedicated To The One I Love,The Mamas & The Papas,5
42,1AMADyXgIWayh5vXLZo2qF,Covet,Basement,5
42,2ZgyzFYYOz21b2AhPPkWKF,Untitled,Interpol,5
42,6wqJeItl3Vc3az4ZicSQAB,Before I Forget,Slipknot,5
42,2bLqfJjuC5syrsgDsZfGmn,The Way I Are,Timbaland,5
42,0hgLHFyN9u3WqkK2ofpuUX,The Ultimate Showdown of Ultimate Destiny,Lemon Demon,5
42,3SXXFIZel1VQQ4ENiqozxi,Still into You,Paramore,5
42,3M3N9EgFPVNKoxRpi0TavD,Pyrite,JrBuzzz,5
42,6RM6SBmaiv1ouUxh9nmQLj,Easter Pink,fakemink,5
42,4FjT3dqUW2Uq0R3pMz5V7C,Help Me Lose My Mind,Disclosure,5
42,7k42ztYdHyKWrKrENxwjkV,Atmosphere - 2020 Digital Remaster,Joy Division,5
42,6kcHg7XL6SKyPNd78daRBL,Sweet Talk,Saint Motel,5
42,4Gd6yYZtA0U0fQbphXZGWI,Viol,Gesaffelstein,5
42,7aKe0HwSETaLXjsgDnWJup,27,Kerchak,5
42,5UKj2UGT4AMc1GMLk5S5sw,Fall In Love,Phantogram,5
42,3s4U7OHV7gnj42VV72eSZ6,Rather Be (feat. Jess Glynne),Clean Bandit,5
42,0G21yYKMZoHa30cYVi1iA8,Welcome To The Jungle,Guns N' Roses,5
42,4TnEIYOXZ9KBGHOIqG5Xs5,ESCADA DO PRÉDIO,PEDRO SAMPAIO,5
42,4sP9P3sGwmCXLLkxcqLXlM,GET OUT OF MY YARD,Lil Darkie,5
42,4sOX1nhpKwFWPvoMMExi3q,Primadonna,MARINA,5
42,2RTLIQRc8yogHh08waQDVa,I Know It's Over,Jeff Buckley,5
42,2aPTvyE09vUCRwVvj0I8WK,Sundress,A$AP Rocky,5
42,2DHc2e5bBn4UzY0ENVFrUl,Carry Out (Featuring Justin Timberlake),Timbaland,5
42,0jfuRiv6Ku16cub4xZkTz4,Silver Screens,The Walters,5
42,5BsigwhOMHxCkF6ntEhUQ5,how u feel?,Destroy Lonely,5
42,1A2EHsaElnVL6Mc4apEY0v,The Alchemist,HAARPER,5
42,3RXUgPNIbUgFxsDWuBQEt6,How It’s Done,HUNTR/X,5
42,2tej1KSqNuxwywIpY1rDRc,Hide and Seek,Imogen Heap,5
42,6SpLc7EXZIPpy0sVko0aoU,Misery Business,Paramore,5
42,5AnCLGg35ziFOloEnXK4uu,Adore You,Miley Cyrus,5
42,7iDa6hUg2VgEL1o1HjmfBn,Meant to Be (feat. Florida Georgia Line),Bebe Rexha,5
42,6qLEOZvf5gI7kWE63JE7p3,Interstate Love Song - 2019 Remaster,Stone Temple Pilots,5
42,1jMaB19DiVR8OihLSuYFOt,Spoonman,Soundgarden,5
42,0bhciG1J5Mn3aIfPjvHQIe,Photo ID,Remi Wolf,5
42,4PZQtsDTNlq5hFWmdBb5xh,Steady,Bella Kay,5
42,5fdhThPDe6jQQDqCyWrdAn,Jolene,Dolly Parton,5
42,41G5oiNumgRbt8fNZfncnN,Here I Am,The Hellp,5
42,2D1rYPinUnikGU9xNWylnN,Setting Sun,You'll Never Get to Heaven,5
42,5v3Dv4UlDOGaXlvphFpkIX,Hello Juliet,Clarion,5
42,7DQotDUGnJkXgNJv363GXF,Zombie,YUNGBLUD,5
42,6OWWZtNQORY1McaZmOrwhc,GO!,CORTIS,5
42,4SwSpxsOYtnEaRxWtYrnvZ,Vampire Empire,Big Thief,5
42,59CLe8stbcx4XYBWdsfbwK,One Way Or Another,Blondie,5
43,2Fyjjpg03fn7n5cj0Qm380,Karma,Summer Walker,5
43,024GxR7aMUMCPtp8Y3c1zn,Drive Safe,Myles Smith,5
43,0wz1LjDb9ZNEYwOmDJ3Q4b,Surfin' U.S.A. - Remastered 2001,The Beach Boys,5
43,4jCKLCyhHjrzz6be6NDhrd,Roc Steady (feat. Flo Milli),Megan Thee Stallion,5
43,7GX5flRQZVHRAGd6B4TmDO,XO Tour Llif3,Lil Uzi Vert,5
43,7Cs6hyQ9Ecyjejra0PTJnl,Jennifer's Body,Julia Wolf,5
43,7jeOETwLUP84mPQzxlD5nh,Then He Kissed Me,The Crystals,5
43,0yuAWlxq59xT3agQ965OxE,Sunsetz,Cigarettes After Sex,5
43,29TPjc8wxfz4XMn21O7VsZ,Sky,Playboi Carti,5
43,2x2olWuWXpqjoeE4bO1NFS,Never Lose Me,Flo Milli,5
43,0620OecAlwJQxWieRW4L9s,Bless the Telephone,Labi Siffre,5
43,5NJvgtVjLTTogjFcrOIZYN,Flesh For Fantasy,Billy Idol,5
43,2NyrXRn4tancYPW6JwtTl2,From The D To The A (feat. Lil Yachty),Tee Grizzley,5
43,1RM4jcne1iJXnxX1vuGJC0,Entry Four,Jaydes Archive,5
43,3aAnwyBJY9OLNLqSgd4fZU,Deja Vu,TOMORROW X TOGETHER,5
43,1vFLg6nWigxe7H8pw2GT6z,Bad Moons,American Football,5
43,364JzOajs76bJymjHm3sVY,ピースサイン - Peace Sign,Kenshi Yonezu,5
43,7oAuqs6akGnPU3Tb00ZmyM,All Night,Beyoncé,5
43,5rfOARz6QO73wPATyMtQQZ,DANCE...,Slayyyter,5
43,45hOioMDJktr86iKDHC8gr,Girlfriend,Avril Lavigne,5
43,7x8dCjCr0x6x2lXKujYD34,The Pretender,Foo Fighters,5
43,10hMM5nsZQf66ldBlgWBfG,All For Us - from the HBO Original Series Euphoria,Labrinth,5
43,2pB49wD5LpB8gYmqOIybTC,Runaway,AURORA,5
43,0dFdGPVLs3k0z9ezYWZzUa,Intimidated (feat. H.E.R.),KAYTRANADA,5
43,4rUTAkOU7OkVGeQuyQCHhF,Sledgehammer,Fifth Harmony,5
43,1oYYd2gnWZYrt89EBXdFiO,Message In A Bottle,The Police,5
43,6ToM0uwxtPKo9CMpbPGYvM,Break on Through (To the Other Side),The Doors,5
43,7j31rVgGX9Q2blT92VBEA0,Teenagers,My Chemical Romance,5
43,3bR8wBqLky6b61ROJlaBEF,"Ai, Amor",ANAVITÓRIA,5
43,4fiOTntQKr24p07FvQDHZE,Raining Blood,Slayer,5
43,67Ca21PiqjzovVSAwBMwUf,IDK WHAT TO TELL YOU,BKTHERULA,5
43,2wUlYDGGXlSvm2NkGj0Qio,Personal Jesus,Depeche Mode,5
43,2gYTC8DsplN3RNdpdBcCOQ,Die On This Hill,SIENNA SPIRO,5
43,5qHYXcVvc9xsFB2uH7GpMN,Kokomo,The Beach Boys,5
43,2ekn2ttSfGqwhhate0LSR0,New Rules,Dua Lipa,5
43,1DunhgeZSEgWiIYbHqXl0c,Latch,Disclosure,5
43,2q4rjDy9WhaN3o9MvDbO21,Kiss Me Thru The Phone,Soulja Boy,5
43,53DB6LJV9B8sz0p1s6tlGS,Roll Up,Wiz Khalifa,5
43,21jEuMn2lf37715rwjow2M,The Freshmen,The Verve Pipe,5
43,59CLe8stbcx4XYBWdsfbwK,One Way Or Another,Blondie,5
43,4E5N0mYyYFf0QZs3XDeSIj,Summer's Over,Jordana,5
43,5hR0wTnydz6lmErOV4c0sp,Losing You,Solange,5
43,0J7NIJ4cWEbglTRdTjKUHY,It’s About Blood,Steve Earle,5
43,4qtdab2DABnEokwupCl8lG,Dirty Work,aespa,5
43,4uQ7wYsuL0DryknoDc11Hk,Norf Norf,Vince Staples,5
43,4kxuHjDd6i7TtLzzy7Jhds,Come Over,Estelle,5
43,2mNGL7mZILSqZHxGboJaO9,COMË N GO,Yeat,5
43,3BpiaGyTIb7VIoAYbvSzTH,Réu Confesso,Tim Maia,5
43,2GxrNKugF82CnoRFbQfzPf,i like the way you kiss me,Artemas,5
43,12VH4g5pTMZmrUVzfJq7F7,M a k e I t T o T h e M o r n i n g,PARTYNEXTDOOR,5
43,4AajxCEwGEsmHmT4H1TwjY,undressed,sombr,5
43,37qlkp5VImuuYcXZI6aiam,#thatPOWER,will.i.am,5
43,6otiaV2fagE3s8IvP6WkwG,I'm Just a Kid,Simple Plan,5
43,0bRXwKfigvpKZUurwqAlEh,Lovely Day,Bill Withers,5
43,4G1qRhOk1YY0kewtMaCrMC,Rain,SWV,5
43,19a3JfW8BQwqHWUMbcqSx8,Famous,Kanye West,5
44,1rfGO3N4DPGodJLSSY9Re5,Sticky,Ravyn Lenae,5
44,0ckz6cIqlKhF5QsP1pl0UZ,Goth Babe,Surf Curse,5
44,7AQim7LbvFVZJE3O8TYgf2,Fuck Love,XXXTENTACION,5
44,2SAqBLGA283SUiwJ3xOUVI,Laugh Now Cry Later (feat. Lil Durk),Drake,5
44,3cijWAljXxxJDco4N2aLQl,Lança Perfume,Rita Lee,5
44,4w3tQBXhn5345eUXDGBWZG,9 to 5,Dolly Parton,5
44,0JKGe340YJwfDrpXqPQ8sw,Daechwita,Agust D,5
44,11M8c9SHQYpd8DOrmcu25k,Beg for You (feat. Rina Sawayama),Charli xcx,5
44,3bidbhpOYeV4knp8AIu8Xn,Can't Hold Us (feat. Ray Dalton),Macklemore,5
44,6lkBWNf98tfthAaNovqiVq,RISE,League of Legends,5
44,5hkdfA87RZvNaxl6XiveOA,Everybody's Changing,Keane,5
44,3vkQ5DAB1qQMYO4Mr9zJN6,Gimme! Gimme! Gimme! (A Man After Midnight),ABBA,5
44,50ARYbP5bKUn4YVKZIEfbS,EX,P1Harmony,5
44,5UJbgR4XF4y1DvbkxEqe8S,Sports car,Tate McRae,5
44,5vTD9vLsJ979ug2rz3d6US,Hey - Slowed,Luci4,5
44,225xvV8r1yKMHErSWivnow,"I Don't Want to Miss a Thing - From ""Armageddon"" Soundtrack",Aerosmith,5
44,0wIdpFIZqaKyscPAMSQ9wq,Yeah Yeah,Young Nudy,5
44,04aAxqtGp5pv12UXAg4pkq,Centuries,Fall Out Boy,5
44,00kIWJu9IHiQ6i0qJAU0Z9,Amor Completo,Mon Laferte,5
44,0y60itmpH0aPKsFiGxmtnh,Wait a Minute!,WILLOW,5
44,5kB8WUUla9s2w7yXD7h4CQ,Sabor a Mi,Luis Miguel,5
44,2cGxRwrMyEAp8dEbuZaVv6,Instant Crush (feat. Julian Casablancas),Daft Punk,5
44,20zQZVyUNPbq8kZACdgYrh,On The Floor,Jennifer Lopez,5
44,6IyoLWzljeR3ldQo4KWHT6,Out thë way,Yeat,5
44,58b0gBwBVjQfbbCU4xIvoy,Supernova,aespa,5
44,49DTiFx70EuJLV7hDsCo6z,WE GO UP,BABYMONSTER,5
44,5bknBRjKJZ643DAN2w8Yoy,FACE,BROCKHAMPTON,5
44,50PyquzZ9BaBwLZZd1AuuV,Close To You,Dayglow,5
44,3Gdb4inHtK8UT1MyswIXla,Always a Relief,The Radio Dept.,5
44,5gZ8nTiDCrI6IIk447z04i,What?,Rob Zombie,5
44,2tTmW7RDtMQtBk7m2rYeSw,"Quevedo: Bzrp Music Sessions, Vol. 52/66",Bizarrap,5
44,4S0NYVAQdIb81uLoZoQmgq,Kiss of Life,Sade,5
44,6glsMWIMIxQ4BedzLqGVi4,"So Fresh, So Clean",Outkast,5
44,1y3NV3N99VoSP4crdkbog7,Drop Stop Roll,Rainbow Kitten Surprise,5
44,6mICuAdrwEjh6Y6lroV2Kg,Chantaje (feat. Maluma),Shakira,5
44,3THVfoVD5kdCxPviVaCPi7,Internet Girl,KATSEYE,5
44,16y0FJCBes7RcTqPtdV7Uu,Congress Shall Make No Law,Frank Zappa,5
44,4hJAHfT4Q92Bj93RlYtCou,IT'S TIME,femtanyl,5
44,14RRHdmfjGPhuWBhkl4Ne4,Ransom,A Boogie Wit da Hoodie,5
44,6ZQgooEk8PvsLxedYaT6Oa,Across the Universe,Fiona Apple,5
44,60eOMEt3WNVX1m1jmApmnX,Live in the Moment,Portugal. The Man,5
44,4e76Ss3ji7HQZ4qwcPNkNA,MIENTRAS DUERMES,Junior H,5
44,2dxjKgT0li4qBI3QwuN9Ih,Touch The Sky,Kanye West,5
44,2JylxGfaeGAsiLbQC9tYYH,Bait & Switch,KMFDM,5
44,42qNWdLKCI41S4uzfamhFM,Duvet,bôa,5
44,1pr9TZGOXeJUggIal1Wq3R,Blind,Korn,5
44,0YVh3SyU4dS7jOWIFQ1tTf,LET THE WORLD BURN,Chris Grey,5
44,5oady7OSE7dH7LHiqmb3Cr,"Dreams, Fairytales, Fantasies (feat. Brent Faiyaz & Salaam Remi)",A$AP Ferg,5
44,2DGa7iaidT5s0qnINlwMjJ,The Spectre,Alan Walker,5
44,7rvmQB9tqUHWO6weobTGPO,Mono (feat. skaiwater),i-dle,5
44,5SkRLpaGtvYPhw02vZhQQ9,All Falls Down,Kanye West,5
44,6kWJvPfC4DgUpRsXKNa9z9,All That She Wants,Ace of Base,5
44,0HfU5n8xDZP3VCQTJ0pDx1,Clap,Waka Flocka Flame,5
44,6vwUnlOycgm21T6qKn8jxf,Let You Go,Clara La San,5
44,7FOgcfdz9Nx5V9lCNXdBYv,Red Wine Supernova,Chappell Roan,5
44,6ScJMrlpiLfZUGtWp4QIVt,A Milli,Lil Wayne,5
44,2ACOWPLUe4A4KuQ5ioD2od,That's My Girl,Fifth Harmony,5
44,3WbphvawbMZ8FyqDxYGdSQ,When I'm Gone,3 Doors Down,5
44,7K3Lc3TfSR14aTOjIH7TUj,Just The Way You Are,Milky,5
44,7uv632EkfwYhXoqf8rhYrg,Angel,Massive Attack,5
44,6jg5SRvdGxvJ0DzNV0UqEK,Please Don't Go,Mike Posner,5
44,2ZqTbIID9vFPTXaGyzbb4q,Neva Play (feat. RM of BTS),Megan Thee Stallion,5
45,7BaxYnTazocAOK3istsW1z,You're Not The Only One I Know,The Sundays,5
45,5ZfMBw3QdSMAHSEDa8FoA0,Savage Funk,Anitta,5
45,5qZ4c1EBVWpmz1GBaks8Uq,Bloodhail,Have A Nice Life,5
45,3LlmKSHR3Rs0Y3KHQLAYDk,Alone,Alan Walker,5
45,0brOhzwJscn8Bw5q0o2YZ6,Lonely,Bella Kay,5
45,2g1KggY9PKvsoEAOaiz4xx,Daisy,Ashnikko,5
45,1b61sH8zY8kEZrPOoESQAZ,New Friends (Reimagined),Jordana Bryant,5
45,5zPTc1mblCrVgMmPzrTMfQ,"Better Off (Alone, Pt. III)",Alan Walker,5
45,58RDwkonFMOkoytBtIQetc,Love You to Death,Type O Negative,5
45,3X04hhGLUCz86UwEAKSVAB,2hollis,Lelo,5
45,0bRXwKfigvpKZUurwqAlEh,Lovely Day,Bill Withers,5
45,2Qep4aj5AQbVoL5uLZtAKs,Popular Chance - Lost Tapes 2022,Tory Lanez,5
45,56GbZVwxMdf1DENCluYS8A,Don't Dream It's Over,Crowded House,5
45,0IRZwSCWFdT5D8hNCXHzZX,More Than My Hometown,Morgan Wallen,5
45,2cgHekIPyuKxEEcV72tuy4,Live For You,Thee Sacred Souls,5
45,7j74lucZ59vqN67Ipe2ZcY,Maneater,Daryl Hall & John Oates,5
45,34WePpH1av2xmrlU2xUqmQ,Can't Do A Thing,Chris Isaak,5
45,20OFwXhEXf12DzwXmaV7fj,Bad Moon Rising,Creedence Clearwater Revival,5
45,6kesIBNAY17BoAz28pnWMC,Run,Snow Patrol,5
45,4xhsWYTOGcal8zt0J161CU,Lovin On Me,Jack Harlow,5
45,4gRA0i5sxx3jAhHaVjPnUN,Use Me,Bill Withers,5
45,0KQx6HOpJueiSkztcS0r7D,Fallin',Alicia Keys,5
45,2FwDApgXk91kXvqy2oB7dz,Simulation Swarm,Big Thief,5
45,1pPqVrG2RCHXx81Aw4xp99,Gravity Rides Everything,Modest Mouse,5
45,7umZiitjVsEjMQ6HNddpUI,Love Is Only a Feeling,Joey Bada$$,5
45,3FI0iAAAjmR31xpZEwbdys,Circle With Me,Spiritbox,5
45,0GXwlEXCO8qeeeOIYpsR3m,Rain,Sleep Token,5
45,6NjWCIYu1W8xa3HIvcIhd4,Nasty,Tinashe,5
45,3NLrRZoMF0Lx6zTlYqeIo4,Here Without You,3 Doors Down,5
45,1PehfITh0TTRx3LkDdV4h3,Fame - 2016 Remaster,David Bowie,5
45,5BDo6TzD8q0oNtqhhXU3nx,Do It,underscores,5
45,5Wj1rJnCLpMHdLaxsFtJLs,Bennie And The Jets - Remastered 2014,Elton John,5
45,1ri9ZUkBJVFUdgwzCnfcYs,MAMIII,Becky G,5
45,5e0b9LgOfi3aJSKXFcOWRe,Beanie,Chezile,5
45,5Dpryv5D5xUTMrqd82JwGD,southbound,Artemas,5
45,4dT3qLUU6fFUmomLzk2cUA,Freedom! '90 - Remastered,George Michael,5
45,5JXtkWtuqS8Dm8sKbtPGWa,9,Dean Blunt,5
45,4zetUxeSCCDwrr1jJT0SuD,Miss Misery,Elliott Smith,5
45,6JKoTnberZoBgUuxa6l4Kh,Hive (feat. Vince Staples & Casey Veggies),Earl Sweatshirt,5
45,73SBAGI4fPFm4VkB3NjXq8,I Want You To Love Me,Fiona Apple,5
45,3yklxY8pm64CJ3BJSSjvEL,Dizzy,KiiiKiii,5
45,6AI3ezQ4o3HUoP6Dhudph3,Not Like Us,Kendrick Lamar,5
45,08onVqQ8YicJ98Ycm1qoLf,Urgent,Foreigner,5
45,3GR5Qd34nif6bskCrhTZue,Sounds Like a Melody,Alphaville,5
45,3qhlB30KknSejmIvZZLjOD,End of Beginning,Djo,5
45,2fSW54bA6x2iWePU7rpCiP,Mama Cry,YNW Melly,5
45,3rTnGUeDrnZV22DvRuUuXr,Wait,M83,5
45,7bzzC7QIfflM9eEj2aqaYX,Blue Ridge Mountains,Fleet Foxes,5
45,4VUwkH455At9kENOfzTqmF,Beautiful (feat. Camila Cabello),Bazzi,5
45,0ful4PHfTIxzXiZSZsXQ0H,Oxford Comma,Vampire Weekend,5
45,3MEYFivt6bilQ9q9mFWZ4g,Alone,Marshmello,5
45,7wCmS9TTVUcIhRalDYFgPy,Where Is My Mind? - 2007 Remaster,Pixies,5
46,5lDixe3b2yQDQ18lAUoSWq,Wicked Game,Chris Isaak,5
46,0oF9jpn0n8afMpbHKgRd6J,I Ain't Worried,OneRepublic,5
46,0w3Mfe4PIVjuFjJbe3OlYv,8am in Charlotte,Drake,5
46,2WfVvwTtB1ZHokdPwHnxom,ik,glaive,5
46,7M2tXmeS15NAzEn7ABFeBg,Homicide (feat. Eminem),Logic,5
46,0eFMbKCRw8KByXyWBw8WO7,Still With You,Jung Kook,5
46,1oLw159VwL1ldfPMAs1j2V,Balla,Edward Maya,5
46,2BrzlUj1u1CtvaJDGIKpsP,Make Me (Cry),Noah Cyrus,5
46,65DbTqJKhbwqYbZ1Okr0rc,Choosin' Texas,Ella Langley,5
46,2HRqTpkrJO5ggZyyK6NPWz,Espresso,Sabrina Carpenter,5
46,4hSTvY4GQrNDC2TsCwhEFc,Lift You Up,Danny Brown,5
46,6gZVQvQZOFpzIy3HblJ20F,Man in the Box,Alice In Chains,5
46,6FPxVmp66GVKkVvfiBWly4,GOTTI,6ix9ine,5
46,3cJh89D0za2SW705fNBo3b,Where's Your Head At,Basement Jaxx,5
46,6Jv7kjGkhY2fT4yuBF3aTz,"Lover, You Should've Come Over",Jeff Buckley,5
46,6Y16szIjrhu91wNbHTDqhX,take me by the hand,Oklou,5
46,7xQAfvXzm3AkraOtGPWIZg,Wow.,Post Malone,5
46,6NLRMu1qF1kJQnntDNWDmy,Lemon Glow,Beach House,5
46,1UqhkbzB1kuFwt2iy4h29Q,Cough Syrup,Young the Giant,5
46,1hfPEIKHJ0G8Nua3lH0YeG,Ashes,Lazy Habits,5
46,74jYpz3ZVG1ThkBtsoUwG1,Rings,Pinegrove,5
46,1zKnyGMHUfR8zAzBJRpz5w,High In Low Places,Beach Weather,5
46,7BPadP3q9qwMkho3IMPU99,BURN,¥$,5
46,6KOEK6SeCEZOQkLj5M1PxH,California Gurls,Katy Perry,5
46,3ovjw5HZZv43SxTwApooCM,Wind Of Change,Scorpions,5
46,2xsTsnA5QOFCnFXdEHGkli,STAY HERE 4 LIFE (feat. Brent Faiyaz),A$AP Rocky,5
46,5Pg8MZDBD6sNsnV3miq2jo,Rack,callmestevieray,5
46,2kHNRJGSuHz8Z3bUWl7Mo6,Blue Oyster Cult (Live),Shonen Knife,5
46,3lCb7ZYE3Fvie4JOPqpXfY,FIELD TRIP,¥$,5
46,1A6Kwtsg3JWKU2KWM2udpM,I'm Not In Love,10cc,5
46,6jYiHr12NVKLzn0X7K8aSK,FOCUS,Hearts2Hearts,5
46,0SiywuOBRcynK0uKGWdCnn,Bad Romance,Lady Gaga,5
46,3siwsiaEoU4Kuuc9WKMUy5,No One Noticed,The Marías,5
46,4wSmqFg31t6LsQWtzYAJob,Genesis,Justice,5
46,6EMynpZ10GVcwVqiLZj6Ye,Champagne Supernova,Oasis,5
46,3wuCCNCnBhJlwkIJTBZFiv,They Don't Care About Us,Michael Jackson,5
46,5smzdAtuOJOp3jEKjTno3p,I Only Miss You (feat. Ed Sheeran),Megan Moroney,5
46,2I9foKseoFQh07p6sD2voE,Many Men (Wish Death),50 Cent,5
46,1xpXnpIpuvzpx9jz15baJF,Call Me,NAV,5
46,5Q0Nhxo0l2bP3pNjpGJwV1,Party In The U.S.A.,Miley Cyrus,5
46,3E7ZwUMJFqpsDOJzEkBrQ7,Can't Get You out of My Head,Kylie Minogue,5
46,4VI2Y5xg4gYynQqNQNQbTN,WHATCHU KNO ABOUT ME (with Sexyy Red),GloRilla,5
46,7vv89PswQvqGKCGJ1rw5on,FIELD TRIP,¥$,5
46,1CS7Sd1u5tWkstBhpssyjP,Take Me to Church,Hozier,5
46,30JUrbIq4PsRjIvDz8freE,Out Getting Ribs,King Krule,5
46,3LrpT732y9nK2EZqjjEiox,Cookie Jar (feat. The-Dream) - STRESSed out Remix [STRESSed Out Remix],Gym Class Heroes,5
46,0iFOG4Ki9aDmJUYUFHQlPG,Frontin' (feat. JAY-Z) - Club Mix,Pharrell Williams,5
46,5q7icrT1Wn8PHaePIjYYyg,Singapur,El Alfa,5
46,3AhXZa8sUQht0UEdBJgpGc,Like a Rolling Stone,Bob Dylan,5
46,6vu5xJWIvukCK8cwBXOOj0,Living In A Haze,Milky Chance,5
46,6Tsu3OsuMz4KEGKbOYd6A0,Hypnotize - 2007 Remaster,The Notorious B.I.G.,5
46,0JP9xo3adEtGSdUEISiszL,Moonlight,XXXTENTACION,5
46,4fsQ0K37TOXa3hEQfjEic1,ANTIFRAGILE,LE SSERAFIM,5
46,3598iBWrS4JhJqP5tHlpVK,THIS IS FOR,TWICE,5
46,1LzNfuep1bnAUR9skqdHCK,Fade Into You,Mazzy Star,5
46,04aAxqtGp5pv12UXAg4pkq,Centuries,Fall Out Boy,5
46,4wH4dJgrsxONID6KS2tDQM,Maneater,Nelly Furtado,5
46,464XMdxuH3QmvwLpMrOhGj,girl,salvia palth,5
46,6AtgHxdvghUjcjdPX1VhWN,Streets of Minneapolis - Radio Mix,Bruce Springsteen,5
46,3vJIaiTIHxHhYafTSPNiH4,Zoo,Disney,5
46,2mxPSHEwjJWOQS7lGw6btF,Lucky Man,The Verve,5
46,6Ko6VLnveSju6IZiwONLTt,Baby Blue,King Krule,5
46,44sYqNBttbXNxya33FJ3Dj,Camelot,NLE Choppa,5
46,0LdIVAcALGjlmKnwN36WMg,Fall Back,Lithe,5
46,67BtfxlNbhBmCDR2L2l8qd,MONTERO (Call Me By Your Name),Lil Nas X,5
46,3GfOAdcoc3X5GPiiXmpBjK,Song 2,Blur,5
46,0jaFQzTV7zKwuys2YGLpaC,People Everywhere (Still Alive),Khruangbin,5
46,1Q7EgiMOuwDcB0PJC6AzON,Best Part (feat. H.E.R.),Daniel Caesar,5
46,5u9cuDcYdOpSRB7fAYXXdp,Marcel,Her's,5
46,3XKIUb7HzIF1Vu9usunMzc,Maria Maria (feat. The Product G&B),Santana,5
46,6snYsavG9vq3C7RGN98dst,Gang Signs (feat. ScHoolboy Q),Freddie Gibbs,5
46,3tAVOTf1AqN3vBpkocy7MA,My Bloody Valentine,Good Charlotte,5
47,4nVBt6MZDDP6tRVdQTgxJg,Story of My Life,One Direction,5
47,2206j6VX2vU9N4hnucVGxc,lie,2hollis,5
47,4e9eGQYsOiBcftrWXwsVco,Aerials,System Of A Down,5
47,0GXwlEXCO8qeeeOIYpsR3m,Rain,Sleep Token,5
47,4TwEdnSiTPDR1vg1QZ5K8W,Beautiful People,David Guetta,5
47,7FFS7cQvZ0QpuVvG2cMDKY,Blood Of The Scribe,Lamb of God,5
47,2IVsRhKrx8hlQBOWy4qebo,Mr. Loverman,Ricky Montgomery,5
47,34dkZZNQJzEJRqPkywYmEY,A Quick One Before the Eternal Worm Devours Connecticut,Have A Nice Life,5
47,3O30ywyRk6EKT68sBvVqOP,Hollywood Forever Cemetery Sings,Father John Misty,5
47,4k3xDpAdBuM17mNNHhOZkK,nuts,Lil Peep,5
47,4bQ7mjty0UVlKRalhizpGT,Vanished,Crystal Castles,5
47,0lYBSQXN6rCTvUZvg9S0lU,Let Me Love You,DJ Snake,5
47,0y5akbuW5mCnnUe71xATpe,Concorde,"Black Country, New Road",5
47,0cWKIr2hzxT6vuxFrCzcMz,Love Is Everywhere (Beware),Wilco,5
47,3d8zIv577en5PxwwAzadN2,Untrust Us,Crystal Castles,5
47,6xGr4tVzpTX99p9Cf0hRRL,3D (feat. Jack Harlow),Jung Kook,5
47,1h3bcnnIm72UnemGIfm0iZ,Ebony And Ivory,Paul McCartney,5
47,2aBxt229cbLDOvtL7Xbb9x,Always Be My Baby,Mariah Carey,5
47,0u5aO1GYsIhAWCPuXdwnak,Today - 2011 Remaster,The Smashing Pumpkins,5
47,2UWdUez9MB9yzL7Y81Mcip,The Suburbs,Arcade Fire,5
47,2tUBqZG2AbRi7Q0BIrVrEj,I Wanna Dance with Somebody (Who Loves Me),Whitney Houston,5
47,5Y35SjAfXjjG0sFQ3KOxmm,Nobody Gets Me,SZA,5
47,3gjHnylel3PTRpjS44ocqr,Zombie - 2025 Remastered,The Cranberries,5
47,0umDVf77ygI5RiVp9OvNDj,Pyro,Kings of Leon,5
47,0lREs0EdgrMQQKw00yx0Ct,Una Noche en Medellín,Cris MJ,5
47,1mvfvDZOybiEgS1ecJxt9W,Somewhere Only We Know,Lily Allen,5
47,1XrSjpNe49IiygZfzb74pk,What Once Was,Her's,5
47,7vS3Y0IKjde7Xg85LWIEdP,Problem,Ariana Grande,5
47,73KmSwY41WBtlHIJXG83gH,The Star Spangled Banner - Live,Charlie Puth,5
47,3jhyw60F61gc7nC4dblqtC,JETSKI,PEDRO SAMPAIO,5
47,3ESSGgWzRf1xvP7G5hHMhB,Again,Fetty Wap,5
47,44kUOVs16iRf11YjO7aaRW,Don't Leave,Jorja Smith,5
47,7AQim7LbvFVZJE3O8TYgf2,Fuck Love,XXXTENTACION,5
47,1xulVUlt4ip3iu2EjrV4ZT,The Book of Love,The Magnetic Fields,5
47,4A1t2K9lsLZWb5oHAtT9xs,Horn,Nick Drake,5
47,026wpXkLAjImiWOzzcJBHj,Good Looking,Suki Waterhouse,5
47,0LTSNmOLBt25GMjHlxp9OR,Folsom Prison Blues,Johnny Cash,5
47,2HRqTpkrJO5ggZyyK6NPWz,Espresso,Sabrina Carpenter,5
47,2HeqKWstr0XAYILHpRo5ra,BOAT REMIX,Trim,5
47,5RmC5yrwoedDmlRKTL8tQp,Tried And True,Ween,5
47,41TXadM22OIJY04xSW9iuv,collage,Gunna,5
47,74fQgHleHZ4V7Gm1XYcGkj,One Night Only,Sonder,5
47,2zYBRyHAy6dv1wb53JXFD7,Laputa,Panchiko,5
47,4QNPS79DeAUoSYmBynfWTN,My Mind,Yebba,5
47,1Q1b8eVkUPGlpSArl8JAVw,Heart of Gold - 2009 Remaster,Neil Young,5
47,1MkqBhP5byDttRYtZsDC6p,Bad Mouth,Fugazi,5
47,4Nf5EZ40JenjMUKXOiyRU5,NUEVA VIDA,Peso Pluma,5
47,6vDVu9IM9s8L8XMQ1c1Yti,bittersweet,Madison Beer,5
47,1kADZJDyRUbmlLxYiqi077,fuck this town,glaive,5
47,7tkka2fYf1erIg8wy8r9Lt,Beija Eu,Marisa Monte,5
47,1GC1MIaRMW3kfVK9VyD5Ii,Tous les mêmes,Stromae,5
47,37BTh5g05cxBIRYMbw8g2T,Rosanna,TOTO,5
47,5qdp2o65e47m6Bswmwm6K1,Headbangeeeeerrrrr!!!!!,BABYMETAL,5
48,1UHNE0jTu89d2uN1ckDGPd,1539 N. Calvert,JPEGMAFIA,5
48,3M3N9EgFPVNKoxRpi0TavD,Pyrite,JrBuzzz,5
48,7ytES33eLYS9WaZLKqWfYM,My Life,Mary J. Blige,5
48,1vcxF91pWs9uNwDROuiCPB,Savior,Rise Against,5
48,6oCXDaFZYL7sHnowv6pdXb,Spring Into Summer,Lizzy McAlpine,5
48,4rugSJgsPQ1KlbWYZnoEsa,KEHLANI (REMIX) [feat. Kehlani],Jordan Adetunji,5
48,4VcPtoOpK3oBMDZJ9Ptp9f,No Auto Durk (feat. Lil Durk),Only The Family,5
48,4S0NYVAQdIb81uLoZoQmgq,Kiss of Life,Sade,5
48,6c1Bdvp208X0jbLmFnWbkC,Re-Education (Through Labor),Rise Against,5
48,68Y3zzmt2XxzheQVGbbJt4,GENOCIDE,Lil Darkie,5
48,1SJhYNxOZSItqrB6upWyE6,Here Comes a Thought (feat. Estelle & AJ Michalka),Steven Universe,5
48,07n9sk2MGDjw0SHrSaxmog,Tu Tu Neurotic,The Hellp,5
48,1ZEOIhSn6BKErV59bIgn76,California Dreamin',The Mamas & The Papas,5
48,3R0iBxpHG7h7dtAcouMicG,Intimate Relationships,Hunxho,5
48,52eIcoLUM25zbQupAZYoFh,redrum,21 Savage,5
48,5gFoAVTN9YlM9uJCrFZtgl,Crooked Smile (feat. TLC),J. Cole,5
48,1oLw159VwL1ldfPMAs1j2V,Balla,Edward Maya,5
48,3KZTPBbTMFLNbfoQoxEpXn,tower of memories,ivri,5
48,3cJh89D0za2SW705fNBo3b,Where's Your Head At,Basement Jaxx,5
48,5BsigwhOMHxCkF6ntEhUQ5,how u feel?,Destroy Lonely,5
48,2sVcBaVtBPM9vIFk1Jnbw8,Weak,AJR,5
48,312z6PZ8wwREck8613PkJk,A Couple Minutes,Olivia Dean,5
48,22WV03i2lBbwNVCE1g671p,151 Rum,JID,5
48,5qHYXcVvc9xsFB2uH7GpMN,Kokomo,The Beach Boys,5
48,15kLz0zNFdtsaJdXKSGmTU,The Drugs Don't Work,The Verve,5
48,5LfgzPHvka22FdRAxOme6m,"At The Beach, In Every Life",Gigi Perez,5
48,6q4zA7hWKFF6wsJ64DWdwU,Amor de Siempre,Cuco,5
48,0SfcG65T1KKCj5NQffpzQR,Não Quero Dinheiro (Só Quero Amar),Tim Maia,5
48,3Pu3IChaAoa5EjgUBv5F6x,Ballroom Blitz,Sweet,5
48,56nLHj9HJr3xpbLarnr0l4,Mtc,S3RL,5
48,1r2S1adKGBoxCKubytYfl5,Hey Good Lookin' (Undubbed),Johnny Cash,5
48,75c2zaSdDBSX0A8Jyvm4fO,older,Isabel LaRosa,5
48,6LLEo7PwDxXNO0KVQtsFEj,Nice Nice,Dazey and the Scouts,5
48,55Am8neGJkdj2ADaM3aw5H,Train Wreck,James Arthur,5
48,1PehfITh0TTRx3LkDdV4h3,Fame - 2016 Remaster,David Bowie,5
48,3Z4BxvgOJ8KupcDIV3OV2f,In Your Fantasy,ATEEZ,5
48,1ixbwbeBi5ufN4noUKmW5a,Paper Planes,M.I.A.,5
48,6LoaYlv0bC1TyctuADqNFh,$uicideboy$ Were Better In 2015,$uicideboy$,5
48,2CtemffYhT0DJWcT1XW047,Nothing Else Matters (Remastered),Metallica,5
48,6PwjJ58I4t7Mae9xfZ9l9v,Somebody Told Me,The Killers,5
48,2V4Bc2I962j7acQj1N0PiQ,Celebrity Skin,Hole,5
48,5oady7OSE7dH7LHiqmb3Cr,"Dreams, Fairytales, Fantasies (feat. Brent Faiyaz & Salaam Remi)",A$AP Ferg,5
48,5kB8WUUla9s2w7yXD7h4CQ,Sabor a Mi,Luis Miguel,5
48,6mHIYI9coRzaIlqE6rPNN5,Thootie (feat. Tokischa),Ice Spice,5
48,1SGt65i9AnXYdDQt1AtDRH,3500 (feat. Future & 2 Chainz),Travis Scott,5
48,3fiMMAD2d7t0g2MVGf6NE1,Get Jinxed,League of Legends,5
48,3Uvx1TO0Kg5HgGPk58lHXv,How's It Going to Be,Third Eye Blind,5
48,4eAwB5pnKFTmsgc3zWoYO0,Fake It,Seether,5
48,5ZkAx8zjLiSs1nMmBwJoZS,"When Can I See You Again? - From ""Wreck-It Ralph""/Soundtrack Version",Owl City,5
48,33X9miK4Xz7pNeVrc9RITG,Ready to Start,Arcade Fire,5
48,5BZsQlgw21vDOAjoqkNgKb,DAISIES,Justin Bieber,5
48,5tqZJUHEuqdN12RZVq2l9p,Hold On,The Internet,5
48,57Z6TJCTMACXxdrcwZ3Zvf,Phantom,EsDeeKid,5
48,1XYHqSfJK9ud9nuRjQcbXi,Tear You Apart,She Wants Revenge,5
48,5q0N5SaFhROG9UQiPukv9p,Under Your Spell,Snow Strippers,5
48,5GCU2LJWPzoP8Q6nexs61z,Let's Go,Key Glock,5
49,4WM1hvYr2NC6bQnQXcj3sH,Meat Grinder,Madvillain,5
49,5iyZwawawLjHYpX4MxUKVF,Salt,Ava Max,5
49,50xeLNGKmskmYUSINhqvfa,Clumsy,Fergie,5
49,0bfvHnWWOeU1U5XeKyVLbW,Can't Take My Eyes off You,Frankie Valli,5
49,2A7LpORJxFQ8UqbqXXpGuJ,Skittles (ft. Juicy J & Project Pat),Diplo,5
49,7umZiitjVsEjMQ6HNddpUI,Love Is Only a Feeling,Joey Bada$$,5
49,4Hhv2vrOTy89HFRcjU3QOx,At Last,Etta James,5
49,5ZdzNVOmCSp5HFLk0EgvJS,Dirty Little Secret,The All-American Rejects,5
49,0UV5zxRMz6AO4ZwUOZNIKI,Where'd All the Time Go?,Dr. Dog,5
49,0Q0IVlqMV64kNLlwjPj0Hl,Killing Me Softly With His Song,Fugees,5
49,6Se3x9ANMLv0dCDsjGmEjh,do re mi,blackbear,5
49,13q9jx4F8R2SEhIMGiZiV5,All About Us,t.A.T.u.,5
49,2BwO5K8Q7EPAJSGze3AAh9,Manchild,Sabrina Carpenter,5
49,4sebUbjqbcgDSwG6PbSGI0,Come a Little Closer,Cage The Elephant,5
49,7zwn1eykZtZ5LODrf7c0tS,You Get Me So High,The Neighbourhood,5
49,7BgUcOjSOlKJXASLgJ6bx1,Bag Lady,Erykah Badu,5
49,4MXE6VCvTsQitHWrAxj7Kg,Maple Syrup,The Backseat Lovers,5
49,3sLTYBYs6lJsFK84t2X7wt,Bathroom,Montell Fish,5
49,7GbUWl6qLW1gdngbEV2WDJ,Monster,EXO,5
49,2zYBRyHAy6dv1wb53JXFD7,Laputa,Panchiko,5
49,3evG0BIqEFMMP7lVJh1cSf,Don't Let Me Down - Remastered 2009,The Beatles,5
49,0SiywuOBRcynK0uKGWdCnn,Bad Romance,Lady Gaga,5
49,5NO5HPCDG8Y0ErpAISWQOJ,PUSH UR T3MPRR,femtanyl,5
49,3wuCCNCnBhJlwkIJTBZFiv,They Don't Care About Us,Michael Jackson,5
49,7dltD9eEX7X1zk8JJ9BS0e,Superstar (feat. Matthew Santos),Lupe Fiasco,5
49,7iFmqWr2KDvNJt9ZCm7V21,Presumably Dead Arm (617 Sessions),Sidney Gish,5
49,6jbYpRPTEFl1HFKHk1IC0m,Like Him (feat. Lola Young),"Tyler, The Creator",5
49,6sbXGUn9V9ZaLwLdOfpKRE,Larger Than Life,Backstreet Boys,5
49,1BIXs6CdkPRLytuqoXs6XN,4K,El Alfa,5
49,1QrbZhFYlViXd60g130vw1,Caramel,Sleep Token,5
49,0tyR7Bu9P086aWBFZ4QJoo,Monsters (feat. blackbear),All Time Low,5
49,4pvb0WLRcMtbPGmtejJJ6y,exile (feat. Bon Iver),Taylor Swift,5
49,2u6VEZjUu5P3GVfUMDIIbu,Best Guess,Lucy Dacus,5
49,3Blg6ZTHUJwPxP5CgUPvD8,Egg Beater,Royel Otis,5
49,0e7ipj03S05BNilyu5bRzt,rockstar (feat. 21 Savage),Post Malone,5
49,0vRZm4RiCqucc89v3AVbbI,Sports car,Tate McRae,5
49,4IhKLu7Vk3j2TLmnFPl6To,Water Fountain,Alec Benjamin,5
49,4J7s7j5ulwElPG7HaGQDXR,Pearls,Sade,5
49,4sRQg2aoec0VIvQ7GZPGMy,The Boys,Girls' Generation,5
49,6oJ6le65B3SEqPwMRNXWjY,Higher Love,Kygo,5
49,5MUb136to9lnJLfIy5FZKI,優しい彗星,YOASOBI,5
49,0lHAMNU8RGiIObScrsRgmP,Titanium (feat. Sia),David Guetta,5
49,6wHpLMmp98aHcV8L1JFrj8,Eternity,Alex Warren,5
49,4Tjs8b6jL1s18sjURJtswp,Lola (2020 Stereo Remaster),The Kinks,5
49,1yX9gy5fK02j6nBnGJ1S3k,Sweet Dreams (feat. Miguel),j-hope,5
49,5eM6Rrk8rwLpUhrh7Kk5R1,California,Joni Mitchell,5
49,4QzZVJc6qPTtTkPem7qZRo,The Lamp Is Low,Laurindo Almeida,5
49,6RKGBcDtgzXx21zUjpeu6F,Cold Cold Man,Saint Motel,5
49,3fhYAsNRR99ETnqrBZdAy0,Sci-Fi,Tainy,5
49,5frIKPPZpsKYguxGCKs9xT,migraine,jaydes,5
50,6uZm4IvkJPbETKFOjRhr1c,I Want Things to Be Beautiful,Devi McCallion,5
50,51EMSRpNm9Rg5rGViVCczv,Andromeda,Weyes Blood,5
50,04emojnbYkrRmv5qtJcgVP,What I Want (feat. Tate McRae),Morgan Wallen,5
50,0HVQuuXGAcQ2P5mBN521ae,War Pigs,Black Sabbath,5
50,5krhWYmWIKJhI96deUujm8,Specter,Bad Omens,5
50,3CCyVdprlcXui4ZwMw1hNS,I Took A Pill In Ibiza,Mike Posner,5
50,3RSpK5Y0y5tl25qvssrwJ6,My All,Mariah Carey,5
50,56hYeuutlZO5Pkm99FzLCW,Get Free,Major Lazer,5
50,6NTCshSoJFNO35tFYZKiiY,So What?,Jane Remover,5
50,1UGD3lW3tDmgZfAVDh6w7r,Devil In A New Dress,Kanye West,5
50,05RgAMGypEvqhNs5hPCbMS,Panama - 2015 Remaster,Van Halen,5
50,166u1Cs46FmXoOaTGxh8aB,Out Of Control,Hoobastank,5
50,423o3ZHIaBtGXyhF1uH41a,Walk of Life,Dire Straits,5
50,3NRDLYyqIXja0UElvdzjkB,Language,Porter Robinson,5
50,047fCsbO4NdmwCBn8pcUXl,Marvins Room,Drake,5
50,7htt7UuxHL5wneOcMWJP5E,Take On Me - MTV Unplugged,a-ha,5
50,1Vl4ESWb6U7gKSPfK4qenq,That Girl,Pharrell Williams,5
50,7FrPSk0rZdCPR50pfzdzMK,Que Se Mueran,Romeo Santos,5
50,3huV7eiNpaQlCB3LbZi9bB,Bad Habit,The Kooks,5
50,4WM1hvYr2NC6bQnQXcj3sH,Meat Grinder,Madvillain,5
50,3Ws7pcKeEo6dW2xPUFgmQv,Touching God (Feat. Yebba & Blood Orange),Daniel Caesar,5
50,6ft9PAgNOjmZ2kFVP7LGqb,Can't Take My Eyes off You,Frankie Valli,5
50,6XRjI89oGBRJe0etKtI04L,BOTA,LUDMILLA,5
50,4DJLcyfnyEGlUejAEAX4az,1983,Neon Trees,5
50,3aQ9MHkMeL7Yu7jpyF62xn,Neverender,Justice,5
50,4OmfWzukSVD140NiAIEjem,Static,Steve Lacy,5
50,4ZUpTMKPYFTfJqamWFU9Zv,IDGAF (with blackbear),BoyWithUke,5
50,4gb6bKMg61GGfbhPTifP8A,"Athens, France","Black Country, New Road",5
50,4UEgKxYLP0bPG6EwD0DgYK,I Got a Name - Stereo Version,Jim Croce,5
50,6NLRMu1qF1kJQnntDNWDmy,Lemon Glow,Beach House,5
50,3SFTOkdpITsy3BVPdXZiUo,Still Livin',Freddie Gibbs,5
50,5Hg1m5uhSPL75ejQgPOmyc,Heaven Knows,54 Ultra,5
50,3qpXQspF03nEkP7T04v1xg,We Had to End It,Cuco,5
50,2LMkwUfqC6S6s6qDVlEuzV,White Ferrari,Frank Ocean,5
50,2vzbU9nlpIMYxlt0FucOHi,&,Tally Hall,5
50,0pJW1Xw3aY4Eh6k5iuBkfI,I Know The End,Phoebe Bridgers,5
50,3kUHIvjJ8p9UzeaeeqHkfg,The Fall-Off is Inevitable,J. Cole,5
50,0vCTQcxSGAgjHaiAsIANKn,Vanilla Twilight,Owl City,5
50,3NLrRZoMF0Lx6zTlYqeIo4,Here Without You,3 Doors Down,5
50,1kXmApTm4wonqscYBoLwxj,All Hands on Deck,Tinashe,5
50,7tI8dRuH2Yc6RuoTjxo4dU,Who,Jimin,5
50,0Mb20VmqR2lvtgbEermW2v,Policy of Truth,Depeche Mode,5
50,5lDixe3b2yQDQ18lAUoSWq,Wicked Game,Chris Isaak,5
50,1JlssWnwFUiEzuSqw4H1V1,The Cave,Mumford & Sons,5
50,4HfxDJ0uLHTLe0fZrx0MbQ,Check the Rhime,A Tribe Called Quest,5
50,2sW8fmnISifQTRgnRrQTYW,Roads,Portishead,5
50,2NBQmPrOEEjA8VbeWOQGxO,Drop It Like It's Hot,Snoop Dogg,5
50,7j6PWLaubVavCLE4peea8S,Backseat,Balu Brigada,5
50,6xE6ZWzK1YDDSYzqOCoQlz,Last Train to London,Electric Light Orchestra,5
50,3hpm0fTeSqlhJbnqAgaLZs,Marlboro Rojo,Fuerza Regida,5
50,7p4QiDvvgQLmvqKQUNFUsN,Neon Kitchen,Devon Hendryx,5
50,1MJyiTlVdSLAjI9aclZ3hL,Scott and Zelda,BIBI,5
50,1hBM2D1ULT3aeKuddSwPsK,STARSTRUKK (feat. Katy Perry),3OH!3,5
50,1XrSjpNe49IiygZfzb74pk,What Once Was,Her's,5
50,3gdewACMIVMEWVbyb8O9sY,"Rocket Man (I Think It's Going To Be A Long, Long Time)",Elton John,5
50,0mROspyBziPHPyxTPFvKaH,God Is A Weapon,Falling In Reverse,5
50,63wx9vdskaXbYxyDx4oJCZ,B.S. (feat. H.E.R.),Jhené Aiko,5
50,6VRhkROS2SZHGlp0pxndbJ,Bangarang (feat. Sirah),Skrillex,5
50,75IQVo8hqI1iwVZyvkN2VT,Show Me How,Men I Trust,5
50,1M0J45ZSv6qNaBSbGCIcGV,Come Dancing,The Kinks,5
50,4Zf961QkP6Q6k7WFNMrWO8,Where Am I?,Title Fight,5
50,6AfLmKXzhEZjwiVPs5jhdV,Hella Good,No Doubt,5
50,12sXrSIdiqCtB0vKYHNH29,All I Do Is Win,DJ Khaled,5
50,7DsaOo87BUgyNwMxD6nhC9,Maybe I'm Amazed,Paul McCartney,5
51,2BwO5K8Q7EPAJSGze3AAh9,Manchild,Sabrina Carpenter,5
51,5JJDu0Z5DKe7mR31MGksSg,Come Out and Play,The Offspring,5
51,4LadsagnXZM7SEOpHjHIHA,Looking For The Hoes (Ain’t My Fault),Sexyy Red,5
51,25YlltWXRb9k7KbrEBRuhJ,Lo/Hi,The Black Keys,5
51,2UikqkwBv7aIvlixeVXHWt,You Should Probably Leave,Chris Stapleton,5
51,51DXwluqCo7bx4QAFuGoEm,No One Dies From Love,Tove Lo,5
51,7vgTNTaEz3CsBZ1N4YQalM,Ghost Town,Kanye West,5
51,0qMip0B2D4ePEjBJvAtYre,紅蓮華,LiSA,5
51,2374M0fQpWi3dLnB54qaLX,Africa,TOTO,5
51,0N9b7upoCixmvrsF0e4XN3,Soulja Girl,Soulja Boy,5
51,6RKGBcDtgzXx21zUjpeu6F,Cold Cold Man,Saint Motel,5
51,3aAnwyBJY9OLNLqSgd4fZU,Deja Vu,TOMORROW X TOGETHER,5
51,7uzmGiiJyRfuViKKK3lVmR,Mine,Bazzi,5
51,0p5eZCY0R7uNCZS1YDtIYI,Hey,Pixies,5
51,3UygY7qW2cvG9Llkay6i1i,Going Under,Evanescence,5
51,7z9chavxReUpyOZoAkUnUb,MIB,Myke Towers,5
51,69xohKu8C1fsflYAiSNbwM,Run BTS,BTS,5
51,01YROQCnF1AQm7SCWJmD2o,This Is Halloween,The Citizens of Halloween,5
51,0UaMYEvWZi0ZqiDOoHU3YI,Lose Control (feat. Ciara & Fat Man Scoop),Missy Elliott,5
51,4jPy3l0RUwlUI9T5XHBW2m,Mood (feat. iann dior),24kGoldn,5
51,2SGyf0hCuB81F85cHXuRjl,So Cold,Balu Brigada,5
51,0kshHISCRGn9MwpkbqafG4,BIRDS,Turnstile,5
51,1fDsrQ23eTAVFElUMaf38X,American Pie,Don McLean,5
51,4dmCLAZbWYT0qtcG7GVMdb,L.E.S. Artistes,Santigold,5
51,5masKPHeAOVNgxdLebIcK7,Stole the Show,Kygo,5
51,6nzXkCBOhb2mxctNihOqbb,Bad Girls,M.I.A.,5
51,4TLXwgCmciX8sYIVj1b7Xg,Hartwell,Shelly,5
51,4bjN59DRXFRxBE1g5ne6B1,Haegeum,Agust D,5
51,3TFXn86LF4e4bQC6q0SmmP,Yummy,Ayesha Erotica,5
51,1o82DwNisONAd2mu1RcGE6,Margaret (feat. Bleachers),Lana Del Rey,5
51,4jfzIzQiUabe8PDNo0O66j,Hive Mind (feat. Denzel Curry),Knocked Loose,5
51,7sxEeJ4ers4gOZ1W3YEnPP,New England Palm Trees,Wind Walkers,5
51,1DqdF42leyFIzqNDv9CjId,Dynamite,Taio Cruz,5
51,5u2FOoFhp495GIj5BJC77J,Hold On Till May,Pierce The Veil,5
51,5jzX4dWVQeBTtfBaXnMRt5,DONTTRUSTME,3OH!3,5
51,67vrmPygrZ9giGqHUSReAT,Accordion,Madvillain,5
51,4w2GLmK2wnioVnb5CPQeex,360,Charli xcx,5
51,75IQVo8hqI1iwVZyvkN2VT,Show Me How,Men I Trust,5
51,3evG0BIqEFMMP7lVJh1cSf,Don't Let Me Down - Remastered 2009,The Beatles,5
51,5QCfOMH5K7bS4dH7H7PNeI,Tonight,PinkPantheress,5
51,5sBDrrtLGbV64QJnEqfjer,What It Sounds Like,HUNTR/X,5
51,3Blg6ZTHUJwPxP5CgUPvD8,Egg Beater,Royel Otis,5
51,59WN2psjkt1tyaxjspN8fp,Killing In The Name,Rage Against The Machine,5
51,2nslVYxt22gZWqj5sdUDPG,Fuso,Duquesa,5
51,11IzgLRXV7Cgek3tEgGgjw,Under Pressure - Remastered 2011,Queen,5
51,3c7E75a0REL2z6jt8yfrjV,TWICE,Bilmuri,5
51,3G6hD9B2ZHOsgf4WfNu7X1,Team,Lorde,5
51,0NSKePv9EAvvCL4YHiMfUv,Over & Over,Rio Romeo,5
51,6VRhkROS2SZHGlp0pxndbJ,Bangarang (feat. Sirah),Skrillex,5
51,6xdSzlVVKW3fQidPxBImTG,Running Away,Hoobastank,5
51,2IWtloZYQDcP8Ashwx8QEF,Black Out Days,Phantogram,5
51,0LN5gIsS5tQSmRzQrHSaTR,Eminence Front,The Who,5
51,14N3tALR3Mhf7UHpJRKk4L,Twin Size Mattress,The Front Bottoms,5
52,2QKLrgXNQtK2c8QbLRO3XC,Burn The House Down,AJR,5
52,1TvNcWY7WwPLQINhimxycA,Hear You Me,Jimmy Eat World,5
52,1Qdnvn4XlmZANCVy3XjrQo,Show Me How to Live,Audioslave,5
52,05CjWFAcAlY6O9po6Qwakk,Be Her,Ella Langley,5
52,1PDP7mLiAMwhfmgIwzhOm2,Yebba’s Heartbreak,Drake,5
52,60ynsPSSKe6O3sfwRnIBRf,Streets,Doja Cat,5
52,2hCvWlSKO2VXrpYy864W5q,Aurora,A Slower Tempo,5
52,25FTMokYEbEWHEdss5JLZS,Teenage Dirtbag,Wheatus,5
52,7CxFWAnQ8eqiRL4W12Xzb6,Avalon,$uicideboy$,5
52,1gk3FhAV07q9Jg77UxnVjX,Gooey,Glass Animals,5
52,4V9iVvsPL5cEQCxSYGBM88,We not like you,Nettspend,5
52,57ENogEkvFsU7Wmt3lvQMG,Two Six,J. Cole,5
52,6Xc5cfbWz7MUxqAZpxj2bT,Alocate,Zion,5
52,7DdXf9x75iEVCHWfoRwRuR,Fitzpleasure,alt-J,5
52,7qLs0IyUn6TrqgMzQ33SdH,Introduction to the Snow,Miracle Musical,5
52,4Of7rzpRpV1mWRbhp5rAqG,Bruises,Lewis Capaldi,5
52,1wJRveJZLSb1rjhnUHQiv6,Swervin (feat. 6ix9ine),A Boogie Wit da Hoodie,5
52,6nRvgo4ySezQKD1D7NIqAu,I Will Always Love You,Dolly Parton,5
52,29gsi1zZrZxdStACmTQB0Z,Studio,ScHoolboy Q,5
52,786ymAh5BmHoIpvjyrvjXk,Goodbye To A World,Porter Robinson,5
52,3SBhQh5X7tO8ejCMUdjSRu,Pandora,Wisp,5
52,1u2hPlWD5rlCzDa0X6zHaf,Cheerleader,OMI,5
52,7JJmb5XwzOO8jgpou264Ml,There's Nothing Holdin' Me Back,Shawn Mendes,5
52,2yySWxfeRN2QRZnFMnYMQl,hole in the bottle,Kelsea Ballerini,5
52,5b7OgznPJJr1vHNYGyvxau,Fly Me To The Moon (In Other Words),Frank Sinatra,5
52,76TZCvJ8GitQ2FA1q5dKu0,The Boxer,Simon & Garfunkel,5
52,4g0yqS7sBgZGA3VWBOj1Kk,How Can I Make It Ok?,Wolf Alice,5
52,28UbGXKOcm70brxGctiek4,Loving You On My Mind,Chris Stapleton,5
52,5OuJTtNve7FxUX82eEBupN,Tommy's Party,Peach Pit,5
52,31rneVrsMC6jefCoDyQKam,Just Pretend,Bad Omens,5
52,5O9Dz0h08LuBi0aVvDcylh,The Resistance,Skillet,5
52,0yvPEnB032fojLfVluFjUv,Sorry Not Sorry,Demi Lovato,5
52,1GC1MIaRMW3kfVK9VyD5Ii,Tous les mêmes,Stromae,5
52,4Q5LWPIKCuV6LRdDeqOYM7,Pretty In Possible,Caroline Polachek,5
52,7lhkOb0VNnTlshwifCEoSr,Molasses (feat. RZA),Earl Sweatshirt,5
52,3bwAS8cN7Xtzvv5UurJOOX,I Am the Highway,Audioslave,5
52,7ovUcF5uHTBRzUpB6ZOmvt,アイドル,YOASOBI,5
52,7Bj4wIqRzM6vx278EFYoBh,Child Psychology,Black Box Recorder,5
52,6VQ2fI8goSX8mpSvytXkXR,Idilio,Willie Colón,5
52,6qqrTXSdwiJaq8SO0X2lSe,Ordinary,Alex Warren,5
52,5wht91j4wnPotO8iClHkI3,In My Room - Acoustic,Julia Wolf,5
52,4yqtwO7MQIIXqoiRBPHAgR,Money for Nothing,Dire Straits,5
52,2aYHxnMF2umAavtgBvmkY1,Thought I Was Dead (feat. ScHoolboy Q & Santigold),"Tyler, The Creator",5
52,3rdAz1fbUfZxYgaCviYhRo,Todo De Ti,Rauw Alejandro,5
52,4llK75pXNWZz6KAho2Gp16,She Will Be Loved - Radio Mix,Maroon 5,5
52,6dW75XbJ1WAMljOXWjTK46,Red Light Special,TLC,5
52,5aIVCx5tnk0ntmdiinnYvw,Water,Tyla,5
52,312z6PZ8wwREck8613PkJk,A Couple Minutes,Olivia Dean,5
52,2WD9ggmpZE7Wodh3qVVCgg,De Música Ligera,Soda Stereo,5
52,6wqJeItl3Vc3az4ZicSQAB,Before I Forget,Slipknot,5
52,7nCONy10IHp7XD3oYZ0lcx,I've Seen Footage,Death Grips,5
52,4ut5G4rgB1ClpMTMfjoIuy,High On Life (feat. Bonn),Martin Garrix,5
52,5Nm9ERjJZ5oyfXZTECKmRt,Stay With Me,Sam Smith,5
52,5Fhr3wqeieN5WDkAsqL1JJ,MONA LISA,j-hope,5
52,4wG82w1L31yQhgGiWt6gIb,Stubborn Love,The Lumineers,5
52,3nI0piSOxAik2RCpHGloB7,Só Os Loucos Sabem,Charlie Brown Jr.,5
52,2mv1gGdqFpNNMJn93ZBpvQ,When You Sleep,Banjo Two Zero,5
52,6snoOAATGyud5oaIT9gwws,The Happy Song,Imogen Heap,5
52,6ls5ulRydoPE7oWGPGBqFA,Lonely,Akon,5
52,1OG1NoKpZZLrMqMYCk9m84,LALALALA,Stray Kids,5
52,7FOgcfdz9Nx5V9lCNXdBYv,Red Wine Supernova,Chappell Roan,5
52,5TXQCMKN6TgemTL3c4wRTn,Sorrows,Bryson Tiller,5
52,2NyrXRn4tancYPW6JwtTl2,From The D To The A (feat. Lil Yachty),Tee Grizzley,5
52,2T8yuUKl1nhmtaIocqWo4i,Berghain,ROSALÍA,5
52,5MvxeZPiiLAuB5gI8k3ynk,Can't Love You Anymore (With OHHYUK),IU,5
52,4knL4iPxPOZjQzTUlELGSY,Rake It Up (feat. Nicki Minaj),Yo Gotti,5
52,2EqlS6tkEnglzr7tkKAAYD,Come Together - Remastered 2009,The Beatles,5
53,0qrst0xZAZ0NtMtuUcEq0f,Wild One,Faith Hill,5
53,7ge7BHazYbVKi8qyZUX1Bm,Emotionally Scarred,Lil Baby,5
53,1Cbl3Yq8rHo7hhDQmLQagU,PUSH 2 START,Tyla,5
53,0nA1DRCRmEvSGBtLYu2bXu,Head Over Heels,Japanese Breakfast,5
53,1XleasuIaliwmvxQ2EUhtq,Neon Kitchen,Devon Hendryx,5
53,53dtP2iUMvaF28JZcHnFuU,logical,Olivia Rodrigo,5
53,1fbmkoREwP13dkXJI5YGfn,Peroxide,Ecco2k,5
53,6jNM6fKx3WnyHbWBI9hs2r,Cinema (feat. Gary Go) - Skrillex Remix,Benny Benassi,5
53,1KuNhOubescxn3xD6WNI7Q,Do It,Stray Kids,5
53,2D4LEUzvLRCQOLMxnajH72,"If I'm James Dean, You're Audrey Hepburn",Sleeping With Sirens,5
53,6NGRPL3AYwMAYkJh4EsZEU,Hearts A Mess,Gotye,5
53,4wswaG5vmNINMZcVBsAyBP,Got My Mind Set on You,George Harrison,5
53,1OxcIUqVmVYxT6427tbhDW,Fly Away,Lenny Kravitz,5
53,3k2kIiJqUiIP49iUcOLpWT,The Place Where He Inserted the Blade,"Black Country, New Road",5
53,4AZk9awBXJRVaLS7gOsaMO,Talk Down,Dijon,5
53,1zIb1bYJAo1UdR2Xf4oESb,Exotic,Lil Baby,5
53,51rfRCiUSvxXlCSCfIztBy,"I Love You, I'm Sorry",Gracie Abrams,5
53,1XYHqSfJK9ud9nuRjQcbXi,Tear You Apart,She Wants Revenge,5
53,62eDE0RR8Sgh7yw8ZLeyAM,Ice On My Teeth,ATEEZ,5
53,3koCCeSaVUyrRo3N2gHrd8,Let's Groove,"Earth, Wind & Fire",5
53,7lR743VxfubUw5m9dpnR9x,Numb,Portishead,5
53,4UoPux0RniULIV6eFrNphL,Wonderful Christmastime - Full Length Version / Remastered 2011,Paul McCartney,5
53,7hvwgwbZCCGZaNRQSf8bin,Girls Just Want to Have Fun,Bladee,5
53,2UREu1Y8CO4jXkbvqAtP7g,Monster,Skillet,5
53,5BhK8Mho223YLPQOLfzWNP,Killing Me,Omar Apollo,5
53,7DzzfrIaYnIvzkI898X79J,What You Were,The Drums,5
53,0lHAMNU8RGiIObScrsRgmP,Titanium (feat. Sia),David Guetta,5
53,74jYpz3ZVG1ThkBtsoUwG1,Rings,Pinegrove,5
53,5SOA0gaKMMp9cgwn3nuwk7,Solitude - Felsmann + Tiley Reinterpretation,M83,5
53,4xXs19rQjd2qxa9OT5stfP,Milky Way,Ethan Feather,5
53,6q4zA7hWKFF6wsJ64DWdwU,Amor de Siempre,Cuco,5
53,7MmG8p0F9N3C4AXdK6o6Eb,Outside (feat. Ellie Goulding),Calvin Harris,5
53,2Gt7fjNlx901pPRkvBiNBZ,Take Me Back To Eden,Sleep Token,5
53,7GPstnufSTScEaw9dMxO9H,Childs Play (feat. Chance the Rapper),SZA,5
53,56eGOeSsqdg3FLxdo83TwV,Rumor,Lee Brice,5
53,09zjfT7hie7d6OaCXTjZXX,(Interlude) Press Start - L.I.V.E. In São Paulo (Live Immersive Virtual Experiment),Bring Me The Horizon,5
53,4zmKGsrXjLmljb5fTaBTot,Snow On The Beach (feat. More Lana Del Rey),Taylor Swift,5
53,3GaamyFHQYbQi1ykc4nV4o,High,Slow Pulp,5
53,0lDoG5fQ9cmpvpenwR7Jln,Incinerate,Sonic Youth,5
53,5h5sJvkKdIfC4yjALOmPn7,Massive Attack,Nicki Minaj,5
53,4osgfFTICMkcGbbigdsa53,Novacane,Frank Ocean,5
53,3USxtqRwSYz57Ewm6wWRMp,Heat Waves,Glass Animals,5
53,1oaaSrDJimABpOdCEbw2DJ,No Ordinary Love,Sade,5
53,04ld6agKMq46IDG1THZqTe,POSSESSION,Melanie Martinez,5
53,1HOhw9h6IpSVpFPS6OzUu4,Oh Ana,Mother Mother,5
53,4MSj19TwYBLgDFj3ddEeco,Black Friday (pretty like the sun),Lost Frequencies,5
53,3utisM1p90YUtH7yjXyrrY,Raydar,JID,5
53,2FRnf9qhLbvw8fu4IBXx78,Last Christmas,Wham!,5
53,1wsRitfRRtWyEapl0q22o8,Guerrilla Radio,Rage Against The Machine,5
54,4l7YIni9bAiGwWMqK5wvgV,You Learn - 2015 Remaster,Alanis Morissette,5
54,1DqdF42leyFIzqNDv9CjId,Dynamite,Taio Cruz,5
54,4fJWoaQqGZwp3quw9OpLMe,Pose,Daddy Yankee,5
54,1AMADyXgIWayh5vXLZo2qF,Covet,Basement,5
54,4xVmPboqdKG78mkqZ0sn1m,What You Know Bout Love,Pop Smoke,5
54,285hMzLhJwHVLe9QT9qilk,Breakeven,The Script,5
54,3FteycP8CaXS1MhjcXekVT,Stop,Spice Girls,5
54,6ZAuQOgLrNQb9s7BXheuTy,Sue me,Audrey Hobert,5
54,5qdQPrWmZv8xYhMJCDrdHF,Heartache Medication,Jon Pardi,5
54,2grjqo0Frpf2okIBiifQKs,September,"Earth, Wind & Fire",5
54,6HU7h9RYOaPRFeh0R3UeAr,deja vu,Olivia Rodrigo,5
54,6pWgRkpqVfxnj3WuIcJ7WP,Cornfield Chase,Hans Zimmer,5
54,2BwO5K8Q7EPAJSGze3AAh9,Manchild,Sabrina Carpenter,5
54,6E1YebXpPPtujMUljDNlOo,Kerosene,Crystal Castles,5
54,25f7KnoDqO7nBbPahi15UE,NEVER GET USED TO THIS (feat. JVKE),Forrest Frank,5
54,48vIfHaK7by6x0T6ucpODL,make you mine,Madison Beer,5
54,0FPCqTZoiZpEs324IJFFpQ,BOA,Megan Thee Stallion,5
54,66O0pFEFp23dgYjoAd6RKK,The Big Big Beat,Azealia Banks,5
54,4BdGO1CaObRD4La9l5Zanz,Sit Next to Me,Foster The People,5
54,3sRCesHh424gmCji7Fz9Gm,I Wonder If I Take You Home,Lisa Lisa & Cult Jam,5
54,2QxekHjOYDnzNO5w8hu2D9,Empty Out Your Pockets,Juice WRLD,5
54,5nJ9WqiiVz9Rz6a2xLhHlZ,"Star Spangled Banner - Live at The Woodstock Music & Art Fair, August 18, 1969",Jimi Hendrix,5
54,4TVwt7y1zyMFITBRkss72f,Milk Town / Mr. Carter,Nep,5
54,1md8v8FG46KecYiMap2XTD,Eyes of the World featuring Sky Ferreira,Charli xcx,5
54,6ToM0uwxtPKo9CMpbPGYvM,Break on Through (To the Other Side),The Doors,5
54,5FZxsHWIvUsmSK1IAvm2pp,Best of You,Foo Fighters,5
54,3cjvqsvvU80g7WJPMVh8iq,Genesis,Grimes,5
54,3kb38wezoUA8ki5jPYy3t5,Little Secrets,Passion Pit,5
54,4PkJ7c9y1CwpuVOiJODnCZ,Someday,Nickelback,5
54,3VdaHDwoSEnu3ahDahD0Ci,Waving My Dick in the Wind,Ween,5
54,1XleasuIaliwmvxQ2EUhtq,Neon Kitchen,Devon Hendryx,5
54,2n4CKcjm30m0Be4ZwdcaUV,Catch a Kill,Summrs,5
54,47xKMQCtAn2C4hL9h5EvQy,Get Used to It,Ricky Montgomery,5
54,0C13P4IghHNFPjt4zIJ8vX,Baby,Gal Costa,5
54,5Zl2RWTjTQlIvDKVVtNoX6,Want You,Clara La San,5
54,1kvq7ksGQWSyRysYYNd6lu,Home Sweet Home,Mötley Crüe,5
54,5cbDTZG8lBJqVVa2zqROPI,Taxes,Geese,5
54,47oS7xB31QQUyPCgHpM3VZ,Canned Heat,Jamiroquai,5
54,74f0dpqHhTeTJzs4pmZ1yq,Pool House,The Backseat Lovers,5
54,5oQpH1uuZte4axR411rIlN,SPECIALZ,King Gnu,5
54,51ODNNDZm21HU7wI7cccRr,Latch,Disclosure,5
54,4LtLbmRErvtrNrYR6gbhh7,All Time Low,Bo Burnham,5
54,4YmsnZcxHEGEqHB3K0vdt0,DON'T KILL THE PARTY (feat. Quavo & Juicy J),Ty Dolla $ign,5
54,76YSWx6L6FNsuaP6GWBb8P,All For Us,Labrinth,5
54,1EkGymegVqvUNUJyvS2hcK,Exodus,$uicideboy$,5
54,6oNLSQX8bcAdbCElZYju3v,Supersonic,fromis_9,5
54,4gb6bKMg61GGfbhPTifP8A,"Athens, France","Black Country, New Road",5
54,7nCONy10IHp7XD3oYZ0lcx,I've Seen Footage,Death Grips,5
54,7bzzC7QIfflM9eEj2aqaYX,Blue Ridge Mountains,Fleet Foxes,5
54,77q9G0H5wnXlT9OWm1QXTc,Blow Me,fakemink,5
54,0tGqk0HlYMQ16aj7yJwleF,Pretend,alex_g_offline,5
54,6wmAHw1szh5RCKSRjiXhPe,How Long,Charlie Puth,5
54,6eDMElxeeKXs4DHTb0dGP0,Gostava Tanto De Você,Tim Maia,5
54,7EAMXbLcL0qXmciM5SwMh2,Heart To Heart,Mac DeMarco,5
54,4bjN59DRXFRxBE1g5ne6B1,Haegeum,Agust D,5
54,5tFDgH6do20IXdSoNBAmXK,I Should Have Cheated,Keyshia Cole,5
54,0yfNXxlyXdmP0ue1iJijx1,Come Undone,Duran Duran,5
54,0ghq9ciZLPrFmlRCIUXgj0,Moby Dick,Jakey,5
54,4LwU4Vp6od3Sb08CsP99GC,The Next Episode,Dr. Dre,5
54,6IAgarq2wDeYzpsY2Kx0Hw,Almeda,Solange,5
54,6Ac8Byr6GByGr3wDH7JjYh,white tee,Lil Peep,5
54,3tFed7YsjGnIfxeLEQwx3R,"Sticky (feat. GloRilla, Sexyy Red & Lil Wayne)","Tyler, The Creator",5
54,69psOP7O7y7QOV0dVisyNk,Midnight Sun - Super Loud,Zara Larsson,5
54,781V2Y5LPtcpgONEOadadE,Get Got,Death Grips,5
54,4WFgvKVfEhb3IUAFGrutTR,Love Me Not,Ravyn Lenae,5
54,0UV5zxRMz6AO4ZwUOZNIKI,Where'd All the Time Go?,Dr. Dog,5
54,2cEnKRR4dYBB2VA1mjlb1z,Nevada,YoungBoy Never Broke Again,5
54,398wIEUnHVOnTEMnxOHiY9,God Complex,VIOLENT VIRA,5
54,4sIFi8LpJWPvI5xviWFyA6,D>E>A>T>H>M>E>T>A>L,Panchiko,5
54,7ovUcF5uHTBRzUpB6ZOmvt,アイドル,YOASOBI,5
54,2FwDApgXk91kXvqy2oB7dz,Simulation Swarm,Big Thief,5
54,5z6eExs1VVrcaYQfXxO0Ty,El Profeta,Grupo Laberinto,5
54,4K475XgrOAIwfIbp0Pks2B,my twenty first reason </3,wifiskeleton,5
54,2RPbEp0DyBVlkRvvYKopO7,Wat's Wrong (feat. Zacari & Kendrick Lamar),Isaiah Rashad,5
54,1r8ZCjfrQxoy2wVaBUbpwg,THOUSAND MILES,The Kid LAROI,5
54,4mVZ9cv6pGt36VNjm6CTue,fml .,fakemink,5
54,0ZK8TGOsngrstVPsnrHbK1,Peach Pit,Peach Pit,5
54,1Eolhana7nKHYpcYpdVcT5,Little Wing,Jimi Hendrix,5
55,0n63xAny4NjxRNgKnboEp8,Lucky Again,Lykke Li,5
55,0LAcM6I7ijW4VVW0aytl1t,One (Remastered),Metallica,5
55,1jXfVzMk8cSbvAXMML4Y4f,I Like Me Better,Lauv,5
55,2BDOJPAGE1W3roL0EsK2g0,Princess Bubblegum,ilyTOMMY,5
55,6UN73IYd0hZxLi8wFPMQij,Players,Coi Leray,5
55,5Z01UMMf7V1o0MzF86s6WJ,Lose Yourself,Eminem,5
55,4qTGOuXmoR7fk7dApMlQjG,Get in the Water,Jorge Rivera-Herrans,5
55,1Fbz8vXRqyPSOmMvOxV6Dg,The Star Spangled Banner (feat. The Florida Orchestra) - Live from Super Bowl XXV,Whitney Houston,5
55,0aVd7QiY8BstysHb62c5Fi,seasons,wave to earth,5
55,0nkzd3yNniB767zSDDdLZ3,Awake and Alive,Skillet,5
55,1H5A1GNZUv4eUf1t9RFdid,Magic,Olivia Newton-John,5
55,3vtFowc9zcQfvqsLAZ9Cx2,Shadows,Pastel Ghost,5
55,2QxekHjOYDnzNO5w8hu2D9,Empty Out Your Pockets,Juice WRLD,5
55,0fIDUXVyJ1JISqB4HP4D5H,Sweet Disposition,The Temper Trap,5
55,1lJOLxDS8kS2rihrqezMcv,Century,EsDeeKid,5
55,7ppPZa3TRUSGKaks9wH7VT,Don't Look Back In Anger,Oasis,5
55,4jLv3tDBu8ww2R07DvL12s,Man On The Moon,R.E.M.,5
55,6lSr3iZTC144PKhvbPFzMp,Blurry,Puddle Of Mudd,5
55,2GH5jo15wbTv1Ll7zXEzSg,Fantasy,"Earth, Wind & Fire",5
55,463r5bsN1VqGXtaMctn4Rr,It's Been So Long,The Living Tombstone,5
55,6W21LNLz9Sw7sUSNWMSHRu,Freak On a Leash,Korn,5
55,4QgrmawwnTaHnK3Hbcg3Aa,Kunst,KMFDM,5
55,43zr9kKkeiQrshvYuvNtfM,Someone To Call My Lover,Janet Jackson,5
55,2SAqBLGA283SUiwJ3xOUVI,Laugh Now Cry Later (feat. Lil Durk),Drake,5
55,7sLDnUauivS2vN6Z9EfUJT,1942 Flows,Meek Mill,5
55,0WvXo8baZTYARlNuE76rlr,Stars On The Roof,Larry June,5
55,0X1Bz7NKvIh90nIptl5tlG,Good Ol' Days,Hayley Williams,5
55,5z6eExs1VVrcaYQfXxO0Ty,El Profeta,Grupo Laberinto,5
55,0lZZ8pibk6Zu3M9hTthk1a,Look Who’s Inside Again,Bo Burnham,5
55,2bX9HSHahYgltu2p2pTU0h,Daisy dukes,SWAE,5
55,5o7QnDznQZOHvtPZ2he6wE,Turbo,Glokk40Spaz,5
55,5oady7OSE7dH7LHiqmb3Cr,"Dreams, Fairytales, Fantasies (feat. Brent Faiyaz & Salaam Remi)",A$AP Ferg,5
55,3RznzRnsl8mzP63l4AF2M7,Dream Sweet in Sea Major,Miracle Musical,5
55,3ohupFBIVNZp3IX7nRK8Ql,Nicki MAGA Parody,The Trumpers,5
55,1HfsmNlg8xxhOr9N2i4Q0n,Touching Yourself,The Japanese House,5
55,6IAgarq2wDeYzpsY2Kx0Hw,Almeda,Solange,5
55,1JSTJqkT5qHq8MDJnJbRE1,Every Breath You Take,The Police,5
55,6GT0EGXSMiS4s5X9v0EvfG,"Escapism (feat. AJ Michalka, Zach Callison & Grace Rolek)",Steven Universe,5
55,19aUuDd6udp1ACNo9t3IuZ,Death Cup,Mom Jeans.,5
55,05od2qm2MTSKCHxy1GBp5W,12 to 12,sombr,5
55,73vfMXcXa6iY1E3lpf2fZO,Pussy Palace,Lily Allen,5
55,7CZyCXKG6d5ALeq41sLzbw,Take What You Want (feat. Ozzy Osbourne & Travis Scott),Post Malone,5
55,5HiSc2ZCGn8L3cH3qSwzBT,러시안 룰렛 Russian Roulette,Red Velvet,5
55,0CjHqLvr4EdjBJ0XiKtbCI,Menace,Quality Control,5
55,48UPSzbZjgc449aqz8bxox,Californication,Red Hot Chili Peppers,5
55,1wszdDUhlil6EH3SRkmTZL,Embrace,Pastel Ghost,5
55,5zNxUkUW9WiV5oyg6gh2wB,DANÇARINA,PEDRO SAMPAIO,5
55,4JG8MhCVmEM458N4Xl7VMT,Ghost,Machine Girl,5
55,737qboVuEkiDl2DmoU89Qk,Triflin Hoes,Lil Durk,5
55,1MBM7CyZbwJpVbbZJnHHRg,Summer Love,Justin Timberlake,5
55,6oNLSQX8bcAdbCElZYju3v,Supersonic,fromis_9,5
55,6uKsrF9ejNeVy0lZvOQFdp,Woman Is The N****r Of The World - Remastered 2010,John Lennon,5
55,7B3BwNecBhKvNwSMOOl7Gk,Fame is a Gun,Addison Rae,5
55,0FO4lzbW7ufcYSc1iHune9,Seagirl,King Krule,5
55,5oI9blwsXC8AkTWw6wASY8,Máquina do Tempo,Matuê,5
55,01Lr5YepbgjXAWR9iOEyH1,Love Sosa,Chief Keef,5
55,0KYOthr76o5GlmYLEfp9OX,Slomo,Slowdive,5
55,0Z2J91b2iTGLVTZC4fKgxf,Hit 'Em Up - Single Version,2Pac,5
55,2T8yuUKl1nhmtaIocqWo4i,Berghain,ROSALÍA,5
55,6JvEXmRh3l2acBzvqavgT9,Love Spreads,The Stone Roses,5
55,1QEEqeFIZktqIpPI4jSVSF,More Than a Feeling,Boston,5
55,1qyiBNYS01TjMkmoeTLJXN,A Morte do Autotune,Matuê,5
55,7snQQk1zcKl8gZ92AnueZW,Sweet Child O' Mine,Guns N' Roses,5
55,1Kgyx7NLtzsa3gWV1efGHu,Sexy Movimiento,Wisin & Yandel,5
55,5hRKVQmwR2ZcWkf9XEybYE,One Way!,Autumn!,5
55,4myFsmx2v6znDOJfn3IkbD,Popular Monster,Falling In Reverse,5
55,6fjl6Ekn2hE7U9TLJ8teY0,Some Protector,ROLE MODEL,5
55,60ZGteAEtPCnGE6zevgUcd,Mountain Sound,Of Monsters and Men,5
55,1VLtjHwRWOVJiE5Py7JxoQ,Martin & Gina,Polo G,5
55,7hPLPHeKbwJrsuDHv4BCTA,Tears Over Beers,Modern Baseball,5
55,6VDKp0F4w3L2zijY3eh0uP,party,wifiskeleton,5
55,3fWibgdtgIie6LKTZ2rUoI,So Far So Fake,Pierce The Veil,5
55,6F5c58TMEs1byxUstkzVeM,Roar,Katy Perry,5
55,0K1KOCeJBj3lpDYxEX9qP2,Sleeping With A Friend,Neon Trees,5
55,69AHqDMcDKyxKL1lNNCIve,WHISKEY (RELEASE ME) (feat. Gorillaz & Westside Gunn),A$AP Rocky,5
55,3asFGFY3uLjMDmML1p0tYm,Savior,Rise Against,5
56,2HbKqm4o0w5wEeEFXm2sD4,Money Trees,Kendrick Lamar,5
56,7gUpO6td4OOnu0Lf9vhcIV,Lights - Single Version,Ellie Goulding,5
56,209g8XrYu3ov4Wt4bRk2Yw,Shadow People,Dr. Dog,5
56,2ejSYn4SfoE07mXPlnYVED,Ama Um Maloqueiro,Rafa e Junior,5
56,3e7sxremeOE3wTySiOhGiP,Dusk Till Dawn (feat. Sia) - Radio Edit,ZAYN,5
56,1musbempyJAw5gfSKZHXP9,Anxiety,Doechii,5
56,0Yp3wCUpjrG7NWWPDpmQXm,Paranoid (feat. B.o.B),Ty Dolla $ign,5
56,5nkUIVKqOqdpB6ApKgEMkv,Stay Ready (What A Life),Jhené Aiko,5
56,34oB5r0lcN3fYWCs2uA1k5,The Cure,Lady Gaga,5
56,0EXm0iaB0CzqtsB3VaupXj,When the Last Time,Clipse,5
56,76TZCvJ8GitQ2FA1q5dKu0,The Boxer,Simon & Garfunkel,5
56,2mzM4Y0Rnx2BDZqRnhQ5Q6,Free Mind,Tems,5
56,5GorCbAP4aL0EJ16frG2hd,Boulevard of Broken Dreams,Green Day,5
56,19aUuDd6udp1ACNo9t3IuZ,Death Cup,Mom Jeans.,5
56,6Knv6wdA0luoMUuuoYi2i1,My House,Flo Rida,5
56,1M0J45ZSv6qNaBSbGCIcGV,Come Dancing,The Kinks,5
56,2c7sRekhMGlj7u1WIIzoQu,Fighting My Demons,Ken Carson,4
56,5QDGKcQLqOJvoiu8eScEaM,Let Em' Know,Bryson Tiller,5
56,2oSpQ7QtIKTNFfA08Cy0ku,It's The End Of The World As We Know It (And I Feel Fine),R.E.M.,5
56,4JxgNwic9PMF1c87TKWZOr,MAKKA,fakemink,5
56,40a82F3K2UTbeoLlXXXZBd,"Lo Que Pasó, Pasó",Daddy Yankee,5
56,5AnCLGg35ziFOloEnXK4uu,Adore You,Miley Cyrus,5
56,0COqiPhxzoWICwFCS4eZcp,Bring Me To Life,Evanescence,5
56,2igbKtoBMXdYgYPkCpl0V4,Body Moves,DNCE,5
56,4KULAymBBJcPRpk1yO4dOG,I Remember Everything (feat. Kacey Musgraves),Zach Bryan,5
56,6EsH66Uto1zwZlDGQ6RokU,Forbidden Voices,Martin Garrix,5
56,5i0eJv1DzuyhaYnro4wTKg,Crazy Story (feat. King Von),Only The Family,5
56,2Ri0436JKFUsd3B3xa2jCe,Morto Mai,Lazza,5
56,4VUXAoJESfRV3ceUYtzfpQ,Endlessly,Omar Apollo,5
56,4lhqb6JvbHId48OUJGwymk,Hey Brother,Avicii,5
56,0lREs0EdgrMQQKw00yx0Ct,Una Noche en Medellín,Cris MJ,5
56,0HKr9aqzHBsVNnsUCdH4bw,STFU!,Rina Sawayama,5
56,6t5G9AQWFjJYPtt1xra4r7,Poesia Acústica 17,Pineapple StormTv,5
56,7xCcUcMcGsIYGKUVgBZUw5,We Own the Night,Dance Gavin Dance,5
56,0AlTIOiF5u0sHdsEvBU2av,24Hrs,Nine Vicious,5
56,4wswaG5vmNINMZcVBsAyBP,Got My Mind Set on You,George Harrison,5
56,1NpW5kyvO4XrNJ3rnfcNy3,Wild Ones (feat. Sia),Flo Rida,5
56,1bv9wrUiUgjWfahxVwtGSr,Letter Home,Childish Gambino,5
56,5e0b9LgOfi3aJSKXFcOWRe,Beanie,Chezile,5
56,51TG9W3y9qyO8BY5RXKgnZ,Symphony Of Destruction,Megadeth,5
56,78lgmZwycJ3nzsdgmPPGNx,Immigrant Song - Remaster,Led Zeppelin,5
56,0B8QzDH7YWih85V5SEMnyJ,Money Longer,Lil Uzi Vert,5
56,76GlO5H5RT6g7y0gev86Nk,Just like Heaven,The Cure,5
56,57Sm706EGggp7cyrGZgltG,Fearless Tuesday,YVA,5
56,3CRDbSIZ4r5MsZ0YwxuEkn,Stressed Out,Twenty One Pilots,5
56,24LS4lQShWyixJ0ZrJXfJ5,Sweet Nothing (feat. Florence Welch),Calvin Harris,5
56,5oYVxFt2k4SkVp6wzVsFWN,"Ride Or Die, Pt. 2 (with Villano Antillano & Tokischa)",Sevdaliza,5
56,0osPX8TruIebOhKuG6GK8C,On My Level (feat. Too $hort),Wiz Khalifa,5
56,2yH16s2lLbYtLziVwqw7Pf,Deleter,GROUPLOVE,5
56,6mHIYI9coRzaIlqE6rPNN5,Thootie (feat. Tokischa),Ice Spice,5
56,1158ckiB5S4cpsdYHDB9IF,My Own Summer (Shove It),Deftones,5
56,37WUQa7Mcm3aGQOp2rwEZi,Bad Girls,Blood Orange,5
56,415aR5b8Uws9UPGTsssWaS,Painkiller,Beach Bunny,5
56,2tpfxAXiI52znho4WE3XFA,Talking Body,Tove Lo,5
56,6Ph8QwsRfZunN5e1GGBIqa,Hurt,Oliver Tree,5
56,31rneVrsMC6jefCoDyQKam,Just Pretend,Bad Omens,5
56,5qdQPrWmZv8xYhMJCDrdHF,Heartache Medication,Jon Pardi,5
56,6K5KkiLwQM0dv2nGRJVN34,Paranoid,Rio Da Yung Og,5
56,15lV6FJ46eb756jcKTGp7p,Love Generation,Bob Sinclar,5
56,2O2kaMSTwJqeKaE44YNthA,4AM,KID BRUNSWICK,5
56,3ZUMC5OazTA8QtLpdlPdz9,Sleepyhead,Passion Pit,5
56,4WFgvKVfEhb3IUAFGrutTR,Love Me Not,Ravyn Lenae,5
56,3td69vL9Py7Ai9wfXYnvji,When You Die,MGMT,5
56,4JGKZS7h4Qa16gOU3oNETV,Dreams,The Cranberries,5
56,3zyqphgXvgHe436IMKeey3,Paprika,Japanese Breakfast,5
56,2ktg2oZDyFAX3iY1QNkXl5,Session 32,Summer Walker,5
56,5tdKaKLnC4SgtDZ6RlWeal,How Will I Know,Whitney Houston,5
56,33YwdmM6I1hBOT0ZQHSQW6,Freestyle,Westside Gunn,5
56,0X1Bz7NKvIh90nIptl5tlG,Good Ol' Days,Hayley Williams,5
56,2uuJs2nltcYFh9pkKP7bW4,Show Me,Joey Bada$$,5
56,3Rc2ajBMInxeNGVkMPC92Y,Dancing On My Own,Robyn,5
56,0CsM8VGDi38kusMv3pxyj1,True - Single Edit,Spandau Ballet,5
57,3bE5slaVEfaDreqARl6k4M,Yellow Ledbetter,Pearl Jam,5
57,05N2CVEkUbEd0slHLapdER,Leave a Light On (Talk Away The Dark),Papa Roach,5
57,5veJDT0MLsLbhYsx42GXUD,Don't Stand So Close To Me,The Police,5
57,11iIikXxC6NP0Ma8vMD27x,Alien Blues,Vundabar,5
57,4cGiSrYtvzEewv0ctVHiIB,Halo,54 Ultra,5
57,4YmsnZcxHEGEqHB3K0vdt0,DON'T KILL THE PARTY (feat. Quavo & Juicy J),Ty Dolla $ign,5
57,7lR743VxfubUw5m9dpnR9x,Numb,Portishead,5
57,4fpxnJGDWFxjGvLJOqPPt8,True Faith,New Order,5
57,2f7NXiO2Uyffl4Pp2AArRI,444,Lithe,5
57,2Co0IjcLTSHMtodwD4gzfg,I Bet on Losing Dogs,Mitski,5
57,2ExpCKBxiHbgzepERl1t4D,Cuando Pase el Temblor,Soda Stereo,5
57,0ikz6tENMONtK6qGkOrU3c,Wake Me Up Before You Go-Go,Wham!,5
57,7x9aauaA9cu6tyfpHnqDLo,Seven (feat. Latto),Jung Kook,5
57,1U1TpPbxYRFteIeT0Az4kM,Bruise,BETWEEN FRIENDS,5
57,5SsR3wtCOafDmZgvIdRhSm,Man Of The Year,ScHoolboy Q,5
57,1N62wozuHCvczCkY4QidpP,Over My Head (Cable Car),The Fray,5
57,2BDOJPAGE1W3roL0EsK2g0,Princess Bubblegum,ilyTOMMY,5
57,5GGA54O0NQK6Bo7nI0cz5k,SUPERSCAR,ADÉLA,5
57,2llbj6W90VcwPBSnfQXLrt,Somebody That I Used To Know - 4FRNT Remix,Gotye,5
57,3gmcDVzsWcnLJyxpwOkMJq,Your Love,She Wants Revenge,5
57,0zXnqruuTKhV7dTmbaO52L,Sunset,LUCKI,5
57,6ZAuQOgLrNQb9s7BXheuTy,Sue me,Audrey Hobert,5
57,3VB74fMhiVXMVDytVVfZD3,Ultra Violet,54 Ultra,5
57,4fwJzG3arwvfC1ZbRdracJ,Flo Jackson,Flo Milli,5
57,5zCJvrT3C7cIfHsR5iG95l,Lean on Me,Bill Withers,5
57,0VTNaBTD8WWpz0cW3dRR0g,ACTIN UP WITH SEXYY RED,Tommy Richman,5
57,5rb9QrpfcKFHM1EUbSIurX,Yeah! (feat. Lil Jon & Ludacris),USHER,5
57,1e7TsfmbYYphW3vht9ozzi,g19.,LNGSHOT,5
57,4YhG0wYSsxcpe3RGeXgj9v,<demons>,Kim Petras,5
57,0bmVH05tjN9jVh3kB1TfpR,In This Darkness,Clara La San,5
57,3URTzK0Qv13ppTwsQNtDtk,Go Crazy,Leslie Odom Jr.,5
57,6JgHKt0WwdwlXIht6M0mqa,I'm So Tired,Fugazi,5
57,4ykQ18swXrkrrbwsZKxQo7,Old Friends,Pinegrove,5
57,3kc4WVsSWOqTE3jtPH94io,Two Occasions,The Deele,5
57,2zee8Zcesqwnnwliw2Jy8M,I Belong To You,Lenny Kravitz,5
57,1Ukxccao1BlWrPhYkcXbwZ,From The Start,Laufey,5
57,4PHX6bpHDxiR9RGzAKWcyk,Cuando Me Enamoro,Enrique Iglesias,5
57,4vyQ2NdodXhtMGsaaMBqSt,M.I.A,KATSEYE,5
57,6hHc7Pks7wtBIW8Z6A0iFq,Blue Monday,New Order,5
57,0J119Oas2ox6JTTHUGZxHN,Give You the World,Steve Lacy,5
57,4DfCzjuGvK8xq6g6e1EpoE,Slow Down,Leon Thomas,5
57,4O9t8Qq941SAzdGlex4noA,What You Need (feat. Charlotte Day Wilson),KAYTRANADA,5
57,0CAfXk7DXMnon4gLudAp7J,Low (feat. T-Pain),Flo Rida,5
57,3bGfuGWywg85koHG8nturm,Can't Leave Alone (feat. Avenoir & Maz B),Pino,5
57,6EUcP55GlbmsmCzfL2vxtZ,on one tonight,Gunna,5
57,1lBkIZiPtUetgkMcSABu3h,If You Want It,Sexyy Red,5
57,2VyjK8wf0S6J8FgAgoqOkw,Wuthering Heights,Kate Bush,5
57,7BzhbpGghSli1uxLQacsEm,Adeus - Mayavin Festival,Edward Maya,5
57,1fDsrQ23eTAVFElUMaf38X,American Pie,Don McLean,5
57,0JiY190vktuhSGN6aqJdrt,So What,P!nk,5
57,5OjCsHeByDYEGxMrb1z8KQ,Flying Whales,Gojira,5
57,1TqmlXyMcCppD8v2OogDMR,Bark Like You Want It,Sir Mix-A-Lot,5
57,56MEbUIvvfEEkLIl51wxGD,Say It Ain't So,Weezer,5
57,7iKZ4otNgJxqlM6Ljxg586,Backdoor,Glokk40Spaz,5
57,3uwIoa2emQILz6BmH6MtiW,"Return to Sender - From ""Girls! Girls! Girls!""",Elvis Presley,5
57,5dEJc0rHuTVxtl1xljDbRv,oh my love,FKA twigs,5
57,0Puj4YlTm6xNzDDADXHMI9,Sabotage,Beastie Boys,5
57,074v54tSEWLbq3Hu5wf6uh,The Whole World (feat. Killer Mike),Outkast,5
57,1G8jae4jD8mwkXdodqHsBM,Name,The Goo Goo Dolls,5
57,5HPj0yTUFEFNia8SWgjq46,Open Your Eyes,Snow Patrol,5
57,1vFLg6nWigxe7H8pw2GT6z,Bad Moons,American Football,5
57,3ZUMC5OazTA8QtLpdlPdz9,Sleepyhead,Passion Pit,5
57,1OKkG3vxEuBBwLw1gCqdNW,Dsco,Sweet Trip,5
57,1mfV2kv9RwFKVI8kEQlmOJ,All Day and All of the Night,The Kinks,5
57,5wfllwdjglyQislkskYLBv,Day 'N' Nite (nightmare),Kid Cudi,5
58,4kpywGFDailKERiDjFUw5Y,The Game,Disturbed,5
58,3qiyyUfYe7CRYLucrPmulD,Baba O'Riley,The Who,5
58,1HL3yEnYq8LEyFQ3QegA5V,Crash into Me,Dave Matthews Band,5
58,0ofHAoxe9vBkTCp2UQIavz,Dreams - 2004 Remaster,Fleetwood Mac,5
58,3ixYkZI6rGk3ktisaIQrh0,Starlight,Dave,5
58,7AQim7LbvFVZJE3O8TYgf2,Fuck Love,XXXTENTACION,5
58,3pXF1nA74528Edde4of9CC,Don't,Bryson Tiller,5
58,7pT6WSg4PCt4mr5ZFyUfsF,If We Have Each Other,Alec Benjamin,5
58,7j6PWLaubVavCLE4peea8S,Backseat,Balu Brigada,5
58,53mChDyESfwn9Dz8poHRf6,Taking What's Not Yours,TV Girl,5
58,4aR9bPMAOFySBuQSbVWF3d,Smile,Lily Allen,5
58,1kXmApTm4wonqscYBoLwxj,All Hands on Deck,Tinashe,5
58,6VDKp0F4w3L2zijY3eh0uP,party,wifiskeleton,5
58,3kc4WVsSWOqTE3jtPH94io,Two Occasions,The Deele,5
58,6XAA7T9VHcqKQSzjmXAJ8o,That's All She Wrote,T.I.,5
58,221eHga9f9Ne4f8D7WVgPT,Mystical Magical,Benson Boone,5
58,1AWQoqb9bSvzTjaLralEkT,Rock Your Body,Justin Timberlake,5
58,2374M0fQpWi3dLnB54qaLX,Africa,TOTO,5
58,7ghKr0pCYyPPyp7t1FH8k4,Les,Childish Gambino,5
58,3CIyK1V4JEJkg02E4EJnDl,Enemy (with JID) - from the series Arcane League of Legends,Imagine Dragons,5
58,1CdqVF1ywD0ZO1zXtB9yWa,Break Your Heart,Taio Cruz,5
58,73scB4Q4fcOmnsBVZPmk32,Si Antes Te Hubiera Conocido,KAROL G,5
58,02YWpfMAUVTvsbhu3QO9fM,Sleep Talking,Indigo De Souza,5
58,4absiGHMelB8eH976ytjBj,Evil,Interpol,5
58,4UQDZlZhGUDoYMohwrY28v,Virtual Insanity - Remastered 2006,Jamiroquai,5
58,4fpxnJGDWFxjGvLJOqPPt8,True Faith,New Order,5
58,4O2rRsoSPb5aN7N3tG6Y3v,Northern Attitude,Noah Kahan,5
58,7zsXy7vlHdItvUSH8EwQss,Cold Water,Major Lazer,5
58,5hTpBe8h35rJ67eAWHQsJx,Caroline,Aminé,5
58,3AspYFTkJFk9lXyaa2xxjW,Gimme Chocolate!!,BABYMETAL,5
58,4lriIG2vNqwDWzOj2I9rtj,Ma Meilleure Ennemie (from the series Arcane League of Legends),Stromae,5
58,6n4U3TlzUGhdSFbUUhTvLP,Walk It Talk It,Migos,5
58,6PypGyiu0Y2lCDBN1XZEnP,Everybody Hurts,R.E.M.,5
58,4lt7DuGYXo9M1LcEJ5KrQx,Exquisite Tension,You'll Never Get to Heaven,5
58,4SFknyjLcyTLJFPKD2m96o,How You Like That,BLACKPINK,5
58,1gyee1JuFFiP476LQpRMYU,The Red,Chevelle,5
58,5gZ8nTiDCrI6IIk447z04i,What?,Rob Zombie,5
58,7mDTvYD2ieE4Q28XFziMfJ,Cry,Cigarettes After Sex,5
58,3Vo4wInECJQuz9BIBMOu8i,Finesse - Remix; feat. Cardi B,Bruno Mars,5
58,5NO5HPCDG8Y0ErpAISWQOJ,PUSH UR T3MPRR,femtanyl,5
58,4hJAHfT4Q92Bj93RlYtCou,IT'S TIME,femtanyl,5
58,2tTmW7RDtMQtBk7m2rYeSw,"Quevedo: Bzrp Music Sessions, Vol. 52/66",Bizarrap,5
58,1DqdF42leyFIzqNDv9CjId,Dynamite,Taio Cruz,5
58,7BqHUALzNBTanL6OvsqmC1,Happier,Marshmello,5
58,4kSYZCV2qlTpCPu0NnMoSR,Bistro,Madvillain,5
58,5hkgrWxkobGtg30I7DsfVu,Ten Thousand Fists,Disturbed,5
58,6Qyc6fS4DsZjB2mRW9DsQs,Iris,The Goo Goo Dolls,5
58,4frLb7nWtsz2ymBE6k2GRP,Earned It (Fifty Shades Of Grey),The Weeknd,5
58,2Gyc6e2cLxA5hoX1NOvYnU,Say It,Tory Lanez,5
58,0EtirusGt3LivUmALXSMVe,Role Model,Eminem,5
58,3d8PDk3B4am5c6TsUCznUW,Shut It Down,Drake,5
58,0Fe3WxeO6lZZxj7ytvbDUh,Dashboard,Modest Mouse,5
58,2Lhdl74nwwVGOE2Gv35QuK,Cupid's Chokehold / Breakfast in America,Gym Class Heroes,5
58,6ic8OlLUNEATToEFU3xmaH,Gimme More,Britney Spears,5
58,5Dpryv5D5xUTMrqd82JwGD,southbound,Artemas,5
58,3BZGi1yUqQyCNC868AqUGG,Big in Japan,Alphaville,5
58,1ZiN3wseympSLDIFkaWHHC,Give Me Love (Give Me Peace on Earth),George Harrison,5
58,1IHWl5LamUGEuP4ozKQSXZ,Tití Me Preguntó,Bad Bunny,5
58,3K94Fd5ZQkPCW8wV6oyk22,Don't Delete The Kisses,Wolf Alice,5
58,1XRzIGsdYaLi0jHeGlcHGP,Rich Nigga Shit (with Juice WRLD),Young Thug,5
58,1L94M3KIu7QluZe63g64rv,Alive,Pearl Jam,5
58,2dxjKgT0li4qBI3QwuN9Ih,Touch The Sky,Kanye West,5
58,5geF5xzPGHxpmk9BDBHphZ,We Gotta Get Out Of This Place - UK Single Version,The Animals,5
58,5xT8JXJSyHYNfC11OFqzFL,Is It Any Wonder?,Keane,5
58,7EqpEBPOohgk7NnKvBGFWo,Wait for It,Leslie Odom Jr.,5
58,2iIBpwP4FyQ95xgVail3yr,No_se_ve.mp3,Emilia,5
58,73JZKk0nb1WOUmh1Eo3Unc,Feuer frei!,Rammstein,5
58,09DR0sHnQUhHOiSNttc1mv,Not Strong Enough,boygenius,5
58,7CxFWAnQ8eqiRL4W12Xzb6,Avalon,$uicideboy$,5
58,6JuEshIRliNXRU1LXctRjZ,Halah,Mazzy Star,5
58,66N8I6v00iQFPd56yU7dXf,Kill Me,Indigo De Souza,5
58,6fL8iaSdwmSTQiUv9K6L4h,Faneto,Chief Keef,5
58,27L8sESb3KR79asDUBu8nW,Stacy's Mom,Fountains Of Wayne,5
59,2yQZwi1P8AkkxxFhQ8rMEK,Greatest Love Story,LANCO,5
59,1N62wozuHCvczCkY4QidpP,Over My Head (Cable Car),The Fray,5
59,5qG4mrKUlmGce1FA4wGrr7,10's,Pantera,5
59,516v2eji9NjkmsYc9PErx4,Cha Cha,ZEDDY WILL,5
59,04a44cx2PJthIbN2aLMXhl,TIT FOR TAT,Tate McRae,5
59,0G21yYKMZoHa30cYVi1iA8,Welcome To The Jungle,Guns N' Roses,5
59,4w3R0GZ2rScJMKlgPJzHRq,Sonne,Rammstein,5
59,100Tm6z29RfHTdUQ6NIs0s,Me Voy,Julieta Venegas,5
59,4Nf5EZ40JenjMUKXOiyRU5,NUEVA VIDA,Peso Pluma,5
59,0qhVpwKivK3u4OMLb7Z9Ah,tower of memories,ivri,5
59,2VyjK8wf0S6J8FgAgoqOkw,Wuthering Heights,Kate Bush,5
59,236P5yLtfnHgTMxevc0q6F,TBH,PARTYNEXTDOOR,5
59,55OQnFxrtwV4hSBAbeqId7,Freaks (feat. Travis Barker),Surf Curse,5
59,5UXJzLFdBn6u9FJTCnoHrH,Memories,Conan Gray,5
59,2f2bUlgbvWizHPuhnoJEMs,We Want Mickey (I Want Candy),Julie Griffin,5
59,0rLzyBecRbTpnBWvMtPVFR,Get Right,Jennifer Lopez,5
59,5H1sKFMzDeMtXwND3V6hRY,JUMP,BLACKPINK,5
59,3V0nnQhqvbE3JmiDdnzQFQ,July (feat. Leon Bridges),Noah Cyrus,5
59,02YWpfMAUVTvsbhu3QO9fM,Sleep Talking,Indigo De Souza,5
59,7Gs3otHnZDq514kFHf0nx7,Blue Notes,Meek Mill,5
59,2MjXWroB9wlTG2kqv3avfS,Get It Sexyy,Sexyy Red,5
59,6xL9MJ2yt39HPPZPyGkRy8,Untouchable,YoungBoy Never Broke Again,5
59,5CRPGdCSOfstyTVK9Ja5EQ,Ceremony,New Order,5
59,19ItuvrZfTudwC6S5lkDH3,The Machine,Reed Wonder,5
59,6AI3ezQ4o3HUoP6Dhudph3,Not Like Us,Kendrick Lamar,5
59,1mUG7ftwIxuq5fhMPkyM02,Flight,Hans Zimmer,5
59,1zN6ynJG4PdR61YWv4PQ3Y,All Around Me,Flyleaf,5
59,6dkAVxrPh4abLufu8X5LbP,Truck Loaded,Gucci Mane,5
59,5EoV2HmAlkqN1XvsIjOBZZ,STYLE,Hearts2Hearts,5
59,1udwFobQ1JoOdWPQrp2b6u,Surround Sound (feat. 21 Savage & Baby Tate),JID,5
59,0MNNKSUU9OOQ8DSGWduw79,Mystery of Love,Sufjan Stevens,5
59,6EsH66Uto1zwZlDGQ6RokU,Forbidden Voices,Martin Garrix,5
59,0SiywuOBRcynK0uKGWdCnn,Bad Romance,Lady Gaga,5
59,6FUL0KnCewFqapTAaUxyHD,MachineGirl,ADÉLA,5
59,6AfLmKXzhEZjwiVPs5jhdV,Hella Good,No Doubt,5
59,3K2LpGFpQqo8uDFkjhV2Uo,Sweet Sixteen,Don Trip,5
59,62LJFaYihsdVrrkgUOJC05,Kiss,Prince,5
59,3Pu3IChaAoa5EjgUBv5F6x,Ballroom Blitz,Sweet,5
59,3fvY2U1AzW0diYF0hnBbKt,Rockabye (feat. Sean Paul & Anne-Marie),Clean Bandit,5
59,7JXZq0JgG2zTrSOAgY8VMC,Jungle,Drake,5
59,249E7AgSyA4vhtXNEjQYb5,Wicked Games,The Weeknd,5
59,5dD0YyAhGmLmBgVYn2QB8f,2,Dean Blunt,5
59,4wSmqFg31t6LsQWtzYAJob,Genesis,Justice,5
59,3jAr9eD5SiwEOJS0EerIPq,LSD and the Search for God,The Blue Angel Lounge,5
59,21jEuMn2lf37715rwjow2M,The Freshmen,The Verve Pipe,5
59,0Fs9cdPDhptWEDJmiCbkEW,She Knows (feat. Amber Coffman & Cults),J. Cole,5
59,54bzhkAeWNCzl6Reh4h8pV,The Kill (Bury Me),Thirty Seconds To Mars,5
59,28lKZhxCDxqJEPyK8G4y91,White Horses,Wolf Alice,5
59,2kZoOj1n5vk9BuF0sih58M,SOMEBODY LOVES ME,PARTYNEXTDOOR,5
59,7FIWs0pqAYbP91WWM0vlTQ,Godzilla (feat. Juice WRLD),Eminem,5
59,05G51ez5Z73NRE0l2QtZfH,Short Hair,AOA,5
59,7pNC5ZIKtwUK0ReSpM3P9f,Black Widow,Iggy Azalea,5
59,3sK8wGT43QFpWrvNQsrQya,DtMF,Bad Bunny,5
59,1SMzMtlnawoUV6ssFd7rZ7,Twerkin Wit Ya Friends,ZEDDY WILL,5
59,3j49aLXWWkbjQyUyvngokI,"LOVE, LOVE, LOVE",Stephen Sanchez,5
59,05WVKTdZhlIMX4qqMLuo0f,BELLAKEO,Peso Pluma,5
59,4X2YuFX8I7FEVrXmV2w674,"Keep On Chooglin' - Remastered / Live At The Oakland Coliseum, Oakland, CA / January 31, 1970",Creedence Clearwater Revival,5
59,5GPAV4NrGqQZajJw5Z1SkX,About Her,yeule,5
59,0EtirusGt3LivUmALXSMVe,Role Model,Eminem,5
59,1RGIjMFMgJxkZHMDXVYzOJ,Bartender (feat. Akon),T-Pain,5
59,09VVtxc7My0NTuo7mf90gU,Gucci Mane,Jessie Murph,5
59,6MX8v7cRooNQb5fW5Uo6Sm,come,Adrianne Lenker,5
59,2sPva3d85R7yKf60y7QZpD,La La La,LMFAO,5
59,0rNqDh9zWWJVTLS4VfceHP,Brickell,Feid,5
59,0V2passWyAXnON67kfAj7y,ABCD,NAYEON,5
60,2D4LEUzvLRCQOLMxnajH72,"If I'm James Dean, You're Audrey Hepburn",Sleeping With Sirens,5
60,6IwKcFdiRQZOWeYNhUiWIv,No One,Alicia Keys,5
60,0rILJVRD7waDGOFzoyruI2,No Angels,Bastille,5
60,3gdewACMIVMEWVbyb8O9sY,"Rocket Man (I Think It's Going To Be A Long, Long Time)",Elton John,5
60,37WUQa7Mcm3aGQOp2rwEZi,Bad Girls,Blood Orange,5
60,2lTm559tuIvatlT1u0JYG2,BAILE INoLVIDABLE,Bad Bunny,5
60,6ATrsVaZT7XjkCynxM8cTS,Turn My Swag On,Soulja Boy,5
60,3V0nnQhqvbE3JmiDdnzQFQ,July (feat. Leon Bridges),Noah Cyrus,5
60,6sbPf6oRMMf5MGUTAFHlnf,Queen Of The Zoo,Fetty Wap,5
60,0yuAWlxq59xT3agQ965OxE,Sunsetz,Cigarettes After Sex,5
60,7j74lucZ59vqN67Ipe2ZcY,Maneater,Daryl Hall & John Oates,5
60,3fvY2U1AzW0diYF0hnBbKt,Rockabye (feat. Sean Paul & Anne-Marie),Clean Bandit,5
60,1xxKHsbfPc2xzGLpEXpt55,20201203,Mac DeMarco,5
60,0eBFgRxyVSeuT4iyrbukdn,Where the Wild Things Are,Luke Combs,5
60,7fyG2MquxykO3Ufiku1Dj2,Treehouse,Alex G,5
60,7aQjPecQdIuNd1sz3KCDhD,Lovefool,The Cardigans,5
60,1gihuPhrLraKYrJMAEONyc,Feel So Close - Radio Edit,Calvin Harris,5
60,2297mxrYLBAC4XkhXs39If,Armed & Dangerous,King Von,5
60,4AFjPeecGnS3999PV5iOSK,Mea Culpa (Ah! Ça ira!),Gojira,5
60,2Z8WuEywRWYTKe1NybPQEW,Ride,Twenty One Pilots,5
60,6I9VzXrHxO9rA9A5euc8Ak,Toxic,Britney Spears,5
60,0LJTfmgOMvlLd0u4HU9twm,Killshot,Magdalena Bay,5
60,1zKnyGMHUfR8zAzBJRpz5w,High In Low Places,Beach Weather,5
60,3lPn81PFyKvXiyHhlkwkQ4,Doomed,Bring Me The Horizon,5
60,7DsaOo87BUgyNwMxD6nhC9,Maybe I'm Amazed,Paul McCartney,5
60,2tUBqZG2AbRi7Q0BIrVrEj,I Wanna Dance with Somebody (Who Loves Me),Whitney Houston,5
60,5i7fZq3chLyCHo3VeB6goD,First of the Year (Equinox),Skrillex,5
60,1KixkQVDUHggZMU9dUobgm,My Head & My Heart,Ava Max,5
60,3VB74fMhiVXMVDytVVfZD3,Ultra Violet,54 Ultra,5
60,4a2uqVlpRChHj32EjJLu7G,Nose On The Grindstone (OurVinyl Sessions),Tyler Childers,5
60,3rJDsZjIaCfJQSqRUvl0BM,Funeral,Phoebe Bridgers,5
60,6pWgRkpqVfxnj3WuIcJ7WP,Cornfield Chase,Hans Zimmer,5
60,3cjvqsvvU80g7WJPMVh8iq,Genesis,Grimes,5
60,4v5kAh2wWyCSuKuhMJK8u6,Long Way 2 Go,Cassie,5
60,1hfPEIKHJ0G8Nua3lH0YeG,Ashes,Lazy Habits,5
60,1UGD3lW3tDmgZfAVDh6w7r,Devil In A New Dress,Kanye West,5
60,4eamJr2k9YDH8j58RSTmSc,Doin' Time,Sublime,5
60,524yEMK9wdiqPMqkE9kd9H,Sorry 4 The Wait,Lil Wayne,5
60,6lV2MSQmRIkycDScNtrBXO,Airplanes (feat. Hayley Williams of Paramore),B.o.B,5
60,1pLCpA1RN8avJxSD3ZCwhj,Pa' Que La Pases Bien,Arcángel,5
60,5ZbztTcvj6QWWbeYsL4GTa,Fuck My Computer,Ninajirachi,5
61,2AX5E86cn9n2dgioZEjirI,Golden Brown,The Stranglers,3
61,1ezejto4dwwkESru7ILfLs,Help,Papa Roach,4
61,5BXr7hYZQOeRttkeWYTq5S,ASAP,STAYC,4
61,0NLm9bQG7ikL5k9x9TtYT7,Here With Me,d4vd,3
61,6IJXxWAHTVORSyl7lT5pkY,Mess Is Mine,Vance Joy,3
61,5pZupzhQ1KAq8sFtFxS3nG,Becky,Plies,5
61,3LGsgpx4TfxhXbr07OFKqs,Oblivion,Grimes,4
61,0ntQJM78wzOLVeCUAW7Y45,Sex on Fire,Kings of Leon,4
61,4FNFhDMEj39Tf6is8RvZ4A,I Like Ur Look,Kim Petras,5
61,3DK6m7It6Pw857FcQftMds,Runaway,Kanye West,4
61,7snQQk1zcKl8gZ92AnueZW,Sweet Child O' Mine,Guns N' Roses,4
61,5OjCsHeByDYEGxMrb1z8KQ,Flying Whales,Gojira,3
61,0yuAWlxq59xT3agQ965OxE,Sunsetz,Cigarettes After Sex,3
61,1rIKgCH4H52lrvDcz50hS8,Lush Life,Zara Larsson,5
61,2DQ1ITjI0YoLFzuADN1ZBW,No Limit,G-Eazy,4
61,3sLTYBYs6lJsFK84t2X7wt,Bathroom,Montell Fish,4
61,6VQ2fI8goSX8mpSvytXkXR,Idilio,Willie Colón,4
61,5naar7XewEOAjOywIp6Jjq,Remember When,Wallows,4
61,7KwZNVEaqikRSBSpyhXK2j,Hypnotize - 2014 Remaster,The Notorious B.I.G.,4
61,0NZPBYD5qbEWRs3PrGiRkT,Unholy (feat. Kim Petras),Sam Smith,4
61,2NPxL1QqPrD1a7OLHjVcAP,I Can,Nas,5
61,7eBqSVxrzQZtK2mmgRG6lC,Murder on My Mind,YNW Melly,4
61,0p5eZCY0R7uNCZS1YDtIYI,Hey,Pixies,4
61,4myFsmx2v6znDOJfn3IkbD,Popular Monster,Falling In Reverse,4
61,2FK6SnUKJY8m8kVBmdQbSM,Walking On Air,King Crimson,3
61,2WfaOiMkCvy7F5fcp2zZ8L,Take on Me,a-ha,5
61,6qn9YLKt13AGvpq9jfO8py,We Found Love,Rihanna,5
61,4tqcoej1zPvwePZCzuAjJd,Wet Dreamz,J. Cole,4
61,474uVhyGgK5MtY9gMcDgGl,It's Called: Freefall,Rainbow Kitten Surprise,4
61,2HvuyQEnKR82zwfIuCBaWH,Caso Sério,Rita Lee,3
61,6Hmj7SrLRbreLVfVS7mV1S,Wake Up,Arcade Fire,4
61,3gJDgenxLephg09x86IxPs,TEMPTATION,Joey Bada$$,4
61,1fZgxJgmmOl8zCyHgcKAWE,relicário,ANAVITÓRIA,3
61,3SBhQh5X7tO8ejCMUdjSRu,Pandora,Wisp,5
61,57bgtoPSgt236HzfBOd8kj,Thunderstruck,AC/DC,4
61,6uFn47ACjqYkc0jADwEdj1,Pop Out (feat. Lil Tjay),Polo G,4
61,2cyLCuYnTA0zcdxYW9O3Yk,Genesis,Grimes,4
61,74jYpz3ZVG1ThkBtsoUwG1,Rings,Pinegrove,3
61,2gmwvGC1yOw8NdMcZE8nfo,Literal Legend,Ayesha Erotica,4
61,5oQpH1uuZte4axR411rIlN,SPECIALZ,King Gnu,4
61,7gUpO6td4OOnu0Lf9vhcIV,Lights - Single Version,Ellie Goulding,4
61,5QDGKcQLqOJvoiu8eScEaM,Let Em' Know,Bryson Tiller,5
61,6eDMElxeeKXs4DHTb0dGP0,Gostava Tanto De Você,Tim Maia,3
61,451GvHwY99NKV4zdKPRWmv,Banana Pancakes,Jack Johnson,3
61,5nNpVC9AC6DWgrT5RX0e0b,Hopelessly Devoted To You,Olivia Newton-John,3
61,1rfGO3N4DPGodJLSSY9Re5,Sticky,Ravyn Lenae,3
61,4eWQlBRaTjPPUlzacqEeoQ,Never Be the Same,Camila Cabello,4
61,5zPTc1mblCrVgMmPzrTMfQ,"Better Off (Alone, Pt. III)",Alan Walker,3
61,44KWbTVZev3SWdv1t5UoYE,How Much Is Weed?,Dominic Fike,4
61,41G5oiNumgRbt8fNZfncnN,Here I Am,The Hellp,5
61,36gcliMRX1vCpgnrZE3dFZ,10:35,Tiësto,4
61,6KOEK6SeCEZOQkLj5M1PxH,California Gurls,Katy Perry,4
61,6AknCCsxOsrJ2mkSdCtET1,Agust D,Agust D,5
61,1Je1IMUlBXcx1Fz0WE7oPT,Wannabe,Spice Girls,4
61,0CSTvWUps1YmpQoXXay9ol,Cosmic Love,Florence + The Machine,3
61,4E5N0mYyYFf0QZs3XDeSIj,Summer's Over,Jordana,3
61,285pBltuF7vW8TeWk8hdRR,Lucid Dreams,Juice WRLD,4
61,1o22EcqsCANhwYdaNOSdwS,Tessellate,alt-J,3
61,46gSk82duJtX3TTA182ruG,This fffire - New Version,Franz Ferdinand,4
61,6fjl6Ekn2hE7U9TLJ8teY0,Some Protector,ROLE MODEL,3
61,1VuBmEauSZywQVtqbxNqka,Beautiful Day,U2,3
61,5elf7rWt5uFffJvluUfwon,HORA CERO,Myke Towers,4
61,0AUvWawuP0ibk4SQ3sIZjk,Daisy,Ashnikko,4
61,1auX4gkGe7hbrOH0BXdpV4,Firestarter,The Prodigy,4
61,5b3yINi6jbTdURfGU4nKoC,Feisty,Smerz,4
61,1CgmY8fVN7kstVDZmsdM5k,P.Y.T. (Pretty Young Thing),Michael Jackson,4
61,72sfmdpuO5r8cBDgs7MqZZ,UNDERSTAND,keshi,2
61,5uz5v1hRZLjNGatcPtOWUv,LV Sandals,EsDeeKid,5
61,0tyR7Bu9P086aWBFZ4QJoo,Monsters (feat. blackbear),All Time Low,4
61,5aaE27JUylnG7aPtGJPrrC,DICE,NMIXX,5
61,0lREs0EdgrMQQKw00yx0Ct,Una Noche en Medellín,Cris MJ,3
61,1wNspyFiI1E9YGhJzz3AoO,SLOWDIVE,Turnstile,4
61,3iof6EclqePezHDibBiykI,Oceano,Djavan,3
61,3Uh7rAb7F0XGVpEEDwfH1k,River Man,Nick Drake,3
61,2FZsOypXRoYIrGI6s8C3Zm,$0,Cameron Winter,3
61,4JfuiOWlWCkjP6OKurHjSn,Walk This Way,Aerosmith,4
61,5JYPXqMwYc0zTODQdjMEZN,Deli,Ice Spice,4
61,7FwBtcecmlpc1sLySPXeGE,Dancing In the Dark,Bruce Springsteen,5
61,1hTbH1tGOQ2sqVav7iDHfQ,Broadview,Slow Pulp,3
61,0HVQuuXGAcQ2P5mBN521ae,War Pigs,Black Sabbath,4
62,5OpwZViQUOos3cSrEo5qXv,Elephant,bôa,3
62,1a19jsjG2DvbN1fVJonKUU,Beaches,beabadoobee,4
62,3dY1DlC1nDUDtiIKaQ0Ynu,Kangaroo Court,Capital Cities,5
62,6KS5iyM4uDuJ6oAacMSXha,Princess Going Digital,Amaarae,5
62,5yfhzEct1ulyU6g5oVRraj,KNOW ABOUT ME,NMIXX,5
62,41IShViF79gmulEkIHAjcb,The Game of Love (feat. Michelle Branch) - Main / Radio Mix,Santana,4
62,6oNLSQX8bcAdbCElZYju3v,Supersonic,fromis_9,4
62,2H1047e0oMSj10dgp7p2VG,I Gotta Feeling,Black Eyed Peas,4
62,1c5CllrZr45UBhWpIqM332,Funny Thing,Thundercat,3
62,5naar7XewEOAjOywIp6Jjq,Remember When,Wallows,4
62,2s1sdSqGcKxpPr5lCl7jAV,Chandelier,Sia,5
62,0Fe3WxeO6lZZxj7ytvbDUh,Dashboard,Modest Mouse,4
62,1DwscornXpj8fmOmYVlqZt,Stateside + Zara Larsson,PinkPantheress,4
62,4fsQ0K37TOXa3hEQfjEic1,ANTIFRAGILE,LE SSERAFIM,4
62,3coRPMnFg2dJcPu5RMloa9,Whiplash,aespa,5
62,1nLnpLXvl68RZCSjfkyiaa,Brain Stew,Green Day,4
62,6t7WriKgVszATnrdBKSUAf,Just One Day,BTS,4
62,2pYCyEwJ0xKnWbuQkqNHgp,Love and Happiness,Al Green,3
62,0gLkqzntRnJVwUBMCrIhbw,Late Night Calls,P1Harmony,5
62,5odlY52u43F5BjByhxg7wg,golden hour,JVKE,3
62,3vJIaiTIHxHhYafTSPNiH4,Zoo,Disney,4
62,6WrnSlcN0dzTO80mVVbBto,Do You Want To,Franz Ferdinand,4
62,0PsFsv5xUyX06ZhIEtFkeA,End of You,Poppy,5
62,3nHuKdFJZm78CoeBnDcFKe,Bad Dreams,Teddy Swims,4
62,3M8FzayQWtkvOhqMn2V4T2,Lean on Me,Bill Withers,2
62,2bPGTMB5sFfFYQ2YvSmup0,Deutschland,Rammstein,4
62,0qMip0B2D4ePEjBJvAtYre,紅蓮華,LiSA,4
62,4lhqb6JvbHId48OUJGwymk,Hey Brother,Avicii,4
62,4KULAymBBJcPRpk1yO4dOG,I Remember Everything (feat. Kacey Musgraves),Zach Bryan,3
62,5MYPciceOHMd7Vl7ntELEq,Candy,Plan B,5
62,4qTGOuXmoR7fk7dApMlQjG,Get in the Water,Jorge Rivera-Herrans,3
62,39cmB3ZoTOLwOTq7tMNqKa,Hear Me Now,Alok,3
62,2RTLIQRc8yogHh08waQDVa,I Know It's Over,Jeff Buckley,2
62,66yPalPs9DrhbGb9gR3vD9,Yale,Ken Carson,4
62,3NxWJWftvkstyxvb1pZlFo,Teeth,5 Seconds of Summer,4
62,7EW7Yivb93qKAtp5qEm5of,Dark Thoughts,Lil Tecca,4
62,1XleasuIaliwmvxQ2EUhtq,Neon Kitchen,Devon Hendryx,4
62,7JTGwb6ug0z15F5roNLE0s,Two Time,Jack Stauber's Micropop,3
62,7dJYggqjKo71KI9sLzqCs8,Agora Hills,Doja Cat,4
62,1dByUyyoRKL99fJJ6VCQzb,TIT FOR TAT,Tate McRae,4
62,6bDbJk0jL03jh5owo7YTXe,Tsunami,Suzuki Saint,4
62,65FftemJ1DbbZ45DUfHJXE,OMG,NewJeans,5
62,4tYFy8ALRjIZvnvSLw5lxN,Party,Bad Bunny,3
62,0VTNaBTD8WWpz0cW3dRR0g,ACTIN UP WITH SEXYY RED,Tommy Richman,5
62,3BUc2A0MJ53FHwiy3eohBt,Nobody New,The Marías,3
62,7xe8BiG8HHl1EetMA6ygey,"DON'T KILL THE PARTY (feat. Shoreline Mafia, Quavo & Juicy J)",Ty Dolla $ign,4
62,4sRQg2aoec0VIvQ7GZPGMy,The Boys,Girls' Generation,5
62,2bdVgAQgosGUJoViVDNeOV,LIMBO,keshi,3
62,7vlPI45Zzzk0palLdKry4k,The Matrimony (feat. Usher),Wale,4
62,4tGbZjNFJLPTtw5CAwRjUP,soulless,sosocamo,4
62,1V6gIisPpYqgFeWbMLI0bA,Heart Attack,Demi Lovato,4
62,0CbESIyx34Usxoy7emUEBd,All These Things I Hate (Revolve Around Me),Bullet For My Valentine,5
62,3eBHh35RljNlNtM3KhKhmM,Everyone Adores You (quiet),Matt Maltese,3
62,1oAwsWBovWRIp7qLMGPIet,Apocalypse,Cigarettes After Sex,4
62,3Wrjm47oTz2sjIgck11l5e,Beggin',Måneskin,4
62,0w3Mfe4PIVjuFjJbe3OlYv,8am in Charlotte,Drake,4
62,1Je1IMUlBXcx1Fz0WE7oPT,Wannabe,Spice Girls,4
62,40QrLHWdsxyXLAdjJG4Rxs,Chosen 1,Polo G,4
62,4Yu2vdSKkFrBM5agrx5XRN,Distant Lover,Marvin Gaye,3
62,2MLHyLy5z5l5YRp7momlgw,Island In The Sun,Weezer,4
62,1u2hPlWD5rlCzDa0X6zHaf,Cheerleader,OMI,4
62,17YNmMy03QLPirmBzWxFa6,(dream),salvia palth,3
62,0JIMT9gzLIIz0esKLyjbKf,Telephones,Vacations,4
62,2esZG2XFtuoWWA9AfDvSxy,Gata Only,FloyyMenor,3
63,4dGuRldChjvboZktprNJFM,Hush - Still Woozy Remix,The Marías,4
63,0BKXZkU8oGad58MyTFyFXu,Blunt Blowin,Lil Wayne,4
63,5bJxFYztEjgWrIN7w3zhcF,Fuso,Duquesa,5
63,5ghIJDpPoe3CfHMGu71E6T,Smells Like Teen Spirit,Nirvana,4
63,0M955bMOoilikPXwKLYpoi,I Hate Everything About You,Three Days Grace,4
63,7mDTvYD2ieE4Q28XFziMfJ,Cry,Cigarettes After Sex,3
63,7DsaOo87BUgyNwMxD6nhC9,Maybe I'm Amazed,Paul McCartney,3
63,0LJTfmgOMvlLd0u4HU9twm,Killshot,Magdalena Bay,5
63,1gSDTZHemEViEBiXysrlo0,Can I Kick It?,A Tribe Called Quest,4
63,3y2Y3Bc6GDxAWAMIpbW7RU,Into the Groove,Madonna,5
63,7AeM1BGYM7emrqmQn1PuWv,I'm The Problem,Morgan Wallen,4
63,1Bv3h7Vc4AaYA2BcSM3rVd,All I Wanted,Paramore,4
63,3lWtkjh2tstrANQyNchyK1,Time Machine,Miracle Musical,4
63,42VsgItocQwOQC3XWZ8JNA,FE!N (feat. Playboi Carti),Travis Scott,5
63,3eFx554nKpVNe4otynSsK0,Niki Fm,Hawthorne Heights,4
63,0lsNyP9sbzdAuAWhSspWeb,Superstition,Stevie Wonder,4
63,0SuLAslEMFZAXf0SwY7syi,All Time Low,Jon Bellion,4
63,2sW8fmnISifQTRgnRrQTYW,Roads,Portishead,2
63,5Tbpp3OLLClPJF8t1DmrFD,"Nuthin' But A ""G"" Thang",Dr. Dre,5
63,77ZnKnZvitYTwGNWshn53V,Summer Time High Time,Cuco,4
63,2NPxL1QqPrD1a7OLHjVcAP,I Can,Nas,5
63,7B5Npv8NjjTCzk8PLpU66h,Love In The Dark,Adele,3
63,5RMlUiY2og97DronMz3GlG,..FEISTY,Fred again..,5
63,4ykQ18swXrkrrbwsZKxQo7,Old Friends,Pinegrove,3
63,415aR5b8Uws9UPGTsssWaS,Painkiller,Beach Bunny,4
63,4K1imZQQ0yKtJ40vGmUajS,Girl from the North Country,Bob Dylan,2
63,5QO79kh1waicV47BqGRL3g,Save Your Tears,The Weeknd,4
63,75hwtYcghca6YKW4i6C6fP,Drunk Drivers/Killer Whales,Car Seat Headrest,3
63,3rEwGRmPVVudVjqdgv0tRR,If It Means A Lot To You,A Day To Remember,4
63,6rjuKpPydT2SxN15TZpV7r,500lbs,Lil Tecca,4
63,2hX8rtWyNxYyaBT64H3LYU,Burn It (feat. MAX),Agust D,4
63,0u8rZGtXJrLtiSe34FPjGG,Like Crazy (English Version),Jimin,5
63,6sREV6MpLHTqcOmBK5mvYF,Face to the Floor,Chevelle,4
63,68Y3zzmt2XxzheQVGbbJt4,GENOCIDE,Lil Darkie,5
63,3heQu7YLQFf0WY4Z2giXhk,Music Baby,Jane Remover,4
63,6MExehlWTF49eRhXAXRpB1,Edward 40hands,Mom Jeans.,4
63,2GH5jo15wbTv1Ll7zXEzSg,Fantasy,"Earth, Wind & Fire",3
63,60lAoxcyDvRbcNY82VEoEA,Beckham,Dee Billz,5
63,4NiehSBQthimPzRsVeOgCT,My My My!,Troye Sivan,4
63,0TKCUjfV3YGuY99MxCKM5w,Knife,ENHYPEN,4
63,4E2j6b0NrYXnlypn9sMiOu,Feel Good,Clara La San,4
63,5Up171bDTYbyUP1dWT9Ln2,Racks Blue,Nine Vicious,5
63,5qiIxojpo8YTFgOOcDuOaB,Rock This Party (Everybody Dance Now),Bob Sinclar,4
63,3mhsDyQpX2L8sJMdWUHOi3,This Is Halloween,The Citizens of Halloween,3
63,7BfW1eoDh27W69nxsmRicb,Buffalo Soldier,Bob Marley & The Wailers,3
63,7K6KRwyvE0plDEzxrVmCon,Come Back - Buddha Remastered 2001,The Five Stairsteps,3
64,7vYA9ET5AUqJt5pBbhKmcB,Don't Let Me Be Misunderstood,The Animals,3
64,7Cs6hyQ9Ecyjejra0PTJnl,Jennifer's Body,Julia Wolf,4
64,0W4NhJhcqKCqEP2GIpDCDq,Love,Keyshia Cole,5
64,6dRAAG4sB71NAtVCHJep7s,Send the Pain Below,Chevelle,4
64,7KA4W4McWYRpgf0fWsJZWB,See You Again (feat. Kali Uchis),"Tyler, The Creator",4
64,1c8gk2PeTE04A1pIDH9YMk,Rolling in the Deep,Adele,3
64,6t5G9AQWFjJYPtt1xra4r7,Poesia Acústica 17,Pineapple StormTv,4
64,1e7TsfmbYYphW3vht9ozzi,g19.,LNGSHOT,5
64,3RyLrayd9un9ClTah57JI0,Babies & Fools (feat. Conway the Machine),Freddie Gibbs,3
64,2n1MTLCis6qPSDKdr5XSDI,Oh Qué Será?,Willie Colón,4
64,0uQhDYHyoZe5DpncrPolb6,LAS NOCHES,Junior H,4
64,3jVtllWS5CFFWLQng8sKsr,2 On (feat. ScHoolboy Q),Tinashe,4
64,6ouQW2sUweAmRKeYcvSyrC,Chop,Vundabar,3
64,0rAA7LLo607ItKLcaXo9ga,India Part II,Lil Durk,4
64,3BjED4iKi83IGmDKTCdJzV,Rubi,Aldeia Records,4
64,2aI21FnmY7TJVKeMaoQZ0t,Say It Right,Nelly Furtado,4
64,5td7LYTivVH0MXXwin8QvE,A Little Bit Harder Now,She Wants Revenge,4
64,1zhMHgotgZXkLCXpqNRnPK,N o C h i l l,PARTYNEXTDOOR,3
64,4RvW5ggYKC7bCDX4UUSSDc,Sleep On The Floor,The Lumineers,3
64,6435Ra0NWQzPyZAcd1ojWI,Tension,Kylie Minogue,4
64,0YHhpW8PnU0WNuAKAVuM70,Piss up a Rope,Ween,3
64,6ZDAwdhazkWaqEDk0bj1OU,Slipping Through My Fingers,Declan McKenna,3
64,3Btqti3QpzZZr6uz5mlNzz,Es un Secreto,Plan B,4
64,3SUusuA9jH1v6PVwtYMbdv,Last Nite,The Strokes,4
64,25f7KnoDqO7nBbPahi15UE,NEVER GET USED TO THIS (feat. JVKE),Forrest Frank,4
64,2McT2fkH0VDqPsbiB9HWPq,CARNIVAL,¥$,4
64,7ciLq0Cip0yxiz6KANrOUq,Toothbrush,DNCE,4
64,1xOqGUkyxGQRdCvGpvWKmL,Gabriela,KATSEYE,4
64,2enPRFda84VE2wtI8c86Uf,Always Forever,Cults,4
64,7nDXmx3FuyeX7FI7PFl2iX,The Wisp Sings,Winter Aid,2
64,0ltgsHBUPGRnFn8P4fNrTh,In the A (feat. 21 Savage),G Herbo,4
64,4FEr6dIdH6EqLKR0jB560J,Rosemary,Deftones,3
64,6fL8iaSdwmSTQiUv9K6L4h,Faneto,Chief Keef,4
64,1xMPwgmLHVXkIFYL0rvGiZ,You Can Do It,Ice Cube,5
64,3bpGAsjsCIMTz98E7injb2,Impostor Syndrome,Sidney Gish,3
64,3hut1ozNEFwZ8W1rxATaH9,Music,underscores,4
64,3j49aLXWWkbjQyUyvngokI,"LOVE, LOVE, LOVE",Stephen Sanchez,4
64,2LTCVKCcbKQBoqofOkI0fB,Army Dreamers,Kate Bush,2
64,5tz69p7tJuGPeMGwNTxYuV,1-800-273-8255,Logic,4
64,7gqdZpe7MlTLA59viClLoY,Backburner,NIKI,4
64,3oEkrIfXfSh9zGnE7eBzSV,The Winner Takes It All,ABBA,4
64,0IsIY8pfu1yaGkPUD7pkDx,Guess featuring billie eilish,Charli xcx,5
64,0ARK753YaiJbpLUk7z5yIM,Dilemma,Nelly,4
64,0wbDgMuAoy7O7pL3a69uZx,Give It To Me,Timbaland,4
64,67ncYmW29pNJJY2yXuLPwT,You Know How We Do It,Ice Cube,3
64,1nLnpLXvl68RZCSjfkyiaa,Brain Stew,Green Day,4
64,0H8jxhMD5p4dOE15REvWak,M.I.A.,Feng,5
64,0u5aO1GYsIhAWCPuXdwnak,Today - 2011 Remaster,The Smashing Pumpkins,4
64,4NeOWqHmlrGRuBvsLJC9rL,My Love (feat. T.I.),Justin Timberlake,4
64,3JsydWaf2Ev4ehaLUjj3SY,Confident,Justin Bieber,5
64,3Blg6ZTHUJwPxP5CgUPvD8,Egg Beater,Royel Otis,3
64,5BHmpctr03bnKN8SeNUNXU,METALI!!,BABYMETAL,5
64,5X8kkUaUlAyAUr9TYqDFTH,All For You,Janet Jackson,5
64,0rNqDh9zWWJVTLS4VfceHP,Brickell,Feid,4
64,5ZkAx8zjLiSs1nMmBwJoZS,"When Can I See You Again? - From ""Wreck-It Ralph""/Soundtrack Version",Owl City,5
64,5aJOyuvqhcCRpaUCubwXk9,The Ballad of Eddie Jabuley,Hotel Ugly,4
64,1ff8lsrJ2kuZuofMw81EQo,Save a Prayer - 2009 Remaster,Duran Duran,4
64,7nCONy10IHp7XD3oYZ0lcx,I've Seen Footage,Death Grips,4
64,3dEgWY6zXTVRFLFloNEhLr,Different League,Statik Selektah,4
64,7bUDqxOfZjVkp0f6vf3cGy,Out Of My Hands,Future,4
64,7GPstnufSTScEaw9dMxO9H,Childs Play (feat. Chance the Rapper),SZA,3
64,4WFgvKVfEhb3IUAFGrutTR,Love Me Not,Ravyn Lenae,4
65,35i19j4Zz7WaL5KozRHjyQ,White Wedding,Billy Idol,4
65,2DlHlPMa4M17kufBvI2lEN,Chop Suey!,System Of A Down,4
65,2ax1vei61BzRGsEn6ckEdL,Straight to Hell - Remastered,The Clash,3
65,3ovjw5HZZv43SxTwApooCM,Wind Of Change,Scorpions,3
65,3nHuKdFJZm78CoeBnDcFKe,Bad Dreams,Teddy Swims,4
65,1mXVgsBdtIVeCLJnSnmtdV,Too Good At Goodbyes,Sam Smith,3
65,6EUjksHprxyLw7dbNZtACA,Stateside + Bladee,PinkPantheress,5
65,6MCjmGYlw6mQVWRFVgBRvB,夜に駆ける,YOASOBI,4
65,6ic8OlLUNEATToEFU3xmaH,Gimme More,Britney Spears,4
65,2yOm4lN7aTygtXanJFNFWU,"Any Time, Any Place",Janet Jackson,3
65,5jzma6gCzYtKB1DbEwFZKH,London Calling - Remastered,The Clash,4
65,7tI8dRuH2Yc6RuoTjxo4dU,Who,Jimin,4
65,5u5qlnyVaewWugJIjzilIc,Smokin',Boston,5
65,73KmSwY41WBtlHIJXG83gH,The Star Spangled Banner - Live,Charlie Puth,3
65,1zFbBrZmJr1Z49HYe84dBg,Harvey,Her's,3
65,7nXq1vaZiz7PdbfojpPjW5,Fighter,Christina Aguilera,4
65,1WmBVbFmLt0w6zPP37TeCG,Illegal,PinkPantheress,5
65,0V8jGgK39sLsj2yAHHPigU,Go Outside,Cults,3
65,5IVuqXILoxVWvWEPm82Jxr,Crazy In Love (feat. JAY-Z),Beyoncé,4
65,4e9eGQYsOiBcftrWXwsVco,Aerials,System Of A Down,4
65,3VW6HJYa5l0uzGcCRA222P,Ca$ino,Baby Keem,5
65,34WePpH1av2xmrlU2xUqmQ,Can't Do A Thing,Chris Isaak,3
65,6DUdDIRgLqCGq1DwkNWQTN,Borro Cassette,Maluma,4
65,786ymAh5BmHoIpvjyrvjXk,Goodbye To A World,Porter Robinson,3
65,1Dr5JexwA15wmKe7Y7maA9,Past Lives,BØRNS,3
65,0oufSLnKQDoBFX5mgkDCgR,Trust,Brent Faiyaz,3
65,6I9VzXrHxO9rA9A5euc8Ak,Toxic,Britney Spears,4
65,4vLqN0bIxIQjlet2mIMBnx,Ring Ding Dong,SHINee,5
65,4RvW5ggYKC7bCDX4UUSSDc,Sleep On The Floor,The Lumineers,3
65,5vTD9vLsJ979ug2rz3d6US,Hey - Slowed,Luci4,5
65,0FIDCNYYjNvPVimz5icugS,Timeless (feat Playboi Carti),The Weeknd,4
65,6sKGGi2pVKXR69s1SNdhGv,Black&Blue,Vince Staples,4
65,1ri9ZUkBJVFUdgwzCnfcYs,MAMIII,Becky G,5
65,1p7C97Xibwh0jL85jhdOZv,Toto Brings News / Over the Rainbow Reprise - Extended Version / Outtake,Judy Garland,2
65,4wDgL9CFL7ee8Z7gwQCXJW,At Home,Slow Pulp,4
65,2f8y4CuG57UJEmkG3ujd0D,NASTY GIRL / ON CAMERA,Gunna,4
65,614NVFo5csQqRnryl4jXs2,El Teléfono,"Héctor ""El Father""",4
65,6XRjI89oGBRJe0etKtI04L,BOTA,LUDMILLA,4
65,5Dpryv5D5xUTMrqd82JwGD,southbound,Artemas,4
65,6ls5ulRydoPE7oWGPGBqFA,Lonely,Akon,3
65,1fJFuvU2ldmeAm5nFIHcPP,First Date,blink-182,4
65,28lKZhxCDxqJEPyK8G4y91,White Horses,Wolf Alice,5
65,4VywXu6umkIQ2OS0m1I79y,Better Together,Jack Johnson,3
65,6Uaz9GciXay8d3ZMHoP23L,Everything but Love,Devi McCallion,4
65,1YNcvRZoNJUjR4opG7Qr9o,Jump the Turnstile,Jordana,3
65,5TgEJ62DOzBpGxZ7WRsrqb,Work Song,Hozier,3
65,5RmC5yrwoedDmlRKTL8tQp,Tried And True,Ween,4
65,5lar0mCUejpILVkAz50s2J,Train food,XXXTENTACION,3
65,21jjthXBYk9iwZ6w0zdkSb,LET 'EM KNOW,T.I.,4
65,4T6FWA703h6H7zk1FoSARw,New Light,John Mayer,4
65,48WuGsko0WxKO9KUqZlqys,"Holland, 1945",Neutral Milk Hotel,4
65,0oIgtBMz4hFHBROA619JdS,Navidad Sin Ti - En Vivo,Marco Antonio Solís,4
65,1qA7crrPzO702kDZgRAhyk,HOTEL LOBBY (Unc & Phew) - A COLORS SHOW,Quavo,5
65,7JJmb5XwzOO8jgpou264Ml,There's Nothing Holdin' Me Back,Shawn Mendes,4
65,5O2P9iiztwhomNh8xkR9lJ,Night Changes,One Direction,3
65,0myRViRgmQ3J8izICXEAVO,I Thought I Saw Your Face Today,She & Him,3
65,1UGD3lW3tDmgZfAVDh6w7r,Devil In A New Dress,Kanye West,4
65,42T2QQv3xgBlpQxaSP7lnK,One Last Breath,Creed,3
65,0L0T4tMAaGqLgIVj1MOj9t,Father Figure - Remastered,George Michael,3
65,1gzIbdFnGJ226LTl0Cn2SX,White Wedding - Pt. 1,Billy Idol,4
65,0znsc67nMhP4X9hjhvoyeP,Tick-Tack,ILLIT,4
65,36gcliMRX1vCpgnrZE3dFZ,10:35,Tiësto,4
65,3kC9DfsdTzKXnGyxOrXXUf,Life,The Walters,3
65,7EySX8ldJHoeWjJhJyZ8Tq,Si Tú Me Quisieras,Mon Laferte,3
66,2llbj6W90VcwPBSnfQXLrt,Somebody That I Used To Know - 4FRNT Remix,Gotye,4
66,6fc51JZVE0Yijdi6RuoLFv,Painkillers,Rainbow Kitten Surprise,3
66,4DvhkX2ic4zWkQeWMwQ2qf,Like A G6,Far East Movement,4
66,5Nt2FMqnKI2mlp7lztURNo,KEHLANI (REMIX) [feat. Kehlani],Jordan Adetunji,5
66,5wht91j4wnPotO8iClHkI3,In My Room - Acoustic,Julia Wolf,3
66,6LoaYlv0bC1TyctuADqNFh,$uicideboy$ Were Better In 2015,$uicideboy$,3
66,2lTm559tuIvatlT1u0JYG2,BAILE INoLVIDABLE,Bad Bunny,4
66,7EW7Yivb93qKAtp5qEm5of,Dark Thoughts,Lil Tecca,5
66,5gFoAVTN9YlM9uJCrFZtgl,Crooked Smile (feat. TLC),J. Cole,4
66,4eamJr2k9YDH8j58RSTmSc,Doin' Time,Sublime,4
66,57zRWXTQCFRV3zwg0NR8Ck,Demons,Alec Benjamin,3
66,7c5JxJWGMJqG0IYABA04WS,She Knows Too Much,Thundercat,4
66,6sGIMrtIzQjdzNndVxe397,So Easy (To Fall In Love),Olivia Dean,4
66,3zp3Mq8krAb1067UL94zJq,BE YOUR GIRL - KAYTRANADA REMIX,Teedra Moses,3
66,4lH6nENd1y81jp7Yt9lTBX,Solo,Future,4
66,7MmG8p0F9N3C4AXdK6o6Eb,Outside (feat. Ellie Goulding),Calvin Harris,4
66,0rRjGruFonCGOt0S5zAJNQ,The Other Side Of Paradise,Glass Animals,4
66,6EMynpZ10GVcwVqiLZj6Ye,Champagne Supernova,Oasis,3
66,1CgmY8fVN7kstVDZmsdM5k,P.Y.T. (Pretty Young Thing),Michael Jackson,4
66,4PwWESSlTwzvw9B7bmtTLS,anything,Adrianne Lenker,4
66,1A3qSmHLIjPhFoNVIn2JGz,TANAKA 2,Joey Valence & Brae,5
66,18AXbzPzBS8Y3AkgSxzJPb,In The Air Tonight - 2015 Remastered,Phil Collins,2
66,5ZdqVCiXrvMGpY8cux5g8t,Conceited,Lola Young,4
66,5IgjP7X4th6nMNDh4akUHb,Under The Influence,Chris Brown,4
66,5td7LYTivVH0MXXwin8QvE,A Little Bit Harder Now,She Wants Revenge,4
66,2ZXxRC6V6AXzMdbLQZMHSB,LOT OF ME,Lil Tecca,4
66,6agbRiKOPcWFy7ooUX5L9L,Love Song for Someone,Labi Siffre,3
66,6kDyRP48g1KWahq8irqZF9,Sweet to Dream,Jordana,3
66,6VDKp0F4w3L2zijY3eh0uP,party,wifiskeleton,4
66,4sUoWHVnJl8z3t4zdqf6xB,I'm Like A Bird,Nelly Furtado,4
66,2A7LpORJxFQ8UqbqXXpGuJ,Skittles (ft. Juicy J & Project Pat),Diplo,4
66,7fBv7CLKzipRk6EC6TWHOB,The Hills,The Weeknd,4
66,4qDpLaFGf5ampf2DXD2TMA,Where You Are,John Summit,5
66,6kcHg7XL6SKyPNd78daRBL,Sweet Talk,Saint Motel,5
66,3Blg6ZTHUJwPxP5CgUPvD8,Egg Beater,Royel Otis,3
66,0PJIbOdMs3bd5AT8liULMQ,oui,Jeremih,4
66,6gXFJfFXak5OWHXh6Raf8H,Desert Rain (feat. Vika Jigulina),Edward Maya,4
66,5jzX4dWVQeBTtfBaXnMRt5,DONTTRUSTME,3OH!3,4
66,48Qes8IUekSZpcNDQgYzUX,True Blue,boygenius,3
66,1Nk1kQx3HmUaobcAu9S26f,ACTIN UP,Tommy Richman,4
66,5R8dQOPq8haW94K7mgERlO,Poker Face,Lady Gaga,4
66,3zNNXjjjeLrzIXSJZKalDi,I Follow Rivers - The Magician Remix,Lykke Li,4
66,7CZyCXKG6d5ALeq41sLzbw,Take What You Want (feat. Ozzy Osbourne & Travis Scott),Post Malone,4
66,1f1wT6Q7Buxb3OD0BqMW8O,I See Fire,Ed Sheeran,2
66,06cCziAHtDg6pcsidZHu03,Robbers,The 1975,3
66,2UWdUez9MB9yzL7Y81Mcip,The Suburbs,Arcade Fire,4
66,1pALOIA4ytESmhl7Fxjdic,楓,Jay Chou,3
66,3htJKHlAjUoRmNLheJ8uTV,Tantrum,Ashnikko,5
66,6YXOWhiHHnywkCNKJTdGNj,Raw (Might Just),Young Thug,3
66,6TMz966mUk7TOOGO4l182X,Bowling alley,Audrey Hobert,3
66,5frIKPPZpsKYguxGCKs9xT,migraine,jaydes,3
66,7EkWXAI1wn8Ii883ecd9xr,Freaks,Surf Curse,4
66,1TPdMmb92BoWvDFQlCuVl0,Dying To Love,Bad Omens,4
66,4dTaAiV9xFFCxnPur9c9yL,Memories (feat. Kid Cudi),David Guetta,5
66,7ge7BHazYbVKi8qyZUX1Bm,Emotionally Scarred,Lil Baby,4
66,600s08VdbjiyAjDGDjYSFI,Interstate Love Song,Stone Temple Pilots,4
66,7o2AeQZzfCERsRmOM86EcB,Xtal,Aphex Twin,5
66,3oBNQdDbNrs8wQbcZ3BXwP,Velvet Ring - 2023 Remaster,Big Thief,3
66,48A0pIzaYUiYQmIa5wXTea,poison,jaydes,3
66,1r2S1adKGBoxCKubytYfl5,Hey Good Lookin' (Undubbed),Johnny Cash,4
66,47xKMQCtAn2C4hL9h5EvQy,Get Used to It,Ricky Montgomery,4
66,6sQH5GFuqhvemSdP2oOfRi,Pretty Boy Swag,Soulja Boy,3
66,0nsIevK1SeDfZzDOi6Si75,Crush,Ethel Cain,4
66,6RmdFxrorNDmYJONH5tK0n,CRYST4L,DARKXHAWK,5
66,4n2D5PdcOz7dv7YA6gCSsX,Sweet Marie,The Walters,3
66,0ckz6cIqlKhF5QsP1pl0UZ,Goth Babe,Surf Curse,4
67,2mNGL7mZILSqZHxGboJaO9,COMË N GO,Yeat,4
67,7oAuqs6akGnPU3Tb00ZmyM,All Night,Beyoncé,3
67,1lRkDJ9hMuiE1GZOlbgkam,Exodus,Bob Marley & The Wailers,4
67,51eSHglvG1RJXtL3qI5trr,Slow It Down,Benson Boone,4
67,69XUpOpjzDKcfdxqZebGiI,"Independent Women, Pt. 1",Destiny's Child,4
67,6L2uVVPJA9WcDc7zCZ4DHN,Love Me Like You,Little Mix,4
67,66hayvUbTotekKU3H4ta1f,Where Are Ü Now (with Justin Bieber),Jack Ü,4
67,2v7ywbUzCgcVohHaKUcacV,Like a Prayer,Madonna,4
67,2HRqTpkrJO5ggZyyK6NPWz,Espresso,Sabrina Carpenter,5
67,1JNsKjaCFgTxjP3EkKfYZo,LOOP (feat. Lil Cherry),Yves,4
67,7sxEeJ4ers4gOZ1W3YEnPP,New England Palm Trees,Wind Walkers,5
67,2dLLR6qlu5UJ5gk0dKz0h3,Royals,Lorde,3
67,1I8tHoNBFTuoJAlh4hfVVE,Firestone,Kygo,3
67,3X7v1y9g6psZQjZZwtZkm4,Listerine,Dayglow,3
67,4t4rGgiVX7woTmlnW9SHJ7,Residuals,Chris Brown,3
67,5vTD9vLsJ979ug2rz3d6US,Hey - Slowed,Luci4,5
67,7kWPh7dvoyJ0frnnZzxZPj,I’ll Have to Say I Love You in a Song,Jim Croce,2
67,4kNKL8kCCV3vt9U2k28Lyx,Finale,Toby Fox,3
67,3GaamyFHQYbQi1ykc4nV4o,High,Slow Pulp,4
67,7iDa6hUg2VgEL1o1HjmfBn,Meant to Be (feat. Florida Georgia Line),Bebe Rexha,4
67,2OA0iq9hGkvUcS5qA1ZJnU,Not Gon' Cry,Mary J. Blige,4
67,2oSpQ7QtIKTNFfA08Cy0ku,It's The End Of The World As We Know It (And I Feel Fine),R.E.M.,4
67,0JKGe340YJwfDrpXqPQ8sw,Daechwita,Agust D,4
67,4u7vj352S98d9iA7ac1EVG,Alesis,Mk.gee,3
67,1fDsrQ23eTAVFElUMaf38X,American Pie,Don McLean,3
67,3TfDUStpnEVIlsNlgcKQgJ,die first,Nessa Barrett,3
67,3dnP0JxCgygwQH9Gm7q7nb,Ella Baila Sola,Eslabon Armado,4
67,5cF0dROlMOK5uNZtivgu50,Attention,Charlie Puth,4
67,462OPOKW0VMbvW9H7HIb0U,Don't Call Me,SHINee,5
67,1xbJNPLSTtIWgGTt3Uu4gl,미행 (그림자 : Shadow),f(x),5
67,6U0FIYXCQ3TGrk4tFpLrEA,SUGAR,BROCKHAMPTON,4
67,1j8z4TTjJ1YOdoFEDwJTQa,Ain't It Fun,Paramore,4
67,70LcF31zb1H0PyJoS1Sx1r,Creep,Radiohead,4
67,5WTxbyWTpoqhdxEN2szOnl,Everybody (Backstreet's Back) - Extended Version,Backstreet Boys,4
67,1fbmkoREwP13dkXJI5YGfn,Peroxide,Ecco2k,3
67,2fyDWKsx5904KnZMGllmAv,A Sad Cartoon,Loathe,4
67,58ge6dfP91o9oXMzq3XkIS,505,Arctic Monkeys,3
67,3fWibgdtgIie6LKTZ2rUoI,So Far So Fake,Pierce The Veil,4
67,14qNHvX8h6HoynFuV0RxWS,Far Away (feat. A$AP Rocky),Yebba,4
67,4csSjpkgRI06CpVeYfIjwM,Cico Buff,Cocteau Twins,4
67,0Mb20VmqR2lvtgbEermW2v,Policy of Truth,Depeche Mode,4
67,1FvDJ9KGxcqwv1utyPL3JZ,This Charming Man - 2011 Remaster,The Smiths,4
67,2u0Sv7w9CQCkJdViAoM5AX,Wall,Good Kid,5
67,5SOA0gaKMMp9cgwn3nuwk7,Solitude - Felsmann + Tiley Reinterpretation,M83,2
67,2aDk1KkyB7ieSwwEDXCHJg,The Mind Electric,Miracle Musical,4
67,61Qhe2mHSLhUE04QeK4lkD,Breakaway,Kelly Clarkson,5
67,0SVvyfRMFMRJzc0L2odX20,Fill In The Blank,Car Seat Headrest,3
67,1yupbrI7ROhigIHpQBevPh,Chicago,Sufjan Stevens,3
67,3Bclyko7WmwM2oGmKj8sue,I Will Wait,Mumford & Sons,3
67,6cbZb9mVAc5s8HtwklLoI0,Cheguei,LUDMILLA,5
67,7EAMXbLcL0qXmciM5SwMh2,Heart To Heart,Mac DeMarco,2
67,38xXr3MkiKNzNDv4JDJagF,$20,boygenius,4
67,3SpRtNO7GKWaFyWydXArvn,astrid,glaive,5
67,7DzzfrIaYnIvzkI898X79J,What You Were,The Drums,3
67,0y60itmpH0aPKsFiGxmtnh,Wait a Minute!,WILLOW,4
67,3vWAF1k5crNOR67wDdupxc,Woopie,Still Woozy,3
67,3sUwKYPGWdJh2uNmexndza,I Am Impossible,Lucy Bedroque,5
67,5i7fZq3chLyCHo3VeB6goD,First of the Year (Equinox),Skrillex,5
67,5lar0mCUejpILVkAz50s2J,Train food,XXXTENTACION,3
67,3GVNp2UgIp2TN3ra67cxdg,Mirage,Creepy Nuts,4
67,3TgMcrV32NUKjEG2ujn9eh,It's Not Living (If It's Not With You),The 1975,4
68,48CZ9AqqrDIGHDdCyGrZ39,Sticker,NCT 127,4
68,6435Ra0NWQzPyZAcd1ojWI,Tension,Kylie Minogue,4
68,0ccoGCaOFCxI6pHixrQpKj,Neverender,Justice,3
68,1iFwvtvFNbQVcIXKBiBRqD,Flicks,Frou Frou,4
68,6wpDQGn3Gl0j9Wt6D6mYvQ,O Descobridor Dos Sete Mares,Tim Maia,4
68,46eHxWRKmtYhUHPDRgclt6,Careless Whisper,Seether,4
68,36VpYFWbMit0rU8hsSkcf8,Minute By Minute,Girl Talk,4
68,516v2eji9NjkmsYc9PErx4,Cha Cha,ZEDDY WILL,4
68,3cijWAljXxxJDco4N2aLQl,Lança Perfume,Rita Lee,3
68,3NW1YMA8kfNVTzGJCGBS8m,Both Sides Now,Joni Mitchell,2
68,31B7wLv4yvtjDoTTmbnxeE,Jungle,Fred again..,4
68,0trWlSTCYcwc40ZH0PeUyd,Ballad of a Southern Man,Whiskey Myers,4
68,2pB49wD5LpB8gYmqOIybTC,Runaway,AURORA,3
68,6ziZOtSbJ13tlxXmY1rCKr,Seasons In The Sun - 2023 Remaster,Black Box Recorder,3
68,6YUTL4dYpB9xZO5qExPf05,Summer,Calvin Harris,5
68,0vCTQcxSGAgjHaiAsIANKn,Vanilla Twilight,Owl City,4
68,1Vl4ESWb6U7gKSPfK4qenq,That Girl,Pharrell Williams,4
68,7w87IxuO7BDcJ3YUqCyMTT,Pumped Up Kicks,Foster The People,3
68,7w0BDcq8qFMzlw6Uh5pM80,Blue Oyster Cult,Shonen Knife,4
68,3kPNkracUxYvwpzkdpHMQQ,Dior (feat. Chrystal),MK,5
68,43x4drok2kDJqm9dgRr685,MEXE,Pabllo Vittar,4
68,0TPMUP0OKIlFH8Su0tT9m0,Kiss of Life Freestyle,80BOY TBOW,4
68,0TaT50ZZxT4ytZxuqkE3A9,Why Can't This Be Love,Van Halen,4
68,6W21LNLz9Sw7sUSNWMSHRu,Freak On a Leash,Korn,4
68,0CbESIyx34Usxoy7emUEBd,All These Things I Hate (Revolve Around Me),Bullet For My Valentine,5
68,6FZDfxM3a3UCqtzo5pxSLZ,Without Me,Halsey,4
68,3rNqa21S7XpJ5v1WjoAqee,Isimo,Bleachers,2
68,30S82dxldXsPbuj4ShyVBK,Marble Floors,Summrs,3
68,5q7icrT1Wn8PHaePIjYYyg,Singapur,El Alfa,4
68,2f8y4CuG57UJEmkG3ujd0D,NASTY GIRL / ON CAMERA,Gunna,4
68,5G9LvzXcBoIBXOd2jzdJTs,Venus as a Boy,Björk,4
68,4P068EubmZuz0hAfBHZmgX,The Rising Of The Moon,The High Kings,4
68,3RXUgPNIbUgFxsDWuBQEt6,How It’s Done,HUNTR/X,5
68,3EYOJ48Et32uATr9ZmLnAo,Roxanne,The Police,3
68,6y6jbcPG4Yn3Du4moXaenr,idfc,blackbear,3
68,6RJdYpFQwLyNfDc5FbjkgV,Stricken,Disturbed,5
68,1JUmsSEfVwhdJCVBG83XGU,SEQUÊNCIA FEITICEIRA,PEDRO SAMPAIO,4
68,7t2bFihaDvhIrd2gn2CWJO,"Or Nah (feat. The Weeknd, Wiz Khalifa & DJ Mustard) - Remix",Ty Dolla $ign,4
68,1uzVgNkXqQC7hsJhFZ749o,Sonder Son (Interlude),Brent Faiyaz,3
68,5dTHtzHFPyi8TlTtzoz1J9,Helena,My Chemical Romance,5
68,5Ext9ObPEi7wIcv5AiQWJy,Superstar,Sonic Youth,2
68,0gmbgwZ8iqyMPmXefof8Yf,How You Remind Me,Nickelback,4
68,6xE6ZWzK1YDDSYzqOCoQlz,Last Train to London,Electric Light Orchestra,4
68,0p5eZCY0R7uNCZS1YDtIYI,Hey,Pixies,4
69,166u1Cs46FmXoOaTGxh8aB,Out Of Control,Hoobastank,4
69,53DB6LJV9B8sz0p1s6tlGS,Roll Up,Wiz Khalifa,4
69,5ZFVacinyPxz19eK2vTodL,Miami 2 Ibiza - Swedish House Mafia vs. Tinie Tempah,Swedish House Mafia,5
69,44FzVABpR2cciquTqADA0D,Lisa,Young Miko,4
69,2LawezPeJhN4AWuSB0GtAU,Have You Ever Seen The Rain,Creedence Clearwater Revival,4
69,1KixkQVDUHggZMU9dUobgm,My Head & My Heart,Ava Max,5
69,2RUhtNBh43RtSg0WBPPq3m,Naive,The Kooks,4
69,2BNWCIN4nxYbNhcSIol2BG,Forever salty,Bassvictim,4
69,5g7uidL6cVNS7GxcCAXa19,Days,The Drums,3
69,2X6b7zLdIxCejd6GqVcQ9M,3005,Childish Gambino,4
69,1rqqCSm0Qe4I9rUvWncaom,High Hopes,Panic! At The Disco,4
69,0YHhpW8PnU0WNuAKAVuM70,Piss up a Rope,Ween,3
69,3CxpaC5Aw4jgRFlgeQH6BA,Fine,Lemon Demon,3
69,2g5egJm0qwJPKgpblzIHlI,A Little More Love,Olivia Newton-John,4
69,4iuOodsAvCO3OJHZEbqrJp,Favorite,Isabel LaRosa,5
69,1xOqGUkyxGQRdCvGpvWKmL,Gabriela,KATSEYE,5
69,1mfV2kv9RwFKVI8kEQlmOJ,All Day and All of the Night,The Kinks,4
69,5qdp2o65e47m6Bswmwm6K1,Headbangeeeeerrrrr!!!!!,BABYMETAL,4
69,6xqCTPxYnRf8X0p6N5Vw2T,Ooh La,The Kooks,4
69,0JIMT9gzLIIz0esKLyjbKf,Telephones,Vacations,4
69,41TXadM22OIJY04xSW9iuv,collage,Gunna,4
69,42GKyvz5KBsHTBaLpo3cqJ,Zombie,YUNGBLUD,4
69,0eu4C55hL6x29mmeAjytzC,Life Goes On,Oliver Tree,3
69,0t7kjpVLgOYITrSfFCoBEA,Gee,Girls' Generation,5
69,2rd9ETlulTbz6BYZcdvIE1,War Pigs / Luke's Wall - 2012 - Remaster,Black Sabbath,4
69,5O2P9iiztwhomNh8xkR9lJ,Night Changes,One Direction,4
69,5RRqi6hjlM18s7lFkmyA0x,..FEISTY,Fred again..,5
69,3bzay4OfqLDujCzt2SnYQe,Early Uptempo Mash,Dimitri K,5
69,2pX4FpOgwItRVPPUFdRcxA,Smooth (feat. Rob Thomas),Santana,4
69,1Ahp4PZ1vzdbzBCedUrsqI,The One,Jorja Smith,3
69,2enPRFda84VE2wtI8c86Uf,Always Forever,Cults,3
69,4VqPOruhp5EdPBeR92t6lQ,Uprising,Muse,4
69,3QRQwnaENDNslrc5tNUGgE,Lava Lamp,Thundercat,3
69,3oyByfBYegVEDwYyqx9pRd,Don't Rock the Jukebox,Alan Jackson,4
69,4KV9bM7a1KDc7b7OakFZic,Jingle Bells,Frank Sinatra,3
69,4iG2gAwKXsOcijVaVXzRPW,Time to Pretend,MGMT,4
69,5RhxBpoCwX2vLBcSJzYa5j,Round & Round,Selena Gomez & The Scene,5
69,6491IiPC0Xu2Tng8DgQPhq,End of Beginning,Djo,4
69,0mflMxspEfB0VbI1kyLiAv,Stick Season,Noah Kahan,4
69,5dEJc0rHuTVxtl1xljDbRv,oh my love,FKA twigs,4
69,1JLn8RhQzHz3qDqsChcmBl,I Want to Know What Love Is - 1999 Remaster,Foreigner,2
69,2Lhdl74nwwVGOE2Gv35QuK,Cupid's Chokehold / Breakfast in America,Gym Class Heroes,4
69,2F6FfZ4w8z3eJpSxPotVO5,Falling Away from Me,Korn,5
69,5jkFvD4UJrmdoezzT1FRoP,Rasputin,Boney M.,4
69,1gugDOSMREb34Xo0c1PlxM,She Looks So Perfect,5 Seconds of Summer,5
69,561jH07mF1jHuk7KlaeF0s,Mockingbird,Eminem,5
69,2zee8Zcesqwnnwliw2Jy8M,I Belong To You,Lenny Kravitz,4
69,2OMjHcniFxzijWX7EaBrXE,Emergence,Sleep Token,3
69,0qNRoqAohqJefbeZiTV1xF,dazies,yeule,4
69,5tuBenbZ1Or9xENTyOKoGC,Jonny,Faye Webster,3
69,4dmCLAZbWYT0qtcG7GVMdb,L.E.S. Artistes,Santigold,4
69,6rmXhRIemCTPyMYZRDN7Qg,Black Magic,Little Mix,5
69,1c5CllrZr45UBhWpIqM332,Funny Thing,Thundercat,3
69,1u2hPlWD5rlCzDa0X6zHaf,Cheerleader,OMI,4
69,0wI7QkCcs8FUQE1OkXUIqd,Scars To Your Beautiful,Alessia Cara,4
69,3USxtqRwSYz57Ewm6wWRMp,Heat Waves,Glass Animals,4
69,2MjXWroB9wlTG2kqv3avfS,Get It Sexyy,Sexyy Red,4
69,1c8gk2PeTE04A1pIDH9YMk,Rolling in the Deep,Adele,4
69,0Z2zNMZV5kuRIQzf9cOgZc,South Side,Moby,3
69,3ZgkHyoKfNMcHTXC0X1qQj,Cloud 9,Beach Bunny,4
69,4osgfFTICMkcGbbigdsa53,Novacane,Frank Ocean,4
69,2GYHyAoLWpkxLVa4oYTVko,Alors on danse - Radio Edit,Stromae,4
69,3MEYFivt6bilQ9q9mFWZ4g,Alone,Marshmello,4
69,1e7TsfmbYYphW3vht9ozzi,g19.,LNGSHOT,4
69,5JVbvCHX10U2pLa5DEqGav,Safe and Sound,Capital Cities,4
69,6G15l720kBWvIQZyoEJEYE,Alibi (with Pabllo Vittar & Yseult),Sevdaliza,5
69,7B9W7Qsy5M2kyUNjQYIEG8,DM,fromis_9,5
69,57uX2vR9j9DNiANDYfXw1i,Never Say Never,The Fray,3
69,6jNM6fKx3WnyHbWBI9hs2r,Cinema (feat. Gary Go) - Skrillex Remix,Benny Benassi,4
69,2Ejyg4CavumEr7lFUkk9aF,Rendezvous (feat. Yeat),Don Toliver,4
70,11hEwcy9LMEvzAlOYAFhkK,"not a lot, just forever",Adrianne Lenker,3
70,62ocXa3rr5qUWI3GAhWnaH,Milk,Sweet Trip,3
70,0Dk9lP1YnOqssHH0oCeq9u,I <3 My Choppa,Tay-K,4
70,4vLqN0bIxIQjlet2mIMBnx,Ring Ding Dong,SHINee,4
70,0Hf4aIJpsN4Os2f0y0VqWl,Feel This Moment (feat. Christina Aguilera),Pitbull,5
70,5JXtkWtuqS8Dm8sKbtPGWa,9,Dean Blunt,3
70,1Fwj0wThn3kTg8D7KgWdsU,My Tears Are Becoming A Sea,M83,3
70,7j31rVgGX9Q2blT92VBEA0,Teenagers,My Chemical Romance,5
70,1GTC0DN9LGOdP0NdvoHyX7,ゆめうつつ,Lamp,3
70,7cpfn7H6WjSJseUyRacfUE,The Summer Ends,American Football,2
70,1YNcvRZoNJUjR4opG7Qr9o,Jump the Turnstile,Jordana,3
70,554qQSs9lpRVq6TlaaiIKT,4 Raws,EsDeeKid,5
70,6pL5MtUDvcszt8IK7u4AM2,ROAR (MINGI),ATEEZ,5
70,1HNE2PX70ztbEl6MLxrpNL,In Too Deep,Sum 41,4
70,0y60itmpH0aPKsFiGxmtnh,Wait a Minute!,WILLOW,5
70,412LyfktkgWKEn8kmKiyQe,Comfortable Liar,Chevelle,5
70,4dGuRldChjvboZktprNJFM,Hush - Still Woozy Remix,The Marías,4
70,5b1jZ9geGD4boxz24XgGPp,Run to the Hills (2015 Remaster),Iron Maiden,5
70,1JLvr8qmZ6hQM7H6MsIqHV,Strange Ways,Madvillain,3
70,4BP3uh0hFLFRb5cjsgLqDh,Fortunate Son,Creedence Clearwater Revival,3
70,7MTX3vevnm41xuEoPxWT3j,Year of the Cat,Al Stewart,4
70,5GYbkDveRD2I8M5ZJ14hWn,Never Say Never,Justin Bieber,4
70,2zmo93xTzKTP0lztR9iy9H,Coffee,Jack Stauber's Micropop,3
70,6VQ2fI8goSX8mpSvytXkXR,Idilio,Willie Colón,4
70,2Lhdl74nwwVGOE2Gv35QuK,Cupid's Chokehold / Breakfast in America,Gym Class Heroes,5
70,0gLkqzntRnJVwUBMCrIhbw,Late Night Calls,P1Harmony,5
70,1z8nQqjNwNtuj0aoALh7gf,Enough for you,Wisp,4
70,6fKIyDJHZ9m84jRhSmpuwS,Sun Bleached Flies,Ethel Cain,4
70,7vUfTjiMjFfXe7Brz62tXH,Rockaria!,Electric Light Orchestra,3
70,1BNvadXnbiSf3ZofMMdDYK,Crazy Story,King Von,4
70,2RnB5R79oLcE8lCQbiaUZf,Art of War,Avenoir,3
70,0iXtuWmY23LWSpZiQJKmnQ,En la Ciudad de la Furia,Soda Stereo,3
70,5Fim1gaXBgsiFfsQAfQSDS,Hasta el Amanecer,Nicky Jam,4
70,0QCuMBeqdWkwFUTO1WlAjH,Seaside,The Kooks,3
70,1ehags7lQMM1qX94VJkoaf,Not Shy,ITZY,4
70,6P4d1NWBCNIYZjzF9k1mVN,good 4 u,Olivia Rodrigo,4
70,364JzOajs76bJymjHm3sVY,ピースサイン - Peace Sign,Kenshi Yonezu,4
70,6TT7B4MigCJCc0tqKYEpZC,Moves,Suki Waterhouse,4
70,7LRMbd3LEoV5wZJvXT1Lwb,T.N.T.,AC/DC,3
70,28UbGXKOcm70brxGctiek4,Loving You On My Mind,Chris Stapleton,3
70,1TqmlXyMcCppD8v2OogDMR,Bark Like You Want It,Sir Mix-A-Lot,5
70,5eM6Rrk8rwLpUhrh7Kk5R1,California,Joni Mitchell,3
70,0ey0KwCzoUdjvPzbLX8qSa,In On It,Superheaven,4
70,3IAfUEeaXRX9s9UdKOJrFI,Envolver,Anitta,4
70,7pmTXAteMpKsDt4ZpVAhYq,Disappearing Man,Hayley Williams,4
70,6EMynpZ10GVcwVqiLZj6Ye,Champagne Supernova,Oasis,3
70,0UHB9METy4VCXNgkcGqHqS,Kiss It Better,Rihanna,5
70,605hJIiMrdsUjr4Vx4BFD6,Demon Speeding,Rob Zombie,4
70,0lRnxwJeUOxwEvWMw4uQKj,Think About Us,Sonny Fodera,5
70,2yPoXCs7BSIUrucMdK5PzV,Umbrella,Rihanna,5
70,3kTVKRzfYb7zqz56thbKrj,Entertainment,Phoenix,4
70,5KgbyD2lQQlIupAaPjgiXg,"Night Fever - From ""Saturday Night Fever"" Soundtrack",Bee Gees,4
70,5CKHhg31HcYYhwUeeGqvhq,I Wish I Knew How It Would Feel to Be Free,Nina Simone,3
70,2LMkwUfqC6S6s6qDVlEuzV,White Ferrari,Frank Ocean,2
70,1SvET7grrtsHT0CkyJjJcZ,Is It a Crime,Sade,4
71,7fEoXCZTZFosUFvFQg1BmW,Took Her To The O,King Von,4
71,0kYMwaQWABTkFff8AZjmYI,Hayloft II,Mother Mother,4
71,5gZ8nTiDCrI6IIk447z04i,What?,Rob Zombie,4
71,794wvyVcaQpECvWCBQpaTB,*Sobs Quietly*,Mom Jeans.,2
71,3LtpKP5abr2qqjunvjlX5i,Doja,Central Cee,3
71,0xIZPPBfLqQEAj1BLmGrNc,Black Sabbath - 2014 Remaster,Black Sabbath,4
71,29TPjc8wxfz4XMn21O7VsZ,Sky,Playboi Carti,5
71,3dPQuX8Gs42Y7b454ybpMR,Seven Nation Army,The White Stripes,3
71,53dtP2iUMvaF28JZcHnFuU,logical,Olivia Rodrigo,3
71,1jYiIOC5d6soxkJP81fxq2,"I'm the One (feat. Justin Bieber, Quavo, Chance the Rapper & Lil Wayne)",DJ Khaled,4
71,4wG82w1L31yQhgGiWt6gIb,Stubborn Love,The Lumineers,3
71,1khmgu0pveJbkbpbkyvcQv,La Romana,Bad Bunny,3
71,1e0vsza0hIVYv9Mkz542qn,Fable,Gigi Perez,3
71,1NpW5kyvO4XrNJ3rnfcNy3,Wild Ones (feat. Sia),Flo Rida,4
71,4FEr6dIdH6EqLKR0jB560J,Rosemary,Deftones,2
71,0rNqDh9zWWJVTLS4VfceHP,Brickell,Feid,5
71,1uzVgNkXqQC7hsJhFZ749o,Sonder Son (Interlude),Brent Faiyaz,3
71,3C41w4YPDCfGuxzQNjvk8O,Quality Control,Jurassic 5,3
71,16Ah4QqH4mgYVXqfC4mdSd,LUV,Tory Lanez,4
71,1O9D7P7Z1wMJXW19zTXrXi,Go Away,Weezer,4
71,7DY756WOLyOz2Xnhw4EFiC,São Paulo (feat. Anitta),The Weeknd,3
71,48WuGsko0WxKO9KUqZlqys,"Holland, 1945",Neutral Milk Hotel,4
71,3FP8A246XpuafFofRhDlWG,I'm So Sick,Flyleaf,4
71,2D1rYPinUnikGU9xNWylnN,Setting Sun,You'll Never Get to Heaven,2
71,3VIJBrMpvimHEw5wtPh2wB,Money,The Drums,3
71,2zYBRyHAy6dv1wb53JXFD7,Laputa,Panchiko,4
71,787rCZF9i4L1cXGMkdyIk4,LVL,A$AP Rocky,3
71,7IBzp33O4Hjr92wXtH3yQJ,Honey,Vacations,4
71,3ZhTT6yjZwpPph5MIJ53XY,Red Roses (feat. Landon Cube),Lil Skies,4
71,5iXD5rOKV99XGtkaiucHpM,BEBE,STAYC,5
71,5GPAV4NrGqQZajJw5Z1SkX,About Her,yeule,4
71,1EuqRlDP9RuzeCRVcjr1PY,Jungle Love,Steve Miller Band,3
71,7iZGpuboJPQQGH07EprPnR,Shut Up,Nettspend,5
71,2LMq1O0NiqGhPOlXo3McYQ,Icky Thump,The White Stripes,4
71,61MhXxcy6MUhrDeHCDE7AP,Sleep Well,d4vd,3
71,3qpyxgH65qNhJ9hLS2gWrS,Origami,The Rare Occasions,4
71,1To9VIoTjg4Yc7R7akU28w,Under the Sun,Korea Girl,3
71,4Uiw0Sl9yskBaC6P4DcdVD,Be Quiet and Drive (Far Away),Deftones,5
71,6sGIMrtIzQjdzNndVxe397,So Easy (To Fall In Love),Olivia Dean,4
71,3MEYFivt6bilQ9q9mFWZ4g,Alone,Marshmello,5
71,3Vo4wInECJQuz9BIBMOu8i,Finesse - Remix; feat. Cardi B,Bruno Mars,4
71,2LZ2CNbcbJrwh53pitRgom,Silver Soul,Beach House,3
71,6pL5MtUDvcszt8IK7u4AM2,ROAR (MINGI),ATEEZ,5
71,6PBanBy8L1K2Ry4UN186XH,forwards beckon rebound,Adrianne Lenker,3
71,6xpDh0dXrkVp0Po1qrHUd8,Adam's Song,blink-182,4
71,2Ih217RCGAmyQR68Nn7Cqo,You Know How We Do It,Ice Cube,4
71,3rPtS4nfpy7PsARctAWpzd,Best Friend,Rex Orange County,3
71,1e7TsfmbYYphW3vht9ozzi,g19.,LNGSHOT,5
71,6Uaz9GciXay8d3ZMHoP23L,Everything but Love,Devi McCallion,4
71,3la5OesvyTzhCuIhnkJT4E,Touch-Tone Telephone,Lemon Demon,5
71,4HnBNOfnPYCgRzB1dcAi3x,"Orange County (feat. Bizarrap, Kara Jackson and Anoushka Shankar)",Gorillaz,3
71,4V9iVvsPL5cEQCxSYGBM88,We not like you,Nettspend,5
71,3pnw86Nzm1nLdX5w9ZeObP,Leach,Superheaven,4
71,4KULAymBBJcPRpk1yO4dOG,I Remember Everything (feat. Kacey Musgraves),Zach Bryan,3
71,1RkJs3Tyq9kbtrc01uWw2v,Reunion,Korea Girl,3
72,2WFNSeBczMYbMnGkDW7LyR,the prom,glaive,4
72,5BUTPG0Csnl1fF5RFg5lUH,How To Teleport,Jane Remover,4
72,1LepWHpwtahzEQL0vNjpEt,Just The Way You Are,Milky,5
72,7MlDNspYwfqnHxORufupwq,"Sex, Drugs, Etc.",Beach Weather,3
72,2DQ1ITjI0YoLFzuADN1ZBW,No Limit,G-Eazy,4
72,1csPfS6y1zVsZx7SbXJDXJ,Shed,Title Fight,4
72,2RqZFOLOnzVmHUX7ZMcaES,Let It Go,Keyshia Cole,4
72,4sNG6zQBmtq7M8aeeKJRMQ,Brazil,Declan McKenna,4
72,3Bclyko7WmwM2oGmKj8sue,I Will Wait,Mumford & Sons,3
72,68hYdj3GepWm2R202KhJT7,1901,Phoenix,4
72,47PSYUK5a0uR87DUc9NR2g,Stereo,Pavement,4
72,2Y0iGXY6m6immVb2ktbseM,Little Dark Age,MGMT,4
72,6W21LNLz9Sw7sUSNWMSHRu,Freak On a Leash,Korn,4
72,5op53ANI4exiWqFHKuwWxd,The World At Large,Modest Mouse,3
72,3rAcN3CLeSrkhIZN8PHbwb,What You Want,CORTIS,4
72,4EHv5m2D0zDYYAu4xZoYwm,Death Grips Is Online,Death Grips,5
72,2vEbiEwYKGREU4BYWPBmg3,The 1975,The 1975,2
72,2UWHLeOOB7bDuVgfVdYMCt,K.O.,Pabllo Vittar,4
72,5RBYPXkSyitxHGKB0nXJoi,on me,Gunna,4
72,21pySLskKIKrhDziCX5ojQ,When I Grow Up,The Pussycat Dolls,5
72,7nCONy10IHp7XD3oYZ0lcx,I've Seen Footage,Death Grips,5
72,2IGr3q6ljcpLvHDFLtI0yW,Look Alive,Rae Sremmurd,4
72,4iuOodsAvCO3OJHZEbqrJp,Favorite,Isabel LaRosa,5
72,18vXApRmJSgQ6wG2ll9AOg,RAPSTAR,Polo G,4
72,1G8jae4jD8mwkXdodqHsBM,Name,The Goo Goo Dolls,4
72,6L0BBPYeWnaQJeDa0ox0IA,Impossible Germany,Wilco,2
72,2LTCVKCcbKQBoqofOkI0fB,Army Dreamers,Kate Bush,3
72,17YNmMy03QLPirmBzWxFa6,(dream),salvia palth,3
72,3TGRqZ0a2l1LRblBkJoaDx,Call Me Maybe,Carly Rae Jepsen,4
72,6sGIMrtIzQjdzNndVxe397,So Easy (To Fall In Love),Olivia Dean,4
72,4scpF6J5uMBvoh6sFB7EL1,No Type,Rae Sremmurd,4
72,5gH0Jr4nPOHPapmjfSYs4Y,Victim Of Luck,Metric,3
72,0YkXRZcetpqI3VzjE9Sey6,Morning Dew,Xavier Wulf,4
72,7FrJV8tydWEv1Mxu2mIQrm,Beautiful,Snoop Dogg,4
72,4MpketOLD5KhtgWWOBuk9w,SexOnTheBeat,ADÉLA,5
72,3CIyK1V4JEJkg02E4EJnDl,Enemy (with JID) - from the series Arcane League of Legends,Imagine Dragons,4
72,4dVbhS6OiYvFikshyaQaCN,My Hero,Foo Fighters,5
72,2pX4FpOgwItRVPPUFdRcxA,Smooth (feat. Rob Thomas),Santana,4
72,0qrst0xZAZ0NtMtuUcEq0f,Wild One,Faith Hill,4
72,1YYfyJ2yCvGFCxwjsIqEK9,Khé?,Rauw Alejandro,3
72,6974s3EIddg6dK8U7ycAMR,READY TO FLY,Masayoshi Takanaka,3
72,72jbDTw1piOOj770jWNeaG,Paris,The Chainsmokers,4
72,70kdJnm1X6eEM8DbWa8Mnc,YOU'RE THE ONE,KAYTRANADA,4
72,7hKUH1NXQXOt6bQjHhRZQg,Princess,Feng,4
72,3MkdA6vwF0ifRl86yzTlJW,Kenny G,Matuê,5
72,3LVcKphzONOdQ2EATazlZq,Final Warning,NLE Choppa,5
72,5467KZaTToEB680WvOd9w5,Ocean Prime (feat. Boldy James),The Alchemist,4
72,5L95vS64rG1YMIFm1hLjyZ,Rollercoaster,Bleachers,4
72,1rqqCSm0Qe4I9rUvWncaom,High Hopes,Panic! At The Disco,5
72,0lwkzF4dDxLp8HMVSQjpFf,HOOLIGANG,Joey Valence & Brae,5
72,3UygY7qW2cvG9Llkay6i1i,Going Under,Evanescence,4
72,02gYTLDCIGVM9Y9r4vDb2a,Soap (feat. PinkPantheress),Yves,4
72,6MExehlWTF49eRhXAXRpB1,Edward 40hands,Mom Jeans.,4
72,2qOm7ukLyHUXWyR4ZWLwxA,It Was A Good Day,Ice Cube,3
72,5qxPabNDnJQ551Tf4v6k3j,Catch My Breath,Kelly Clarkson,4
72,70TGNwQDvF5b6GQWlYPr8p,BAND4BAND (feat. Lil Baby),Central Cee,4
72,4OWpVzi8xOMjLipxYxeJYl,Stray Bullet,KMFDM,4
72,7eBqSVxrzQZtK2mmgRG6lC,Murder on My Mind,YNW Melly,4
72,7kWPh7dvoyJ0frnnZzxZPj,I’ll Have to Say I Love You in a Song,Jim Croce,2
72,0XV1JDs3dmxXmV2u46tie8,Absence,Rio Romeo,4
72,5M1YHV0Elt7gRVbqBH2CUS,Home,Bassvictim,3
72,6HExpZWT5QEDt0pFy6kEin,Baby again..,Fred again..,5
72,6BEFYwqStbxCV7UFGhbwCK,"Anthems For A Seventeen Year-Old Girl (From ""I Saw the TV Glow"")",yeule,4
72,2ZFfGgz5RonguqJlm6ajoR,Dancing In The Dark,Lucy Dacus,4
72,47rCs1JJXC6AG20WKbyOUR,Back To You,Not for Radio,3
72,3evG0BIqEFMMP7lVJh1cSf,Don't Let Me Down - Remastered 2009,The Beatles,3
72,36gcliMRX1vCpgnrZE3dFZ,10:35,Tiësto,4
72,2dono2Koz7DEvGwxUsmMLq,Linger - SiriusXM Session,Royel Otis,4
72,2PdIo7ewQPuAsP99LVg9uy,Wrong Way,Sublime,3
72,72ahyckBJfTigJCFCviVN7,Don't Bring Me Down,Electric Light Orchestra,4
72,6cbZb9mVAc5s8HtwklLoI0,Cheguei,LUDMILLA,5
72,3WXhshrs1fzwF3rQE399Gq,Kill V. Maim,Grimes,5
73,7lQ8MOhq6IN2w8EYcFNSUk,Without Me,Eminem,5
73,2zwmugV2IbUwKq5JgOWEpv,Mary Jane (All Night Long),Mary J. Blige,3
73,53mNFIZypKLnQlQyw3DKAo,Too Late,Shankz,4
73,5jzX4dWVQeBTtfBaXnMRt5,DONTTRUSTME,3OH!3,4
73,1L5tZi0izXsi5Kk5OJf4W0,Rehab,Amy Winehouse,4
73,5rb9QrpfcKFHM1EUbSIurX,Yeah! (feat. Lil Jon & Ludacris),USHER,5
73,6kOHjAOLz9IvUiRGf72Kec,Sober to Death,Car Seat Headrest,3
73,0z1o5L7HJx562xZSATcIpY,Exit Music (For A Film),Radiohead,2
73,3Ol2xnObFdKV9pmRD2t9x8,Look Back at It,A Boogie Wit da Hoodie,4
73,2qW141LbW1h8GxOLud0TUx,Pon De Floor,Major Lazer,4
73,7shVwhUdVbHpykOfbzvDc1,A Case of You,Joni Mitchell,3
73,30QR0ndUdiiMQMA9g1PGCm,"...And to Those I Love, Thanks for Sticking Around",$uicideboy$,3
73,1L94M3KIu7QluZe63g64rv,Alive,Pearl Jam,3
73,52VyUACgDgA0koWh7rfJoB,Still the Same! 2,Autumn!,4
73,55mJleti2WfWEFNFcBduhc,Schism,TOOL,4
73,7CoiOXsrfI58wUZBt45HgL,Perfect Soul,Spiritbox,4
73,59hVbgr8rfYkDbHfr8RcGI,IRIS OUT,Kenshi Yonezu,4
73,45ROR8UMn60YEVQnDy0uVF,Juliet,Cavetown,3
73,3GVNp2UgIp2TN3ra67cxdg,Mirage,Creepy Nuts,3
73,02gYTLDCIGVM9Y9r4vDb2a,Soap (feat. PinkPantheress),Yves,5
73,4lIAPwAU6R8PAy2WhykC4i,#menow,fromis_9,4
73,7ge7BHazYbVKi8qyZUX1Bm,Emotionally Scarred,Lil Baby,4
73,6snoOAATGyud5oaIT9gwws,The Happy Song,Imogen Heap,4
73,3VJ5aGbRkytOVhaySAQeIY,Slow - Lost Tapes 2021,Tory Lanez,3
73,7DnAm9FOTWE3cUvso43HhI,Sweet but Psycho,Ava Max,4
73,5ezyZbZOfU7mfM20hZqOVH,"i don't know anyone, i am",salvia palth,3
73,2oENJa1T33GJ0w8dC167G4,Fire Burning,Sean Kingston,5
73,4wDgL9CFL7ee8Z7gwQCXJW,At Home,Slow Pulp,4
73,1J03Vp93ybKIxfzYI4YJtL,MEGALOVANIA,Toby Fox,4
73,1kXmApTm4wonqscYBoLwxj,All Hands on Deck,Tinashe,4
73,6jG2YzhxptolDzLHTGLt7S,Drunk in Love (feat. JAY-Z),Beyoncé,3
73,7l5nkTZpoD93OkynN0gcon,Into Dust,Mazzy Star,2
73,5v4OkFH0TJ6W1hCFxyn0px,parents,YUNGBLUD,5
73,4iTX1HFVrva7chgeMaeR4d,Slugs,Slow Pulp,3
73,2kdhiombBoiHjvSKG3EI0m,Blue Notes 2 (feat. Lil Uzi Vert),Meek Mill,4
73,44AyOl4qVkzS48vBsbNXaC,Can't Help Falling in Love,Elvis Presley,3
73,4i0HNuFEH6P6K4UnsY5uUh,Blue Valentine,NMIXX,5
73,4hm33jVolpa22nzhlY72jD,Intermission,Strawberry Guy,3
73,2ihCaVdNZmnHZWt0fvAM7B,Little Talks,Of Monsters and Men,4
73,7CxFWAnQ8eqiRL4W12Xzb6,Avalon,$uicideboy$,4
73,0GO8y8jQk1PkHzS31d699N,Tongue Tied,GROUPLOVE,4
73,5l6hpyTGBK0LAAxgPnqTQL,Look After You,The Fray,3
73,7zAt4tdL44D3VuzsvM0N8n,Afterlife,Avenged Sevenfold,4
73,5ZfMBw3QdSMAHSEDa8FoA0,Savage Funk,Anitta,3
73,7BgUcOjSOlKJXASLgJ6bx1,Bag Lady,Erykah Badu,3
73,3e2Bo9TD1mtlqysEJa7Mep,Use Your Heart - Interlude,SWV,4
73,18n0voG6fG03ogJznGiyWD,Just Your Doll,Snow Strippers,5
73,554qQSs9lpRVq6TlaaiIKT,4 Raws,EsDeeKid,5
73,79b4FaEBPxwG2lVzYpvKoy,The Father's House (Studio),Cory Asbury,4
73,5hkdfA87RZvNaxl6XiveOA,Everybody's Changing,Keane,5
73,6yA2GnuThv4oDuEimu4Rmg,MAYBE.,SIENNA SPIRO,3
73,2oRNyf4qlAzGz6LljMcDJp,cliche,2hollis,4
73,2nMeu6UenVvwUktBCpLMK9,Young And Beautiful,Lana Del Rey,3
73,1VGeBBGNjnscSsWToLV8cJ,Joy,Santana,4
73,7vpkmzisaB8R47XlxyTcfs,Distant Lover,Marvin Gaye,3
73,1XrSjpNe49IiygZfzb74pk,What Once Was,Her's,3
73,6xV7Be6XEvkSnighmh2Tzj,Sugar On My Tongue,"Tyler, The Creator",5
73,5e0b9LgOfi3aJSKXFcOWRe,Beanie,Chezile,3
74,5kh0looY2WhYNZmmTqtTaP,ON GOD,Shatta Wale,4
74,0myRViRgmQ3J8izICXEAVO,I Thought I Saw Your Face Today,She & Him,3
74,6ua8mbyHXTHpAmGyGpFAS2,Love at First Sight,Kylie Minogue,4
74,1g9GiiPPaL7KcDHlDzu7lT,Au Pays du Cocaine,Geese,4
74,5BHmpctr03bnKN8SeNUNXU,METALI!!,BABYMETAL,5
74,14gdERIqymApVn9vcsbmZ3,Never Be Like You (feat. Kai),Flume,4
74,30S82dxldXsPbuj4ShyVBK,Marble Floors,Summrs,4
74,2t8yVaLvJ0RenpXUIAC52d,a lot,21 Savage,4
74,01Lr5YepbgjXAWR9iOEyH1,Love Sosa,Chief Keef,3
74,5Nt2FMqnKI2mlp7lztURNo,KEHLANI (REMIX) [feat. Kehlani],Jordan Adetunji,4
74,78aWIBZMTcqg4mvPpUdhss,Can't Hold We Down (feat. Popcaan),Kano,5
74,3fEX9NgOeklq816Fw00uoo,HYPNOTIZE,XG,5
74,5g7rJvWYVrloJZwKiShqlS,Dirty Paws,Of Monsters and Men,3
74,3V0nnQhqvbE3JmiDdnzQFQ,July (feat. Leon Bridges),Noah Cyrus,4
74,44aTAUBF0g6sMkMNE8I5kd,Every Little Thing She Does Is Magic,The Police,3
74,6IJXxWAHTVORSyl7lT5pkY,Mess Is Mine,Vance Joy,3
74,5hkgrWxkobGtg30I7DsfVu,Ten Thousand Fists,Disturbed,4
74,2sPva3d85R7yKf60y7QZpD,La La La,LMFAO,4
74,4hSTvY4GQrNDC2TsCwhEFc,Lift You Up,Danny Brown,3
74,56l2F6gs6CDYP3b2jDsYGL,Intensity,SOFI TUKKER,4
74,3o7TMr6RmIusYH7Kkg7ujR,Coming Undone,Korn,4
74,0Gji3Cm4mRFYvXXtX82klr,Crumble,Lord's Child,3
74,1zB4vmk8tFRmM9UULNzbLB,Thunder,Imagine Dragons,4
74,7iXF2W9vKmDoGAhlHdpyIa,Forgot About Dre,Dr. Dre,4
74,0IVAYMUDvpzFxIEuGc71SM,P*RNSTAR,Nessa Barrett,4
74,7b2caacNgQW74qGvNyVQo1,I Love You,Fontaines D.C.,4
74,0RjG5JmdOWXAR68dGlKBA5,Hidden In the Sand,Tally Hall,3
74,0FIDCNYYjNvPVimz5icugS,Timeless (feat Playboi Carti),The Weeknd,4
74,3Gn1zuHNLtGuGEOXwq0k7e,Think I'm In Love With You,Chris Stapleton,3
74,7o67roCVsFiCt7Cf0ZLOJq,Out of Touch,Daryl Hall & John Oates,4
74,5WbfFTuIldjL9x7W6y5l7R,Kingston,Faye Webster,3
74,1MoA0TNVdveasxnR6c2JqZ,Jackie Down The Line,Fontaines D.C.,4
74,2ZBMbueQLQZAUHio2jplVK,TIC TIC (feat. Pabllo Vittar),NMIXX,4
74,6DyywdbmTzlmXBzG9ym7Rt,Sober,TOOL,4
74,0wzYHglk05SfNFN1aTRTlA,For The Night,Pop Smoke,5
74,5Dpryv5D5xUTMrqd82JwGD,southbound,Artemas,5
74,7xVLFuuYdAvcTfcP3IG3dS,"Work REMIX (feat. A$AP Rocky, French Montana, Trinidad James & ScHoolboy Q)",A$AP Ferg,5
74,7FwBtcecmlpc1sLySPXeGE,Dancing In the Dark,Bruce Springsteen,4
74,2tdNTV4xpZgiom27mENc2N,Nausicaä (Love Will Be Revealed),Cameron Winter,2
74,5bknBRjKJZ643DAN2w8Yoy,FACE,BROCKHAMPTON,4
74,0ckz6cIqlKhF5QsP1pl0UZ,Goth Babe,Surf Curse,4
74,0f8eRy9A0n6zXpKSHSCAEp,Infrunami,Steve Lacy,2
74,6tXnRSvuNgOq4QcxpIN54r,Weather With You,Crowded House,3
74,6KFQdIB3njXBQNcg1xUh9U,One Thing,Lola Young,4
74,4R4tfhmLBLzBQNmsvxArKZ,bipolar,wifiskeleton,3
74,17YNmMy03QLPirmBzWxFa6,(dream),salvia palth,3
74,1Qdnvn4XlmZANCVy3XjrQo,Show Me How to Live,Audioslave,4
74,5nJ9WqiiVz9Rz6a2xLhHlZ,"Star Spangled Banner - Live at The Woodstock Music & Art Fair, August 18, 1969",Jimi Hendrix,4
75,7j7J2M3ZsKOsrhBueDjhqF,Nightingale Lane.,RAYE,3
75,4zXuYQNDmw3dlauyc8q3Kd,We'll Never Have Sex,Leith Ross,2
75,6HExpZWT5QEDt0pFy6kEin,Baby again..,Fred again..,4
75,6ISuXA3UCPMtsyEUGUTAyn,Stellar,Incubus,3
75,2llCkvfl3Ns4IGJmI5MoU6,Doobie - Extended,Feelo Dez,4
75,6II8HGRVkvVUy0uIM4X5Qq,Lua Cheia,Marina Sena,4
75,2tpfxAXiI52znho4WE3XFA,Talking Body,Tove Lo,4
75,3Gn1zuHNLtGuGEOXwq0k7e,Think I'm In Love With You,Chris Stapleton,3
75,608gR8geDwag74CiyseUsH,HEAVY LOVE,Odetari,5
75,3YfS47QufnLDFA71FUsgCM,The Sound of Silence,Simon & Garfunkel,3
75,7CAbF0By0Fpnbiu6Xn5ZF7,Kingslayer (feat. BABYMETAL),Bring Me The Horizon,5
75,3fqwjXwUGN6vbzIwvyFMhx,Tennessee Whiskey,Chris Stapleton,3
75,4PwWESSlTwzvw9B7bmtTLS,anything,Adrianne Lenker,3
75,5jzX4dWVQeBTtfBaXnMRt5,DONTTRUSTME,3OH!3,4
75,5hc71nKsUgtwQ3z52KEKQk,Somebody Else,The 1975,4
75,5bknBRjKJZ643DAN2w8Yoy,FACE,BROCKHAMPTON,3
75,3AoEQRuFf8zVXWqSLo2UOi,CRAZY,LE SSERAFIM,5
75,0AtP8EkGPn6SwxKDaUuXec,Remember The Name (feat. Eminem & 50 Cent),Ed Sheeran,4
75,26QJuQfM8PVAWkIm1JRyqq,ss,Ken Carson,4
75,4Uiw0Sl9yskBaC6P4DcdVD,Be Quiet and Drive (Far Away),Deftones,4
75,1mUG7ftwIxuq5fhMPkyM02,Flight,Hans Zimmer,2
75,7vpkmzisaB8R47XlxyTcfs,Distant Lover,Marvin Gaye,3
75,7b2caacNgQW74qGvNyVQo1,I Love You,Fontaines D.C.,4
75,21jGcNKet2qwijlDFuPiPb,Circles,Post Malone,4
75,2262bWmqomIaJXwCRHr13j,Sailor Song,Gigi Perez,3
75,0nj9Bq5sHDiTxSHunhgkFb,squabble up,Kendrick Lamar,4
75,2zf1izCOz2F22PF27uhxRF,Love Takes Miles,Cameron Winter,3
75,4K1imZQQ0yKtJ40vGmUajS,Girl from the North Country,Bob Dylan,3
75,6DEN0NHItNNdepd9IhlC3H,Nobody,Wonder Girls,4
75,7Gs3otHnZDq514kFHf0nx7,Blue Notes,Meek Mill,4
75,4UEo1b0wWrtHMC8bVqPiH8,Nightmare,Avenged Sevenfold,4
75,0AxZUYeQ9bZwSdt1LmZuok,Heaven or Las Vegas,Cocteau Twins,4
75,1r8ZCjfrQxoy2wVaBUbpwg,THOUSAND MILES,The Kid LAROI,4
75,0IsIY8pfu1yaGkPUD7pkDx,Guess featuring billie eilish,Charli xcx,4
75,7qEHsqek33rTcFNT9PFqLf,Someone You Loved,Lewis Capaldi,3
75,6xGr4tVzpTX99p9Cf0hRRL,3D (feat. Jack Harlow),Jung Kook,5
75,4Sfa7hdVkqlM8UW5LsSY3F,Take a Walk,Passion Pit,4
75,1H5N26VqHR4JhuaRKY2I0u,Heaven Knows I'm Miserable Now - 2011 Remaster,The Smiths,4
75,1mB7dCUM7sPyNab6R43nlj,The Drug In Me Is You,Falling In Reverse,4
75,2kdhiombBoiHjvSKG3EI0m,Blue Notes 2 (feat. Lil Uzi Vert),Meek Mill,4
75,1Ly3sQABkGYruk0s8XF6US,Can't Get Enough,Tamia,4
75,3wwoB2eYeGnuOSuIYqXEdl,Closure,Chevelle,4
75,1JSTJqkT5qHq8MDJnJbRE1,Every Breath You Take,The Police,3
75,4VXuwKDYsbWLwIWbUThQlh,there he go,sosocamo,4
75,7vidktgNZFQylTgH1GEnMs,Cold as Ice,Foreigner,4
75,5uvosCdMlFdTXhoazkTI5R,Light My Fire,The Doors,3
75,5YanmSgudc0CaxZrn40YnM,Wasted On You,Morgan Wallen,3
75,7BqHUALzNBTanL6OvsqmC1,Happier,Marshmello,5
75,5Bpc360LNUScK53FrM8nvB,Hole in the Earth,Deftones,5
75,4HwDCXsMBC7SUdp2WT4MZP,Into It,Chase Atlantic,4
75,1I4xuytDJx2ykIWLx8bhOp,i don't want to ask your father or anything,salvia palth,4
76,3ESSGgWzRf1xvP7G5hHMhB,Again,Fetty Wap,5
76,5aEqcblO0Z6JloFJXtxyhe,Everytime We Touch,Cascada,5
76,0qmzAFEijLDdvR2VbjFsPH,Zóio De Lula,Charlie Brown Jr.,4
76,3sLTYBYs6lJsFK84t2X7wt,Bathroom,Montell Fish,4
76,68Dni7IE4VyPkTOH9mRWHr,No Role Modelz,J. Cole,4
76,5vYjTN8d0DZ2SosbKSx5Nj,OMG,Suki Waterhouse,3
76,24vNw0Z0srb4zYXwrakw8E,Wu-Tang Clan Ain't Nuthing ta F' Wit,Wu-Tang Clan,3
76,0hDQV9X1Da5JrwhK8gu86p,Maps,Yeah Yeah Yeahs,4
76,7yzbimr8WVyAtBX3Eg6UL9,Hallelujah,Leonard Cohen,3
76,4IhKLu7Vk3j2TLmnFPl6To,Water Fountain,Alec Benjamin,4
76,5bJxFYztEjgWrIN7w3zhcF,Fuso,Duquesa,4
76,4VqPOruhp5EdPBeR92t6lQ,Uprising,Muse,4
76,7gqdZpe7MlTLA59viClLoY,Backburner,NIKI,4
76,5Z9KJZvQzH6PFmb8SNkxuk,INDUSTRY BABY (feat. Jack Harlow),Lil Nas X,5
76,6HJszgJO19tAKff7X40ggp,Reality Surf,Bladee,4
76,5yc59J3MR3tVDPTOgwgRI5,Soul Meets Body,Death Cab for Cutie,4
76,5HOpkTTVcmZHnthgyxrIL8,The Fox (What Does the Fox Say?),Ylvis,5
76,58ge6dfP91o9oXMzq3XkIS,505,Arctic Monkeys,4
76,3aw9iWUQ3VrPQltgwvN9Xu,Family Affair,Mary J. Blige,4
76,1Ahp4PZ1vzdbzBCedUrsqI,The One,Jorja Smith,4
76,0YHhpW8PnU0WNuAKAVuM70,Piss up a Rope,Ween,3
76,4jfzIzQiUabe8PDNo0O66j,Hive Mind (feat. Denzel Curry),Knocked Loose,5
76,4yIOd5HapcisNfepM7FGKv,nintendo 64,alexgoffline,3
76,6vDVu9IM9s8L8XMQ1c1Yti,bittersweet,Madison Beer,3
76,4dVpf9jZjcORqGTLUaeYj9,Plain Jane,A$AP Ferg,4
76,5ObyGDxNWH0Uuuk3NvC5r8,Save My Love,Kygo,4
76,65krtHkaYLPr0mEbjL61UP,Kiss of Life,Sade,3
76,2BDOJPAGE1W3roL0EsK2g0,Princess Bubblegum,ilyTOMMY,4
76,6aybzjLxocD14YySwF3aus,Burning Down,Alex Warren,4
76,3PBFvQMIbEe2nT569OyI9w,"Kapitel 8.2 - Der Tote vom Maschsee (Hannover-Krimis, Band 1)",Susanne Mischke,3
76,2TmqHjg7uhizGndzXQdFuf,Be Nice 2 Me,Bladee,3
76,2RPbEp0DyBVlkRvvYKopO7,Wat's Wrong (feat. Zacari & Kendrick Lamar),Isaiah Rashad,4
76,1KiAtMAGayStCuLCH6EJAw,Hello?,Clairo,4
76,2K7xn816oNHJZ0aVqdQsha,Softcore,The Neighbourhood,4
76,5djCX0bDd96N89Ayv5Y8Y2,It's Okay To Cry,SOPHIE,4
76,3DKWF8is9hzp84aSxnhlag,Necio (feat. Carlos Santana),Romeo Santos,4
76,0RjG5JmdOWXAR68dGlKBA5,Hidden In the Sand,Tally Hall,3
76,6xV7Be6XEvkSnighmh2Tzj,Sugar On My Tongue,"Tyler, The Creator",4
76,7iZqma5DV0h12Orxlb20VU,Addicted,OsamaSon,5
76,1y3NV3N99VoSP4crdkbog7,Drop Stop Roll,Rainbow Kitten Surprise,3
76,5qGwqO0lkbBXw4xNfzT7SF,Spice Up Your Life,Spice Girls,5
76,5pfJsMwoRYKampPay8amX0,"Downtown (feat. Melle Mel, Grandmaster Caz, Kool Moe Dee & Eric Nally)",Macklemore & Ryan Lewis,4
76,1ZBqJilDGBVYktvlCEo9jC,Obstacle 1,Interpol,4
76,2aPTvyE09vUCRwVvj0I8WK,Sundress,A$AP Rocky,4
76,4u8IPU322yG7mNrqv89GGL,Hey Sexy Lady,Shaggy,4
76,50u2y4zgROMZq2db8Qx94B,cold weather,glass beach,4
76,1EJIcDYXwSqipW5dFe4uJz,EVERY CHANCE I GET (feat. Lil Baby & Lil Durk),DJ Khaled,4
77,0q6LuUqGLUiCPP1cbdwFs3,On Melancholy Hill,Gorillaz,4
77,0VB3YI0Dl6TT3C7mIbHTs4,Shotta Flow,NLE Choppa,4
77,5qxPabNDnJQ551Tf4v6k3j,Catch My Breath,Kelly Clarkson,5
77,3mwvKOyMmG77zZRunnxp9E,Buddy Holly,Weezer,3
77,4aVuWgvD0X63hcOCnZtNFA,Hold the Line,TOTO,4
77,7eBqSVxrzQZtK2mmgRG6lC,Murder on My Mind,YNW Melly,4
77,4OWpVzi8xOMjLipxYxeJYl,Stray Bullet,KMFDM,4
77,6TcxxINfeaBEQ35sHMldTD,Dreams Tonite,Alvvays,4
77,5lar0mCUejpILVkAz50s2J,Train food,XXXTENTACION,4
77,0GONea6G2XdnHWjNZd6zt3,Summer Of '69,Bryan Adams,4
77,5cp0K9xM0hA7qm3rsqjwid,Beamin’,K Motionz,4
77,5uz5v1hRZLjNGatcPtOWUv,LV Sandals,EsDeeKid,5
77,6wVViUl2xSRoDK2T7dMZbR,Bizarre Love Triangle,New Order,4
77,4vuJuTLFomqItDrn482nzV,Move,Saint Motel,4
77,6quGF3Kvzd5WYEEuCmvCe1,"World, Hold On - FISHER Rework",Bob Sinclar,4
77,1JbbYSre3n6j2YlfHH31UL,Fear,Current Joys,3
77,5hRKVQmwR2ZcWkf9XEybYE,One Way!,Autumn!,3
77,4hm33jVolpa22nzhlY72jD,Intermission,Strawberry Guy,3
77,7eZXAeqqdLDrAp2MvrPzWn,stranger,Jhené Aiko,3
77,0t7kjpVLgOYITrSfFCoBEA,Gee,Girls' Generation,5
77,4jLv3tDBu8ww2R07DvL12s,Man On The Moon,R.E.M.,3
77,2Ri0436JKFUsd3B3xa2jCe,Morto Mai,Lazza,4
77,5OQsiBsky2k2kDKy2bX2eT,Learn to Fly,Foo Fighters,5
77,3QGTAH2zBXS0EgLdrouSgF,In My Life,Rita Lee,3
77,06tNJ27nVxbDwhiQMChWyr,GOOD LOYAL THOTS,Odetari,5
77,0PDUDa38GO8lMxLCRc4lL1,PILLOWTALK,ZAYN,4
77,3ohupFBIVNZp3IX7nRK8Ql,Nicki MAGA Parody,The Trumpers,4
77,0YMe6PHRbeDcN7KJdCG0bW,The Dress,Dijon,3
77,3ZUMC5OazTA8QtLpdlPdz9,Sleepyhead,Passion Pit,4
77,7BgyWwbbybJr2IbQoI1gzH,Stevie Doesn't Wonder,Hotel Ugly,3
77,4MHORmGs8oN7AASfGmApcM,Something In The Heavens,Lewis Capaldi,4
77,7k5EcszNwUturoU20TTy1G,Shooting Star,Owl City,4
77,1gRK6QnBOpNtEDjYKftzTc,The Feminine Urge,The Last Dinner Party,4
77,2bZIDMpzVooosmPHn0tHnd,STEREOTYPE,STAYC,4
77,7AeM1BGYM7emrqmQn1PuWv,I'm The Problem,Morgan Wallen,3
77,0bmm9xZUJQDR1tBhWtIXVM,Wild Things,Alessia Cara,4
77,3rTnGUeDrnZV22DvRuUuXr,Wait,M83,3
77,7DRM6aQqMhVMweZ8H7UBei,Yves,Lil Tecca,5
77,2N9miXnewVmUrgl6JSK1FI,SPAGHETTI,LE SSERAFIM,4
77,5oQpH1uuZte4axR411rIlN,SPECIALZ,King Gnu,5
77,2bnDTGikdoO8CwzlAPyBHR,"Airplanes, Pt. II (feat. Eminem & Hayley Williams of Paramore)",B.o.B,4
77,7lQ8MOhq6IN2w8EYcFNSUk,Without Me,Eminem,4
77,0nwygFtUBQiDA9iFIrZGR9,bing bong,bbno$,5
77,5tFDgH6do20IXdSoNBAmXK,I Should Have Cheated,Keyshia Cole,4
77,7gSZkeBr9Koc9Rfm3pp769,Sweet Heat Lightning,Gregory Alan Isakov,2
77,1ucnuV88gFTfR3BalmznDk,Lover Is a Day,Cuco,2
77,57j65yC2HggQfmYNc6rdOK,bad idea!,girl in red,4
77,4PkJ7c9y1CwpuVOiJODnCZ,Someday,Nickelback,4
77,4NEpVBLZKcgkpU1gDLDS4p,Nice Nice,Dazey and the Scouts,4
77,2SGWuJ7lQGhLCsTdK7Ur2I,Pet,xaviersobased,4
77,7nDXmx3FuyeX7FI7PFl2iX,The Wisp Sings,Winter Aid,2
78,6Uaz9GciXay8d3ZMHoP23L,Everything but Love,Devi McCallion,3
78,3QGTAH2zBXS0EgLdrouSgF,In My Life,Rita Lee,3
78,4aR9bPMAOFySBuQSbVWF3d,Smile,Lily Allen,4
78,4k7x3QKrc3h3U0Viqk0uop,Rosyln,Bon Iver,2
78,6sbPf6oRMMf5MGUTAFHlnf,Queen Of The Zoo,Fetty Wap,4
78,3DamFFqW32WihKkTVlwTYQ,Fireflies,Owl City,4
78,6aybzjLxocD14YySwF3aus,Burning Down,Alex Warren,4
78,5NQbUaeTEOGdD6hHcre0dZ,679 (feat. Remy Boyz),Fetty Wap,5
78,1SJhYNxOZSItqrB6upWyE6,Here Comes a Thought (feat. Estelle & AJ Michalka),Steven Universe,3
78,3kZAm2TC74lBJFPDoV40Qc,Psycho Pass,Xavier Wulf,4
78,4ZOkfHC38nxSeSqzGE5HFr,PIÉNSALO,Junior H,3
78,6pNWRbfpSwxnQAhTYPcajr,Texas Baby,Susannah Joffe,4
78,4cZHdXh4bvtDripgwzwO81,We Takin' Over,DJ Khaled,4
78,3LmvfNUQtglbTrydsdIqFU,We Belong Together,Mariah Carey,5
78,13toFl1UwJPsRxDiD9jgtn,As,Stevie Wonder,4
78,4w3tQBXhn5345eUXDGBWZG,9 to 5,Dolly Parton,4
78,34HgIvucTKJvDgzHVMaGLG,I Think I Left the Stove On,Hotel Ugly,3
78,1mea3bSkSGXuIRvnydlB5b,Viva La Vida,Coldplay,4
78,6H3kDe7CGoWYBabAeVWGiD,Gimme Shelter,The Rolling Stones,3
78,787rCZF9i4L1cXGMkdyIk4,LVL,A$AP Rocky,3
78,3XrvEifl0hIzgBGUa5jBLS,Grindin',Clipse,4
78,0HDHY6RSHHG2ZTE0cMT4GJ,Los Infieles,Aventura,4
78,0hlzl6zaN6misc6V0JbhaP,I Don't Care,VIOLENT VIRA,4
78,3c7E75a0REL2z6jt8yfrjV,TWICE,Bilmuri,4
78,0tWEB6BxbI48XN79QE1JbT,Everybody's Fool,Evanescence,5
78,4KacUpvbA3Mfo05gttTjhN,Fat Lip,Sum 41,5
78,1HfsmNlg8xxhOr9N2i4Q0n,Touching Yourself,The Japanese House,4
78,6quGF3Kvzd5WYEEuCmvCe1,"World, Hold On - FISHER Rework",Bob Sinclar,4
78,59hBR0BCtJsfIbV9VzCVAp,Set Me Free Pt.2,Jimin,5
78,2HBtd9MYDd2xDVu8Zc6pwt,GUMMO,6ix9ine,5
78,5CZ40GBx1sQ9agT82CLQCT,traitor,Olivia Rodrigo,3
78,1gXIOLjnh36fww7bdZ1NhK,Mice on Venus,C418,2
78,4sMR8fuTzbUyzB0asxifV0,Desire,Ian Asher,4
78,45LwOlqL3HOEQkPjjHpu7U,blade bird,Oklou,4
78,5WIGbrfNMvFeCQOx5XykBO,2010 Justin Bieber,Lucy Bedroque,5
78,5E2y5TSb2RJNCO01QjkgLf,Days Like These,Luke Combs,3
78,2P3SLxeQHPqh8qKB6gtJY2,Poetic Justice,Kendrick Lamar,3
78,4SWWe2OYC4mqf40Gc2RSdl,Down Below,Roddy Ricch,4
78,1F3pzdYyCJlnQoCM9gFzaU,Dimensions,Arcade Fire,2
78,0tyR7Bu9P086aWBFZ4QJoo,Monsters (feat. blackbear),All Time Low,5
78,4nVBt6MZDDP6tRVdQTgxJg,Story of My Life,One Direction,4
78,2iUmqdfGZcHIhS3b9E9EWq,Everybody Talks,Neon Trees,4
78,2BwO5K8Q7EPAJSGze3AAh9,Manchild,Sabrina Carpenter,4
78,1WSGTYKLEpKfNQYYW5Oymt,"I Can’t Get Enough (benny blanco, Selena Gomez, J Balvin, Tainy)",benny blanco,4
78,29nzgSkf11owK8vO9iBgCq,(You) On My Arm,Leith Ross,3
78,5QCfOMH5K7bS4dH7H7PNeI,Tonight,PinkPantheress,5
78,6tDxrq4FxEL2q15y37tXT9,Dear Mama,2Pac,4
78,5RMlUiY2og97DronMz3GlG,..FEISTY,Fred again..,4
78,4sNG6zQBmtq7M8aeeKJRMQ,Brazil,Declan McKenna,4
78,4VI2Y5xg4gYynQqNQNQbTN,WHATCHU KNO ABOUT ME (with Sexyy Red),GloRilla,5
78,6tWE2OefH4yqE2swmf1OkC,Sakura,Devon Hendryx,3
78,3NUbc7wgzugfnw3kdzdH0I,2016 (feat. Laker),smokedope2016,4
78,7oJrVhiTPZGBXWPwhxjy9S,Lust,Lil Skies,5
78,6F9yAYUaNbUhdlQyt5uZ3b,La Incondicional,Luis Miguel,4
78,1fQaoh3imrMunWVZh5kf90,Shepherd of Fire,Avenged Sevenfold,4
78,2uwnP6tZVVmTovzX5ELooy,Power Trip (feat. Miguel),J. Cole,4
78,7lQ8MOhq6IN2w8EYcFNSUk,Without Me,Eminem,5
78,1AZbs0L3SkXe625DKp37KQ,Julietota,LATIN MAFIA,4
78,1wlKw9NAWVWpx7OIAyg9EA,Fell On Black Days,Soundgarden,3
78,3XgGQ1wjo5khvq2UImjyNF,ALL MINE,Brent Faiyaz,3
78,4IoYz8XqqdowINzfRrFnhi,You Found Me,The Fray,4
78,0B8QzDH7YWih85V5SEMnyJ,Money Longer,Lil Uzi Vert,3
78,0IRZwSCWFdT5D8hNCXHzZX,More Than My Hometown,Morgan Wallen,4
78,1FKG2wgJ75wS9MFNVZFiWd,POCKET ROCKET,Cochise,5
78,0HNYsGGjrvPQsaXR6sFnVB,Quickest Routes,Shoreline Mafia,3
78,3tYxhPqkioZEV5el3DJxLQ,Youngest Daughter,Superheaven,4
78,0Dc7J9VPV4eOInoxUiZrsL,Don't Tell 'Em,Jeremih,4
78,1Ukxccao1BlWrPhYkcXbwZ,From The Start,Laufey,4
78,2KufM8PiQY4i52XhRL96Fd,Champagne Coast,Blood Orange,3
78,710B9xFjNOisQtKtppZE9p,Black No. 1 (Little Miss Scare -All),Type O Negative,3
78,6I3mqTwhRpn34SLVafSH7G,Ghost,Justin Bieber,3
78,4jyyma8YdFC4S4llusSFRu,butterflies.,Brent Faiyaz,2
78,6kcHg7XL6SKyPNd78daRBL,Sweet Talk,Saint Motel,4
78,0MNNKSUU9OOQ8DSGWduw79,Mystery of Love,Sufjan Stevens,3
78,5SOA0gaKMMp9cgwn3nuwk7,Solitude - Felsmann + Tiley Reinterpretation,M83,2
78,0fMSB7zNZiaqQ44hDlzzsf,Launched,Korea Girl,3
78,3K94Fd5ZQkPCW8wV6oyk22,Don't Delete The Kisses,Wolf Alice,3
78,0ERnYArznxdTBEIj1VSta8,man i is,Logic,4
78,0YkXRZcetpqI3VzjE9Sey6,Morning Dew,Xavier Wulf,4
79,6gZVQvQZOFpzIy3HblJ20F,Man in the Box,Alice In Chains,3
79,4Of7rzpRpV1mWRbhp5rAqG,Bruises,Lewis Capaldi,3
79,1H5A1GNZUv4eUf1t9RFdid,Magic,Olivia Newton-John,4
79,6EsH66Uto1zwZlDGQ6RokU,Forbidden Voices,Martin Garrix,5
79,7eqoqGkKwgOaWNNHx90uEZ,Nights,Frank Ocean,3
79,4fJWoaQqGZwp3quw9OpLMe,Pose,Daddy Yankee,5
79,04a44cx2PJthIbN2aLMXhl,TIT FOR TAT,Tate McRae,5
79,4LJhJ6DQS7NwE7UKtvcM52,What's My Age Again?,blink-182,4
79,33HRECrmuelZxOpid6XTNX,Alison,Slowdive,4
79,75AXpiaFjeWApCkpMoHJ28,Mosaico - Remastered 2026,Willie Colón,3
79,6kDyRP48g1KWahq8irqZF9,Sweet to Dream,Jordana,3
79,2pA4ip3VIEVcIa3qE02oAX,"10,000 Emerald Pools",BØRNS,4
79,0uXO2GrNiIb1xHT9LUdxZE,Sexy Bitch (feat. Akon),David Guetta,5
79,1aKvZDoLGkNMxoRYgkckZG,Magnetic,ILLIT,4
79,7vYA9ET5AUqJt5pBbhKmcB,Don't Let Me Be Misunderstood,The Animals,3
79,37mfTcSlX60JtAvAETytGs,Choke,I DONT KNOW HOW BUT THEY FOUND ME,4
79,3k2kIiJqUiIP49iUcOLpWT,The Place Where He Inserted the Blade,"Black Country, New Road",2
79,2HO0uCyq8jOveEzvmo4JEu,Fly,Marshmello,4
79,1CTKOebrJpEDHaSwM8QTlk,Without You,Leslie Odom Jr.,3
79,1Ukxccao1BlWrPhYkcXbwZ,From The Start,Laufey,4
79,4O9t8Qq941SAzdGlex4noA,What You Need (feat. Charlotte Day Wilson),KAYTRANADA,4
79,3eBHh35RljNlNtM3KhKhmM,Everyone Adores You (quiet),Matt Maltese,2
79,41bIQPBE1lFN0mmw6Lmssz,21 Questions,50 Cent,4
79,15iosIuxC3C53BgsM5Uggs,All Night,Icona Pop,5
79,2aI21FnmY7TJVKeMaoQZ0t,Say It Right,Nelly Furtado,4
79,0YkXRZcetpqI3VzjE9Sey6,Morning Dew,Xavier Wulf,4
79,5Fim1gaXBgsiFfsQAfQSDS,Hasta el Amanecer,Nicky Jam,4
79,33ozaTEVsZrH4tZzZuGM3N,Oh Well,Sleight of Hand,4
79,6XjDF6nds4DE2BBbagZol6,Gata Only,FloyyMenor,3
79,6r1lboTadi5swMquaAWDzh,Hell At Night (feat. Ella Langley),BigXthaPlug,4
79,73KmSwY41WBtlHIJXG83gH,The Star Spangled Banner - Live,Charlie Puth,2
79,4PV4rdcQ2TVCigth4u6tUp,Exosphere,Hortalis,1
79,1VuBmEauSZywQVtqbxNqka,Beautiful Day,U2,3
79,4qtdab2DABnEokwupCl8lG,Dirty Work,aespa,4
79,1MtUq6Wp1eQ8PC6BbPCj8P,I Took A Pill In Ibiza - Seeb Remix,Mike Posner,4
79,1wlKw9NAWVWpx7OIAyg9EA,Fell On Black Days,Soundgarden,4
79,0vNkUB9llJ7AgPpJNHS3l1,Apartment,Modern Baseball,4
79,4A1t2K9lsLZWb5oHAtT9xs,Horn,Nick Drake,2
79,6q2djm8drU3EWpLBK0mllz,WHAT'S HAPPENIN' (feat. Latto & Coupe),Young Nudy,5
79,4iZ4pt7kvcaH6Yo8UoZ4s2,Snooze,SZA,3
79,4pNT8XTKWb2vhcsqwzdXCT,Survival Tactics,Joey Bada$$,5
79,6xQM5T7xmEpbnuxGeAWL6g,Odyssey,ILLENIUM,2
79,7d0XkI4iJ32nxeFAHFXbLQ,"If You Need To, Keep Time on Me",Fleet Foxes,3
79,6xpDh0dXrkVp0Po1qrHUd8,Adam's Song,blink-182,4
79,5Y35SjAfXjjG0sFQ3KOxmm,Nobody Gets Me,SZA,3
79,2FK6SnUKJY8m8kVBmdQbSM,Walking On Air,King Crimson,3
79,7vQbuQcyTflfCIOu3Uzzya,Jingle Bell Rock,Bobby Helms,4
79,0u5aO1GYsIhAWCPuXdwnak,Today - 2011 Remaster,The Smashing Pumpkins,4
79,39cmB3ZoTOLwOTq7tMNqKa,Hear Me Now,Alok,3
79,37sINbJZcFdHFAsVNsPq1i,Superheroes,The Script,5
79,3DKWF8is9hzp84aSxnhlag,Necio (feat. Carlos Santana),Romeo Santos,4
79,0gpFiquPvir7e3RrM4kii9,"IT G MA REMIX (feat. A$AP Ferg, Father, Dumbfoundead, Waka Flocka Flame)",Keith Ape,5
79,0wFU2pYHZi45Ws1VD6aSJX,jellyous,ILLIT,4
79,5lF0pHbsJ0QqyIrLweHJPW,Burn,Ellie Goulding,4
80,2YFc0r6PUWDAeE38vJnCxR,ghost girl,Lil Peep,5
80,2f8y4CuG57UJEmkG3ujd0D,NASTY GIRL / ON CAMERA,Gunna,4
80,3RAFcUBrCNaboRXoP3S5t1,Psychosocial,Slipknot,4
80,0nbXyq5TXYPCO7pr3N8S4I,The Box,Roddy Ricch,4
80,3ZOEytgrvLwQaqXreDs2Jx,Can't Stop,Red Hot Chili Peppers,4
80,4pt5fDVTg5GhEvEtlz9dKk,I WANNA BE YOUR SLAVE,Måneskin,5
80,6q2djm8drU3EWpLBK0mllz,WHAT'S HAPPENIN' (feat. Latto & Coupe),Young Nudy,4
80,3azJifCSqg9fRij2yKIbWz,The Color Violet,Tory Lanez,4
80,05RgAMGypEvqhNs5hPCbMS,Panama - 2015 Remaster,Van Halen,5
80,7CUkeiG7QtB7tPU9f8SANS,hand crushed by a mallet,100 gecs,5
80,4oPLjuY1WgGTL0Ja1doDOn,Magic Johnson,ian,5
80,2he1FpKyzQpYgScennbAyu,Dead n Gone,Luci4,5
80,0z1o5L7HJx562xZSATcIpY,Exit Music (For A Film),Radiohead,3
80,0U1nO2frLx8w2dIsfvlP1d,Hell At Night (feat. Ella Langley),BigXthaPlug,4
80,3cHyrEgdyYRjgJKSOiOtcS,Timber,Pitbull,5
80,0rAA7LLo607ItKLcaXo9ga,India Part II,Lil Durk,5
80,4dVbhS6OiYvFikshyaQaCN,My Hero,Foo Fighters,4
80,17sOAutZqK3xM5O6Cc2pMj,Abracadabra - Gesaffelstein Remix,Lady Gaga,2
80,5OjCsHeByDYEGxMrb1z8KQ,Flying Whales,Gojira,4
80,0R3TWpoxAhT3HDXM7tpRzS,Ghostride,Crumb,4
80,04ZTP5KsCypmtCmQg5tH9R,I'm a Mess,Bebe Rexha,4
80,1fddQyaDzAQGhnSZh7UQIJ,Re-Do,Modern Baseball,3
80,0bRXwKfigvpKZUurwqAlEh,Lovely Day,Bill Withers,3
80,1bv9wrUiUgjWfahxVwtGSr,Letter Home,Childish Gambino,3
80,0L7MpEwFgZRP5rFdXOYaRT,Labyrinth,Miracle Musical,4
80,7E4qUlNYocWix5FKBdw5CN,OH! TENGO SUERTE,Masayoshi Takanaka,3
80,0bhciG1J5Mn3aIfPjvHQIe,Photo ID,Remi Wolf,5
80,1w4JPzTHAcMdAGzDLzXCjF,Milk,Jack Stauber's Micropop,3
80,2ewEh7LuvToYyGHq7yT8N1,Shelter,Porter Robinson,4
80,1pALOIA4ytESmhl7Fxjdic,楓,Jay Chou,3
80,3c9kVsKF68xMzlS0NikVn3,Masterpiece,Motionless In White,5
80,0eDwzWuy2gf1RJzqWl0dkF,Something So Strong,Crowded House,4
80,0za55KLGfhCOr2TC4RM6dr,Sofia,Clairo,3
80,1VdJXG8vpORXyRiqQtL78M,Electric Disruption,Fuzzboar,4
80,0i4qKfuKJ3juUsEwnJAxk3,"Ready, Steady, Go!",Harry Styles,3
80,58RDwkonFMOkoytBtIQetc,Love You to Death,Type O Negative,4
80,0QWOHDPeZ0avyvZ8t2A29C,TSUNAMI,Finana Ryugu,5
80,4YhG0wYSsxcpe3RGeXgj9v,<demons>,Kim Petras,3
80,42zd6DYQ4o4SECmTITrM1U,Dreams and Nightmares,Meek Mill,4
80,5qxChyzKLEyoPJ5qGrdurN,No Sleep Till Brooklyn,Beastie Boys,5
80,71BWZa1liIRyUiuJ3MB66o,I Know You,Faye Webster,3
80,5VWC7v2dC2K0SIIjT9WTLN,Welcome to the Machine,Pink Floyd,2
80,5WDLRQ3VCdVrKw0njWe5E5,Careless Whisper,George Michael,4
80,66z5CuZkqkb18VhFTRwbZk,Hard To Choose One,Future,3
80,1Pt2STlAgfB1CiEV8mf3CN,Prince Ali,Will Smith,4
80,4RvWPyQ5RL0ao9LPZeSouE,Everybody Wants To Rule The World,Tears For Fears,3
80,786ymAh5BmHoIpvjyrvjXk,Goodbye To A World,Porter Robinson,4
80,0MSTxF501TyzjuRTHZz46g,DON'T YOU LIE,Offset,4
80,4LadsagnXZM7SEOpHjHIHA,Looking For The Hoes (Ain’t My Fault),Sexyy Red,4
80,7shVwhUdVbHpykOfbzvDc1,A Case of You,Joni Mitchell,3
80,4OmfWzukSVD140NiAIEjem,Static,Steve Lacy,3
80,3UQmoVQJqBYauTZLVPs3uo,Luxurious,Gwen Stefani,5
80,0Gji3Cm4mRFYvXXtX82klr,Crumble,Lord's Child,3
80,3VqSRkq3jRpsSEBngUcY6a,Cupid,FIFTY FIFTY,3
80,3ZtATjifj77MvRJbJQYJIt,Kick It,NCT 127,4
80,6gZVQvQZOFpzIy3HblJ20F,Man in the Box,Alice In Chains,4
80,5rgrBsAFYMun6yhtnLKRPz,Right My Wrongs,Bryson Tiller,5
80,4cluDES4hQEUhmXj6TXkSo,What Makes You Beautiful,One Direction,5
80,41PeEqKytfuiA8qBe9WthK,Take It Back,She & Him,3
80,3gJDgenxLephg09x86IxPs,TEMPTATION,Joey Bada$$,4
80,1jaTQ3nqY3oAAYyCTbIvnM,WHATS POPPIN,Jack Harlow,4
80,0YUrjFy4qFKOO5NhM9tYdV,Locked Up,Akon,4
80,1IA0DHaEGwuK5xhvnontdP,Keyz 2 the City 2 (feat. TeeFlii),Nipsey Hussle,5
80,3PLaKiMLIlrjvPoPlYK7sT,Angel,Alice Phoebe Lou,3
80,3DK6m7It6Pw857FcQftMds,Runaway,Kanye West,4
80,2grjqo0Frpf2okIBiifQKs,September,"Earth, Wind & Fire",3
80,5u9cuDcYdOpSRB7fAYXXdp,Marcel,Her's,2
80,2gmwvGC1yOw8NdMcZE8nfo,Literal Legend,Ayesha Erotica,5
80,2BrfJdTXohQRtWBKsBTIp0,Por Amar A Ciegas,Arcángel,4
81,3Ol2xnObFdKV9pmRD2t9x8,Look Back at It,A Boogie Wit da Hoodie,4
81,7y6c07pgjZvtHI9kuMVqk1,Get It Together,Drake,4
81,0NpvdCO506uO58D4AbKzki,Sherry,Frankie Valli & The Four Seasons,4
81,5jzma6gCzYtKB1DbEwFZKH,London Calling - Remastered,The Clash,3
81,7iMQChXFK33TS49QWhE4tt,The art of dying,Gojira,3
81,0Ftrkz2waaHcjKb4qYvLmz,Delilah (pull me out of this),Fred again..,4
81,3GR5Qd34nif6bskCrhTZue,Sounds Like a Melody,Alphaville,4
81,25CMmGsl22APKhfuj4Tp7j,It's Been Awhile,Staind,4
81,0dFdGPVLs3k0z9ezYWZzUa,Intimidated (feat. H.E.R.),KAYTRANADA,5
81,0sH7M5s2bEWFRe7v7VRemW,BIG FEELING,BKTHERULA,4
81,7DnAm9FOTWE3cUvso43HhI,Sweet but Psycho,Ava Max,4
81,5iR8v6fTc33LDo2t4w3342,Futile Devices (Doveman Remix),Sufjan Stevens,1
81,5IgjP7X4th6nMNDh4akUHb,Under The Influence,Chris Brown,3
81,3Ty7OTBNSigGEpeW2PqcsC,Glory Box,Portishead,3
81,32btQnrL0HR6M1KKAPf3D3,Do I Wanna Know? - BBC Live Lounge,Hozier,2
81,4UzVcXufOhGUwF56HT7b8M,My Immortal,Evanescence,4
81,64sn7wgJfeQKY3Jisnl59w,Tuesday's Gone,Lynyrd Skynyrd,4
81,0T7aTl1t15HKHfwep4nANV,Disco Man,Remi Wolf,3
81,6sfMU3Zx38YzBmv0QTQsH4,Amazing Grace,Forrest Frank,4
81,663Karu2rvKLdnY0eo1n3M,Call Me When You're Sober,Evanescence,4
81,5wht91j4wnPotO8iClHkI3,In My Room - Acoustic,Julia Wolf,3
81,6IdyYbGg1jxiWhfwm2Ykjn,Jaded,Spiritbox,5
81,1X1DWw2pcNZ8zSub3uhlNz,Hall of Fame (feat. will.i.am),The Script,5
81,2hLRXbh7TwezpksciMibG1,Subwoofer Lullaby,C418,2
81,7qcOkVPvlZUzY7FYlWIoct,Yves Saint Laurent,K1llbrady,5
81,1Ll2L0m2QznnoJI9xRN5MP,HYPNOTIC DATA,Odetari,5
81,4MpketOLD5KhtgWWOBuk9w,SexOnTheBeat,ADÉLA,5
81,5HPj0yTUFEFNia8SWgjq46,Open Your Eyes,Snow Patrol,3
81,4koGF4vd2AV8pF7R3TVBVq,West End Girls,Pet Shop Boys,4
81,0MXemkrh7WpAfiafcGQwZO,NOSTYLIST,Destroy Lonely,4
81,5oo7lrBwuD4dVfJbBLyVyI,Sodium,BONES,3
81,3ee8Jmje8o58CHK66QrVC2,SAD!,XXXTENTACION,4
81,1zKnyGMHUfR8zAzBJRpz5w,High In Low Places,Beach Weather,4
81,1gZ7i4qxXkHZb1r6eioaAP,Don't Cha,The Pussycat Dolls,5
81,5xT8JXJSyHYNfC11OFqzFL,Is It Any Wonder?,Keane,4
81,7cIHtga6bZuzpg8cu71xlD,Love Lost,The Temper Trap,3
81,39cmB3ZoTOLwOTq7tMNqKa,Hear Me Now,Alok,2
81,2XMwyntBTC3OgWE2N2wXoX,Habits,OsamaSon,5
81,4oE7MyJhqSD3BaHRpNs8Nl,JANE DOE,Kenshi Yonezu,3
81,2kvpHbQHp9QmcG9WhyLwco,Daytona,Cris MJ,4
81,6dW75XbJ1WAMljOXWjTK46,Red Light Special,TLC,4
81,0LbZLBBZI1NfaDgb4dx0UD,Jaded,Miley Cyrus,4
81,5z7mYFfhw6N6f23VwrokJD,The Way You Move (feat. Sleepy Brown),Outkast,4
81,3ohupFBIVNZp3IX7nRK8Ql,Nicki MAGA Parody,The Trumpers,4
81,1I4xuytDJx2ykIWLx8bhOp,i don't want to ask your father or anything,salvia palth,4
81,1JbbYSre3n6j2YlfHH31UL,Fear,Current Joys,3
81,0JXXNGljqupsJaZsgSbMZV,Sure Thing,Miguel,3
81,3gjHnylel3PTRpjS44ocqr,Zombie - 2025 Remastered,The Cranberries,4
81,5cbDTZG8lBJqVVa2zqROPI,Taxes,Geese,3
81,7E66uxFz2NtHWAyiGXotha,Two Weeks,FKA twigs,3
81,0kYMwaQWABTkFff8AZjmYI,Hayloft II,Mother Mother,4
81,6R0GRYk2vs2XuBVemYK5YZ,Ultimate,Denzel Curry,4
81,3O9xF6nqYYtMjkuIutRYLP,It’s TV Time!,Toby Fox,3
81,7zsXy7vlHdItvUSH8EwQss,Cold Water,Major Lazer,4
81,37WUQa7Mcm3aGQOp2rwEZi,Bad Girls,Blood Orange,4
81,0Puj4YlTm6xNzDDADXHMI9,Sabotage,Beastie Boys,5
81,1ID9SzJR4OFRwinOqYlJf4,Ride The Lightning (Bonus Track),Megadeth,4
81,3B0pDi9aLzcICJfBCA3Lgq,catch a kill,Destroy Lonely,4
81,73TxYZd0lBCVRrHawrAglA,Sweet Emotion,Aerosmith,4
81,1gk3FhAV07q9Jg77UxnVjX,Gooey,Glass Animals,4
81,6JuEshIRliNXRU1LXctRjZ,Halah,Mazzy Star,3
82,3cZajhyr8LmtPfHZ9296tj,No Broke Boys,Disco Lines,4
82,3aAnwyBJY9OLNLqSgd4fZU,Deja Vu,TOMORROW X TOGETHER,5
82,26Fx8UbsC0BV4J1CdtuLAy,Pop,OsamaSon,5
82,27ze5t5tIDPlVits0KRbxT,El Perdedor,Aventura,4
82,1I37Zz2g3hk9eWxaNkj031,Your Idol,Saja Boys,4
82,3dEgWY6zXTVRFLFloNEhLr,Different League,Statik Selektah,4
82,2igbKtoBMXdYgYPkCpl0V4,Body Moves,DNCE,5
82,5tFDgH6do20IXdSoNBAmXK,I Should Have Cheated,Keyshia Cole,4
82,74sb4Gib0cL3TQeCjYF8vh,Lay Me Down,Sam Smith,3
82,2OQfyddAKv4FyelDJjGNHH,Rockstar,N.E.R.D,5
82,75ZvA4QfFiZvzhj2xkaWAh,I Fall Apart,Post Malone,4
82,6EMynpZ10GVcwVqiLZj6Ye,Champagne Supernova,Oasis,3
82,2Zo1PcszsT9WQ0ANntJbID,Feather,Sabrina Carpenter,4
82,1c5CllrZr45UBhWpIqM332,Funny Thing,Thundercat,4
82,6NBZu27n3cxEk4y4c2Kxi8,1-800,bbno$,5
82,7w6PJe5KBPyvuRYxFkPssC,No More Tears,Ozzy Osbourne,3
82,1Czqh6tbb9gqCQpSkXsqDT,Ginkgo,Panchiko,4
82,35ntAtdvK9V3xJI98umZMK,She Needs Me,Marvin Gaye,3
82,4xqrdfXkTW4T0RauPLv3WA,Heather,Conan Gray,4
82,0ZfByLXCeKchuj7zi1CJ0S,Stolen Dance,Milky Chance,4
82,3uwnnTQcHM1rDqSfA4gQNz,Cool for the Summer,Demi Lovato,5
82,3zNNXjjjeLrzIXSJZKalDi,I Follow Rivers - The Magician Remix,Lykke Li,4
82,21pySLskKIKrhDziCX5ojQ,When I Grow Up,The Pussycat Dolls,5
82,4IhKLu7Vk3j2TLmnFPl6To,Water Fountain,Alec Benjamin,4
82,2lNdc3jjPV4aWEfKH0gvH2,Him & I,G-Eazy,4
82,32SrQzg34vQiYjyzjg3wum,Killin' It Girl (Solo Version),j-hope,5
82,360ZhWvMnyXKYFG9Mqsm89,Evacuate The Dancefloor - Radio Edit,Cascada,4
82,21JL0gpeAYgbSUmzhgSPJz,Souvenir,boygenius,3
82,6kesIBNAY17BoAz28pnWMC,Run,Snow Patrol,3
82,4jyyma8YdFC4S4llusSFRu,butterflies.,Brent Faiyaz,2
82,67awxiNHNyjMXhVgsHuIrs,Turn Down for What,DJ Snake,5
82,3G9ETaH55bMQx8hwNhAgbU,The Stable Song,Gregory Alan Isakov,2
82,63EUqnpcphhZh8SbXagArw,Many Times,Dijon,5
82,57j65yC2HggQfmYNc6rdOK,bad idea!,girl in red,4
82,6Ijmj8Z0L31hCp5pLZnT5U,Numb,Men I Trust,3
82,46odPfzMypgxCBMUPmdKxr,Afraid Of The Dark,Motionless In White,4
82,6sbPf6oRMMf5MGUTAFHlnf,Queen Of The Zoo,Fetty Wap,4
82,0InIeZW4P6VO7dUGRM4AKH,Sienna,The Marías,4
82,1xLs8Mu1QEVbGCpyHQ2r2U,Why,Dominic Fike,5
82,5lDixe3b2yQDQ18lAUoSWq,Wicked Game,Chris Isaak,4
82,5w9upngVRHNjdZcRC7Xxr2,Delilah (pull me out of this),Fred again..,3
82,0eBFgRxyVSeuT4iyrbukdn,Where the Wild Things Are,Luke Combs,4
82,3c9kVsKF68xMzlS0NikVn3,Masterpiece,Motionless In White,4
82,5fEB6ZmVkg63GZg9qO86jh,Break from Toronto,PARTYNEXTDOOR,4
82,3a1lNhkSLSkpJE4MSHpDu9,Congratulations,Post Malone,3
82,29nzgSkf11owK8vO9iBgCq,(You) On My Arm,Leith Ross,3
82,1yYlpGuBiRRf33e1gY61bN,Night Shift,Lucy Dacus,2
82,1TEZWG1FdjzDdercCguTwj,Nookie,Limp Bizkit,4
82,3XrvEifl0hIzgBGUa5jBLS,Grindin',Clipse,4
82,57MflfPN3ObQQAQtPUp0WF,Romeo and Juliet,Dire Straits,3
82,63BcfK6YAzJYeISaTPr6IO,Big Poppa - 2007 Remaster,The Notorious B.I.G.,4
82,1i8dJGpKO0xQiKGCVslJqB,half return,Adrianne Lenker,3
82,0ct6r3EGTcMLPtrXHDvVjc,The Nights,Avicii,4
82,3evG0BIqEFMMP7lVJh1cSf,Don't Let Me Down - Remastered 2009,The Beatles,3
82,2vzbU9nlpIMYxlt0FucOHi,&,Tally Hall,4
82,6NKdgzbc4saTTaO0DkPAkJ,Don't Take the Night Away,Chris Rainbow,4
82,2dKkVF2m160z0RNDN2dddc,NISSAN ALTIMA,Doechii,3
83,46S6HjiiqyMNwE3xXv1nPH,Wild Horses,Natasha Bedingfield,3
83,6r639TM0j9JWM4jWJB1cVR,Tweakin' Together,BKTHERULA,4
83,4dX0LPSw5ywr2J64ScaMVC,Green Eyed Monster,10cc,3
83,1YNcvRZoNJUjR4opG7Qr9o,Jump the Turnstile,Jordana,3
83,5A7ldx7fFEEsHvl5XEnGUA,Winter Snakes,Joy Again,3
83,1gZ7i4qxXkHZb1r6eioaAP,Don't Cha,The Pussycat Dolls,5
83,1HL3yEnYq8LEyFQ3QegA5V,Crash into Me,Dave Matthews Band,3
83,3w3y8KPTfNeOKPiqUTakBh,Locked out of Heaven,Bruno Mars,4
83,2f8y4CuG57UJEmkG3ujd0D,NASTY GIRL / ON CAMERA,Gunna,4
83,56lhDZNQ5J47aog6mGKeGk,Thunder Road,Bruce Springsteen,3
83,6wqJeItl3Vc3az4ZicSQAB,Before I Forget,Slipknot,4
83,6andWFPbmPzbgdKcEamIq9,Your Mother's Name,Susannah Joffe,3
83,3VqHuw0wFlIHcIPWkhIbdQ,Enter Sandman (Remastered),Metallica,3
83,20zQZVyUNPbq8kZACdgYrh,On The Floor,Jennifer Lopez,3
83,0hDQV9X1Da5JrwhK8gu86p,Maps,Yeah Yeah Yeahs,4
83,2CIDqYfIYfl9vx02wIyCG9,All Through the Night,Cyndi Lauper,4
83,1LOZMYF5s8qhW7Rv4w2gun,Dreadlock Holiday,10cc,2
83,2EPr9Wx7e1cpGEbNAtuN7x,Surfin' U.S.A.,The Beach Boys,3
83,7EEpVPYeW8Ycaw2SlP1u7f,Just Say Yes,Snow Patrol,5
83,78Vt9mc4zuxVaaCcGeT76Q,SIGN LANGUAGE,Aries,3
83,4KEqjpCCm7gONQN3pKCXY7,SET JAPA NK 2.0 BEAT CAPIXABA - DJ VINICIUS ZUKA Remix,vinicius zuka,4
83,1DunhgeZSEgWiIYbHqXl0c,Latch,Disclosure,4
83,4lIAPwAU6R8PAy2WhykC4i,#menow,fromis_9,5
83,6QcOEPC0bX799hITIgj3vU,Bad Omens,5 Seconds of Summer,4
83,77q9G0H5wnXlT9OWm1QXTc,Blow Me,fakemink,4
83,0vLwL4xuJ3s7SeaCdvMqkY,Call Me,Blondie,4
83,6RmdFxrorNDmYJONH5tK0n,CRYST4L,DARKXHAWK,5
83,5sE9XpE2ukIwC2sYhIvUrs,Made Sum Plans,OsamaSon,4
83,55n9yjI6qqXh5F2mYvUc2y,I Don’t Wanna Live Forever (Fifty Shades Darker),ZAYN,4
83,5gOd6zDC8vhlYjqbQdJVWP,Baker Street,Gerry Rafferty,3
83,2BrzlUj1u1CtvaJDGIKpsP,Make Me (Cry),Noah Cyrus,3
83,1Fhb9iJPufNMZSwupsXiRe,beside you,keshi,4
83,0U1nO2frLx8w2dIsfvlP1d,Hell At Night (feat. Ella Langley),BigXthaPlug,4
83,63y6xWR4gXz7bnUGOk8iI6,Into You,Ariana Grande,4
83,3B4q6KbHbGV51HO3GznBFF,What I Got,Sublime,4
83,5nkUIVKqOqdpB6ApKgEMkv,Stay Ready (What A Life),Jhené Aiko,3
83,1SJhYNxOZSItqrB6upWyE6,Here Comes a Thought (feat. Estelle & AJ Michalka),Steven Universe,4
83,04ZTP5KsCypmtCmQg5tH9R,I'm a Mess,Bebe Rexha,4
83,7pT6WSg4PCt4mr5ZFyUfsF,If We Have Each Other,Alec Benjamin,4
83,4Yaw2PmyOETOnEM3TCf98I,Eenie Meenie - Radio Version,Sean Kingston,4
83,0fIDUXVyJ1JISqB4HP4D5H,Sweet Disposition,The Temper Trap,3
83,7s8VgA8OjvwBUuigKzEGBx,This Is Home,Cavetown,3
83,5m9uiFH9sK5wxRZdfN62n9,The Diary Of Jane,Breaking Benjamin,5
83,1H5IfYyIIAlgDX8zguUzns,Suspicious Minds,Elvis Presley,4
83,4tGbZjNFJLPTtw5CAwRjUP,soulless,sosocamo,3
83,5UWwZ5lm5PKu6eKsHAGxOk,Everlong,Foo Fighters,4
83,1cKHdTo9u0ZymJdPGSh6nq,I Was Never There,The Weeknd,3
83,7kAFSrTIOiVZ0gnHBuAH3l,Air Force Ones,Nelly,4
83,5RBOcBpJXaNnHCGViJmYhh,The Perfect Girl,Mareux,3
83,2flxduIqEbsicdmPyj1WVW,Imagination,Foster The People,4
83,5TXQCMKN6TgemTL3c4wRTn,Sorrows,Bryson Tiller,4
83,2enPRFda84VE2wtI8c86Uf,Always Forever,Cults,4
83,0dpyzcT3RMNNSd2xKBf35I,Be Sweet,Japanese Breakfast,5
83,2IMPPA9UZpqTnnVIy9lDHU,Love Me Back,fromis_9,4
83,3hpvCB2XjiN6RVedOQ2437,Christmas Time Is Here,Khruangbin,3
84,2gMXnyrvIjhVBUZwvLZDMP,Before You Go,Lewis Capaldi,4
84,3qrEG6rQ9Qm72MNWeUKKiU,Wham Bam Shang-A-Lang,Silver,4
84,0wokCRaKD0zPNhMRXAgVsr,Ordinary World,Duran Duran,4
84,4v5kAh2wWyCSuKuhMJK8u6,Long Way 2 Go,Cassie,4
84,3RkSwrsIadAvqVtMp5yhaB,XO (Only If You Say Yes),ENHYPEN,4
84,1ju7EsSGvRybSNEsRvc7qY,Simple Man,Lynyrd Skynyrd,4
84,4It00tEYLwpjQtAhqnjCPC,Beez In The Trap,Nicki Minaj,4
84,4S7YHmlWwfwArgd8LfSPud,L$D,A$AP Rocky,2
84,4UHXMDRuuL07rnFEmSgBEG,AURORA,Mora,4
84,0jXRQSoOA01VTmrVIDbhtm,Shh,Frou Frou,3
84,1iSqfoUFnQwV0QW1EfUit8,Suicidal,YNW Melly,4
84,0sci7ppTZFm4mjcH3nu8yO,nasty,Ariana Grande,3
84,5dptcPc81FCiyCPsNvl0qu,GIRL HELL 1999,femtanyl,4
84,5mHdCZtVyb4DcJw8799hZp,Escapism.,RAYE,3
84,0GegHVxeozw3rdjte45Bfx,White Winter Hymnal,Fleet Foxes,3
84,4G1qRhOk1YY0kewtMaCrMC,Rain,SWV,3
84,4sNwdacKyi2S26WrRtNama,Oh No!,MARINA,4
84,5pZupzhQ1KAq8sFtFxS3nG,Becky,Plies,4
84,2DNXgvkyv35vTWvdgjs7qn,Someone New,Hozier,3
84,2ExpCKBxiHbgzepERl1t4D,Cuando Pase el Temblor,Soda Stereo,4
84,4BdGO1CaObRD4La9l5Zanz,Sit Next to Me,Foster The People,4
84,5ihS6UUlyQAfmp48eSkxuQ,Landslide,Fleetwood Mac,2
84,5hM5arv9KDbCHS0k9uqwjr,Borderline,Tame Impala,5
84,5O4erNlJ74PIF6kGol1ZrC,Could You Be Loved,Bob Marley & The Wailers,4
84,24LS4lQShWyixJ0ZrJXfJ5,Sweet Nothing (feat. Florence Welch),Calvin Harris,5
84,1FvDJ9KGxcqwv1utyPL3JZ,This Charming Man - 2011 Remaster,The Smiths,4
84,72hSmnleYTiiOo23q8ZJIS,Black Sheep,Metric,4
84,48CZ9AqqrDIGHDdCyGrZ39,Sticker,NCT 127,4
84,55OQnFxrtwV4hSBAbeqId7,Freaks (feat. Travis Barker),Surf Curse,5
84,7H7NyZ3G075GqPx2evsfeb,Chamber Of Reflection,Mac DeMarco,3
84,48NXpYRuvv9izul4oXhqS9,Salió El Sol,Don Omar,4
84,0lZZ8pibk6Zu3M9hTthk1a,Look Who’s Inside Again,Bo Burnham,3
84,786ymAh5BmHoIpvjyrvjXk,Goodbye To A World,Porter Robinson,3
84,7J41dYQolQJEtj3UmKLu5r,U Got It Bad,USHER,3
84,285pBltuF7vW8TeWk8hdRR,Lucid Dreams,Juice WRLD,5
84,260Ub1Yuj4CobdISTOBvM9,Wet Dream,Wet Leg,4
84,4hrxPxnI4hCZdUusjcGaXh,Clouds,Pastel Ghost,4
84,6TcxxINfeaBEQ35sHMldTD,Dreams Tonite,Alvvays,4
84,27qC3KK5wjQzyNenY53fep,F1,Hans Zimmer,3
84,2y4lAQpi5VTNLu2ldeTdUH,We Can't Stop,Miley Cyrus,5
84,5lAnYvAIkSDNXqfo7DyFUm,Ain't Shit,Doja Cat,4
84,5v4OkFH0TJ6W1hCFxyn0px,parents,YUNGBLUD,5
84,4qM461TqtpnP4GLRIXwEnW,Sussudio - 2016 Remaster,Phil Collins,4
84,5QDLhrAOJJdNAmCTJ8xMyW,Dynamite,BTS,5
84,1gSDTZHemEViEBiXysrlo0,Can I Kick It?,A Tribe Called Quest,4
84,2aDk1KkyB7ieSwwEDXCHJg,The Mind Electric,Miracle Musical,3
84,4hm33jVolpa22nzhlY72jD,Intermission,Strawberry Guy,3
84,2IOeOJyiuzwF8BRAK9jJyj,The Logical Song,Supertramp,3
84,5c0LlTO3yRYMkElrZCByjy,Sleep Well,CG5,4
84,6Uaz9GciXay8d3ZMHoP23L,Everything but Love,Devi McCallion,3
84,5NO5HPCDG8Y0ErpAISWQOJ,PUSH UR T3MPRR,femtanyl,5
84,6RKGBcDtgzXx21zUjpeu6F,Cold Cold Man,Saint Motel,4
84,5R2rsbwCDXORX2tLfprRmM,Yacht Club (feat. Juice WRLD),Lil Yachty,4
84,3yOlyBJuViE2YSGn3nVE1K,My Oh My (feat. DaBaby),Camila Cabello,4
84,3zKQ3E91zCAS2mqfKwAuNl,Bad Girls - Verdine Version,Solange,4
84,1OKkG3vxEuBBwLw1gCqdNW,Dsco,Sweet Trip,5
84,0sjxRg1VlYfx4YG7uxurrq,I Put A Spell On You,Nina Simone,3
84,6QewNVIDKdSl8Y3ycuHIei,Even Flow,Pearl Jam,4
84,29gsi1zZrZxdStACmTQB0Z,Studio,ScHoolboy Q,5
84,7lhkOb0VNnTlshwifCEoSr,Molasses (feat. RZA),Earl Sweatshirt,4
84,4BIWl6xOUupdv3jpWtPSDC,Fully Alive,Flyleaf,5
84,04a44cx2PJthIbN2aLMXhl,TIT FOR TAT,Tate McRae,5
84,3kPNkracUxYvwpzkdpHMQQ,Dior (feat. Chrystal),MK,4
84,4PYTMO1VMWLPVvGUtqkUwv,Higher,Taio Cruz,5
84,6qJjgYxhZ3gBTm4TI8t41e,"FISH N STEAK (WHAT IT IS) (feat. Tyler, The Creator & Jozzy)",A$AP Rocky,5
84,0T7aTl1t15HKHfwep4nANV,Disco Man,Remi Wolf,4
84,3EXrtClWmgsM7dw75Mw2M1,When You're Gone,The Cranberries,4
84,5ry2OE6R2zPQFDO85XkgRb,Money In The Grave (Drake ft. Rick Ross),Drake,5
84,1mh9eHVRdNhzryG43PXdW1,MUTT,Leon Thomas,3
84,5iALdwbhnUHa8zGStA3h1J,Parachute,Hayley Williams,4
84,6TT7B4MigCJCc0tqKYEpZC,Moves,Suki Waterhouse,4
84,2RnB5R79oLcE8lCQbiaUZf,Art of War,Avenoir,4
84,3FI0iAAAjmR31xpZEwbdys,Circle With Me,Spiritbox,5
84,50xeLNGKmskmYUSINhqvfa,Clumsy,Fergie,4
84,4wDgL9CFL7ee8Z7gwQCXJW,At Home,Slow Pulp,4
84,68UrZQUuO3O6eUiD226xHg,The Chase,Hearts2Hearts,4
85,73CMRj62VK8nUS4ezD2wvi,Set Fire to the Rain,Adele,2
85,1lJOLxDS8kS2rihrqezMcv,Century,EsDeeKid,5
85,3rJDsZjIaCfJQSqRUvl0BM,Funeral,Phoebe Bridgers,3
85,3bwIZ1JeL6Atyk9seFX0RY,딸기게임 (Strawberry Cheesegame),KiiiKiii,4
85,0VhgEqMTNZwYL1ARDLLNCX,Can I Be Him,James Arthur,4
85,33ZOUzkmTrwfA1TsW6421d,Honey,Disco Lines,5
85,7shVwhUdVbHpykOfbzvDc1,A Case of You,Joni Mitchell,4
85,7jRoWfRlLnGYEIEn4t4kbq,London Bridge,Fergie,4
85,2RlgNHKcydI9sayD2Df2xp,Mr. Blue Sky,Electric Light Orchestra,3
85,27ze5t5tIDPlVits0KRbxT,El Perdedor,Aventura,4
85,65vdMBskhx3akkG9vQlSH1,And I Love Her - Remastered 2009,The Beatles,3
85,2QBo8irBcANeFrD7TQq06g,More Painting,Nine Vicious,5
85,1H5N26VqHR4JhuaRKY2I0u,Heaven Knows I'm Miserable Now - 2011 Remaster,The Smiths,4
85,05RgAMGypEvqhNs5hPCbMS,Panama - 2015 Remaster,Van Halen,4
85,6Ac8Byr6GByGr3wDH7JjYh,white tee,Lil Peep,4
85,6yA2GnuThv4oDuEimu4Rmg,MAYBE.,SIENNA SPIRO,3
85,0QCuMBeqdWkwFUTO1WlAjH,Seaside,The Kooks,3
85,1EJIcDYXwSqipW5dFe4uJz,EVERY CHANCE I GET (feat. Lil Baby & Lil Durk),DJ Khaled,4
85,3rmqiQbzPDx7A8p88IRFKg,Love U Like That,Lauv,4
85,1uKjQoh8JZj9ryuYRhpd7E,Ahora Te Puedes Marchar,Luis Miguel,4
85,0hCB0YR03f6AmQaHbwWDe8,Whole Lotta Love - 1990 Remaster,Led Zeppelin,3
85,7d6yK8v8J484SWH5prIQiE,VeLDÁ,Bad Bunny,4
85,6AioOohg4bQZFA4jIYQQ2r,Forty Six & 2,TOOL,3
85,4yNk9iz9WVJikRFle3XEvn,golden hour,JVKE,4
85,78bsqObGFUD5ntweePBhIY,Van Horn,Saint Motel,4
85,4w3R0GZ2rScJMKlgPJzHRq,Sonne,Rammstein,4
85,2nLE60ZgtLxNyCrVxVzBfY,Soul,Xavier Wulf,4
85,0yp3TvJNlG50Q4tAHWNCRm,Enjoy the Silence,Depeche Mode,4
85,55mJleti2WfWEFNFcBduhc,Schism,TOOL,4
85,3DK6m7It6Pw857FcQftMds,Runaway,Kanye West,4
85,6sREV6MpLHTqcOmBK5mvYF,Face to the Floor,Chevelle,5
85,1aJnGme5ZRltYTp8FJ52eZ,Together Again,Janet Jackson,3
85,0AtP8EkGPn6SwxKDaUuXec,Remember The Name (feat. Eminem & 50 Cent),Ed Sheeran,4
85,6BVBkKpZK09NmifUMZqj1z,Every Other Freckle,alt-J,4
85,4v2rkl1mC3zVAz0nXMx9r4,Heart Of Glass,Blondie,4
85,3kZAm2TC74lBJFPDoV40Qc,Psycho Pass,Xavier Wulf,5
85,6fybp4N6eW3bsFAvARxyVe,Ain't Talkin' 'Bout Love - 2015 Remaster,Van Halen,4
85,0Dk9lP1YnOqssHH0oCeq9u,I <3 My Choppa,Tay-K,5
85,0Y7OHGiInTNR45Tqr0v1CY,The Girl in Red - Live Mix / Remastered 2025,Daddy DJ,4
85,2qOm7ukLyHUXWyR4ZWLwxA,It Was A Good Day,Ice Cube,3
85,0NaUT74rJ0NHS62fewzatU,I LOVE YOU HOE (w/ 9lives),Odetari,5
85,60TThBDrPpek5k520l0W0L,Black Sheep - Brie Larson Vocal Version,Metric,4
85,1fQaoh3imrMunWVZh5kf90,Shepherd of Fire,Avenged Sevenfold,4
85,4dneV7C1yDt9UtyxrQY375,Boys Don't Cry - Single Version,The Cure,3
85,2kHNRJGSuHz8Z3bUWl7Mo6,Blue Oyster Cult (Live),Shonen Knife,3
85,4T6FWA703h6H7zk1FoSARw,New Light,John Mayer,4
85,6ZiEWet0uFRwWBCEKCQ8rY,逆夢,King Gnu,4
85,24rDDbSlFY9OHrlJb48CRh,404 (New Era),KiiiKiii,5
85,2MitriRScA3ZKpVd1lXAbm,Numa Ilha,Marina Sena,3
85,4yXKLDrHYrffSVmQOFdbDA,Scott Pilgrim vs. My GPA,Mom Jeans.,2
85,0l0vcZMU7AOeQmUIREoI2U,Qué Pasaría...,Rauw Alejandro,4
85,3AoEQRuFf8zVXWqSLo2UOi,CRAZY,LE SSERAFIM,5
85,6pidilGWd5NuREht6PQkMj,The Dogs of War,Bassvictim,3
85,3VqSRkq3jRpsSEBngUcY6a,Cupid,FIFTY FIFTY,3
85,2LXISHBkx8FyoxCBkckh19,Do It Again,Steely Dan,4
85,5lCk0ZeN8h76QxNqHEGMZJ,Vamo a Bailotear,Cris MJ,3
85,0E4bYC2Gwi65NCM87iZ403,Sleeping in,The Radio Dept.,3
85,0J6e7MAEnnu55ZRDa7Vmis,Balú,Lima Lúcuma,3
85,2uuJs2nltcYFh9pkKP7bW4,Show Me,Joey Bada$$,4
85,2mv1gGdqFpNNMJn93ZBpvQ,When You Sleep,Banjo Two Zero,3
85,7FdS8jLabsc3ym9VY8kGjK,Art of War,Avenoir,4
85,0JmnkIqdlnUzPaf8sqBRs3,Moonlight,Kali Uchis,4
85,26QJuQfM8PVAWkIm1JRyqq,ss,Ken Carson,5
85,609E1JCInJncactoMmkDon,BESO,ROSALÍA,4
86,7ihVeKd4RjiZ3y12nDhPZO,Sunshine Baby,The Japanese House,4
86,0qSnORtqjEXLFKKKSy9WMc,Beanie - Slowed,Chezile,3
86,3bzay4OfqLDujCzt2SnYQe,Early Uptempo Mash,Dimitri K,5
86,63pLfjK6FvcYJYMGwtHjd6,SORRY 4 THAT MUCH,Feid,5
86,1noFyrFs89ASUPka2azbD9,Let's Go 5,Mc IG,4
86,18oWEPapjNt32E6sCM6VLb,Heads Will Roll,Yeah Yeah Yeahs,4
86,3WMbD1OyfKuwWDWMNbPQ4g,Daddy Cool,Boney M.,4
86,5CscrLqFBgPfZR8fGtikov,making the bed,Olivia Rodrigo,3
86,7gHs73wELdeycvS48JfIos,Faded,Alan Walker,5
86,46eHxWRKmtYhUHPDRgclt6,Careless Whisper,Seether,5
86,2WD9ggmpZE7Wodh3qVVCgg,De Música Ligera,Soda Stereo,4
86,3vh8Ezgb0iwZTTOO8sJo1Y,Still,You'll Never Get to Heaven,2
86,7BB1bFKQ7sgBZ62dAsprfN,red love,"Dream, Ivory",3
86,5DJ0y9uatNMVRCqLtFxGPR,Rubber Band Man (with Hozier),Mumford & Sons,5
86,5XhMgAWzou6EjDmQtoyoZE,I Love You,Fontaines D.C.,4
86,6Ijmj8Z0L31hCp5pLZnT5U,Numb,Men I Trust,3
86,4AniPkv5vgdE1n6VKreiyI,Big Girls Don't Cry (Personal),Fergie,5
86,29LsI5izZL8txZEJhegSBs,Ptolemaea,Ethel Cain,4
86,47oS7xB31QQUyPCgHpM3VZ,Canned Heat,Jamiroquai,4
86,74jYpz3ZVG1ThkBtsoUwG1,Rings,Pinegrove,3
86,5nkUIVKqOqdpB6ApKgEMkv,Stay Ready (What A Life),Jhené Aiko,3
86,0HNYsGGjrvPQsaXR6sFnVB,Quickest Routes,Shoreline Mafia,3
86,27tX58NOpv1YKQ0abW7EPy,Hurt,Nine Inch Nails,3
86,2lTm559tuIvatlT1u0JYG2,BAILE INoLVIDABLE,Bad Bunny,3
86,3ZtATjifj77MvRJbJQYJIt,Kick It,NCT 127,5
86,7IVukH71OXfAu3KudrrizN,Japanese Denim,Daniel Caesar,3
86,4UQDZlZhGUDoYMohwrY28v,Virtual Insanity - Remastered 2006,Jamiroquai,4
86,0J119Oas2ox6JTTHUGZxHN,Give You the World,Steve Lacy,3
86,4qTGOuXmoR7fk7dApMlQjG,Get in the Water,Jorge Rivera-Herrans,4
86,2uP6t2J5MEwhr9rDkAAzwh,Get You (feat. Kali Uchis),Daniel Caesar,3
86,1musbempyJAw5gfSKZHXP9,Anxiety,Doechii,4
86,4l7YIni9bAiGwWMqK5wvgV,You Learn - 2015 Remaster,Alanis Morissette,4
86,26qQf1Wmyy3ZZkagqCu5kp,Lemonade,Tay-K,4
86,5ezyZbZOfU7mfM20hZqOVH,"i don't know anyone, i am",salvia palth,3
86,7p4QiDvvgQLmvqKQUNFUsN,Neon Kitchen,Devon Hendryx,4
86,1F3pzdYyCJlnQoCM9gFzaU,Dimensions,Arcade Fire,1
86,7snQQk1zcKl8gZ92AnueZW,Sweet Child O' Mine,Guns N' Roses,3
86,4Gd6yYZtA0U0fQbphXZGWI,Viol,Gesaffelstein,4
86,1Dr1fXbc2IxaK1Mu8P8Khz,When I Come Around,Green Day,4
86,4sIFi8LpJWPvI5xviWFyA6,D>E>A>T>H>M>E>T>A>L,Panchiko,3
86,6NK9sI0Lnsiwn6I0MbWWxn,Take On Me - 2017 Acoustic,a-ha,2
86,3BQAK2pnTpfZvLg2MUUU5i,Samurai (feat. Stevie Wonder),Djavan,4
86,1QDgcVfZKIf2SKBjQzzTLs,Creatures in Heaven,Glass Animals,4
86,39C5FuZ8C8M0QI8CrMsPkR,Foreplay / Long Time,Boston,3
86,02VdHwnGhy5fTW2CTZkYsb,Helplessness Blues,Fleet Foxes,3
86,0nbXyq5TXYPCO7pr3N8S4I,The Box,Roddy Ricch,4
86,1LepWHpwtahzEQL0vNjpEt,Just The Way You Are,Milky,5
86,3dPtXHP0oXQ4HCWHsOA9js,夜に駆ける,YOASOBI,4
86,32OlwWuMpZ6b0aN2RZOeMS,Uptown Funk (feat. Bruno Mars),Mark Ronson,4
86,5Zl2RWTjTQlIvDKVVtNoX6,Want You,Clara La San,4
86,4X2YuFX8I7FEVrXmV2w674,"Keep On Chooglin' - Remastered / Live At The Oakland Coliseum, Oakland, CA / January 31, 1970",Creedence Clearwater Revival,4
86,1XleasuIaliwmvxQ2EUhtq,Neon Kitchen,Devon Hendryx,3
86,37adYGaYaAWTGhBaOzX4Fh,Take A Slice,Glass Animals,3
86,6EMynpZ10GVcwVqiLZj6Ye,Champagne Supernova,Oasis,3
86,65OVbaJR5O1RmwOQx0875b,Wants and Needs (feat. Lil Baby),Drake,4
86,5u6y4u5EgDv0peILf60H5t,Oye Como Va,Santana,4
86,5h0M2GbBfvOj8GdG7sIDQT,Human,Sevdaliza,3
86,2GrxfHUO9YAAY8HFOVtb9N,I'll See You When We're Both Not So Emotional,American Football,4
86,4iEOVEULZRvmzYSZY2ViKN,Left Hand Free,alt-J,4
86,2mNGL7mZILSqZHxGboJaO9,COMË N GO,Yeat,4
86,6i18oi8cbvlv9Y2QVBSzkB,Frou-frou Foxes in Midsummer Fires,Cocteau Twins,4
86,54cndId4zaTpxiheavHpVR,TABLOID TALK (feat. underscores),Aries,4
87,0Gji3Cm4mRFYvXXtX82klr,Crumble,Lord's Child,3
87,7vQ8hT2jlA6RhxI4ZxISVd,Kyoto,Yung Lean,4
87,4HmE2Qs4HHAtqc1UBNIMtz,AINT NOTHING,Rich Amiri,5
87,3A02hWQ2ebOFDWSbAMNnpw,bittersweet,Madison Beer,4
87,784VjdNkpXhFV0RHquzsi2,100,Dean Blunt,4
87,14XWXWv5FoCbFzLksawpEe,Riders on the Storm,The Doors,4
87,4s6LhHAV5SEsOV0lC2tjvJ,California Dreamin' - Single Version,The Mamas & The Papas,3
87,37YE3XeaN4nc5cpS1bn3dt,Satanic Anarchy,Kreator,4
87,3Wrjm47oTz2sjIgck11l5e,Beggin',Måneskin,4
87,1hfPEIKHJ0G8Nua3lH0YeG,Ashes,Lazy Habits,4
87,1e1JKLEDKP7hEQzJfNAgPl,Magnolia,Playboi Carti,5
87,03xX7PPVdCNzjlj4K4ftiz,Wok & Minute Maid,Loe Shimmy,4
87,1ia019RqDK2o4QiANR1Dyn,Moment 4 Life,Nicki Minaj,5
87,4E7B45OimTovLiETRzSBly,Smooth Criminal (feat. 2CELLOS) - Cover of Michael Jackson,Glee Cast,4
87,1mKXFLRA179hdOWQBwUk9e,Just Give Me a Reason (feat. Nate Ruess),P!nk,3
87,6gZVQvQZOFpzIy3HblJ20F,Man in the Box,Alice In Chains,4
87,7K71priwuwcWwbgfHVQJdq,Lovesong,The Cure,4
87,516v2eji9NjkmsYc9PErx4,Cha Cha,ZEDDY WILL,4
87,15DLl1r2zi07Ssq5RT1yT0,Wait and Bleed,Slipknot,4
87,7k42ztYdHyKWrKrENxwjkV,Atmosphere - 2020 Digital Remaster,Joy Division,3
87,5pfJsMwoRYKampPay8amX0,"Downtown (feat. Melle Mel, Grandmaster Caz, Kool Moe Dee & Eric Nally)",Macklemore & Ryan Lewis,4
87,2JuasWPUodaUxf5nwNpciQ,Nutshell,Alice In Chains,3
87,1i1fxkWeaMmKEB4T7zqbzK,Don't Let Me Down,The Chainsmokers,4
87,6r639TM0j9JWM4jWJB1cVR,Tweakin' Together,BKTHERULA,4
87,2Yl4OmDby9iitgNWZPwxkd,Be Careful,Cardi B,4
87,7rCrOTI49IE199dlDkGcC5,Ready Set,Joey Valence & Brae,5
87,65X2koe1LhDgQmRkNdJFv9,AIZO,King Gnu,4
87,14gdERIqymApVn9vcsbmZ3,Never Be Like You (feat. Kai),Flume,4
87,2dNKGg5Nn1JNVH1GRd41bp,Just Take My Wallet,Jack Stauber's Micropop,2
87,2A22iI0x4EYAVXNpKPhNEM,weren't for the wind,Ella Langley,4
87,0Z57YWES04xGh3AImDz6Qr,Real Love Baby,Father John Misty,3
87,0zGLlXbHlrAyBN1x6sY0rb,A Sunday Kind Of Love,Etta James,3
87,2CEgGE6aESpnmtfiZwYlbV,Dynamite,Taio Cruz,4
87,5NLuC70kZQv8q34QyQa1DP,Fight For Your Right,Beastie Boys,4
87,5jsw9uXEGuKyJzs0boZ1bT,Stitches,Shawn Mendes,4
87,5Fim1gaXBgsiFfsQAfQSDS,Hasta el Amanecer,Nicky Jam,4
87,0H8jxhMD5p4dOE15REvWak,M.I.A.,Feng,4
87,3UhhRDkHWz7D28BkejHzqI,Razzmatazz,I DONT KNOW HOW BUT THEY FOUND ME,4
87,0LJTfmgOMvlLd0u4HU9twm,Killshot,Magdalena Bay,4
87,7hm4HTk9encxT0LYC0J6oI,Someday,The Strokes,4
87,2uwnP6tZVVmTovzX5ELooy,Power Trip (feat. Miguel),J. Cole,4
87,3kUHIvjJ8p9UzeaeeqHkfg,The Fall-Off is Inevitable,J. Cole,4
87,3WMbD1OyfKuwWDWMNbPQ4g,Daddy Cool,Boney M.,4
87,5jkFvD4UJrmdoezzT1FRoP,Rasputin,Boney M.,4
88,2S2od3hT7ceytw7d1pTRuE,Again (feat. XXXTENTACION),Noah Cyrus,4
88,0qrst0xZAZ0NtMtuUcEq0f,Wild One,Faith Hill,4
88,4eLn7z31zqzEdlKSgesohf,Good People,Jack Johnson,4
88,4IKG0oDjlYYJKSGhPxaoSd,How to Pretend,Lucy Bedroque,4
88,39C5FuZ8C8M0QI8CrMsPkR,Foreplay / Long Time,Boston,4
88,6RJdYpFQwLyNfDc5FbjkgV,Stricken,Disturbed,5
88,7Cd17G3oNQ34OWUwS8ZxfR,Lemon,Kenshi Yonezu,4
88,0lYBSQXN6rCTvUZvg9S0lU,Let Me Love You,DJ Snake,4
88,7jRoWfRlLnGYEIEn4t4kbq,London Bridge,Fergie,4
88,548FKDwnyPFkfWmtoK6ETA,Like a Cat,AOA,5
88,2pX4FpOgwItRVPPUFdRcxA,Smooth (feat. Rob Thomas),Santana,4
88,5cZqsjVs6MevCnAkasbEOX,Break Stuff,Limp Bizkit,4
88,7eZXAeqqdLDrAp2MvrPzWn,stranger,Jhené Aiko,3
88,26fZwf1ImE4aUJ4XaqOkUg,No One Like You,Scorpions,4
88,4Hff1IjRbLGeLgFgxvHflk,DARE (feat. Shaun Ryder & Roses Gabor),Gorillaz,4
88,76hfruVvmfQbw0eYn1nmeC,Cake By The Ocean,DNCE,5
88,2OZVUfl8K0Ijw32bUf1fG4,What Do You Want from Me Tonight?,Sidney Gish,4
88,5hTpBe8h35rJ67eAWHQsJx,Caroline,Aminé,4
88,59XtMLzHLsadRY3CzKwL8S,Die With Regret,Glokk40Spaz,5
88,66TRwr5uJwPt15mfFkzhbi,Crank That (Soulja Boy),Soulja Boy,5
88,13q9jx4F8R2SEhIMGiZiV5,All About Us,t.A.T.u.,5
88,0GnydTKmczMoKOEl1D4URI,LOVE COUNTDOWN (Feat. Wonstein),NAYEON,5
88,6gBjUipB0ZxHd1BvwdJTDQ,People Watching,Sam Fender,3
88,0xaQ86cGRgcF8wwP1SkXsb,So Be It,Clipse,5
88,2G2YzndIA6jeWFPBXhUjh5,Be My Baby,The Ronettes,4
88,1Vl4ESWb6U7gKSPfK4qenq,That Girl,Pharrell Williams,4
88,4wG82w1L31yQhgGiWt6gIb,Stubborn Love,The Lumineers,2
88,409z4jUHpq7eIkg3N3FzZh,Windowlicker,Aphex Twin,5
88,7ciLq0Cip0yxiz6KANrOUq,Toothbrush,DNCE,4
88,1KiAtMAGayStCuLCH6EJAw,Hello?,Clairo,3
88,2GWCZJWundoYi5IloWIgTX,eyes don't lie,Isabel LaRosa,4
88,5UWwZ5lm5PKu6eKsHAGxOk,Everlong,Foo Fighters,4
88,1iEwyiSLAunPR6uouANE0O,El Perdedor,Maluma,4
88,1XrSjpNe49IiygZfzb74pk,What Once Was,Her's,3
88,0NUqi0ps17YpLUC3kgsZq0,DIE TRYING,PARTYNEXTDOOR,4
88,2QjOHCTQ1Jl3zawyYOpxh6,Sweater Weather,The Neighbourhood,4
88,7xVLFuuYdAvcTfcP3IG3dS,"Work REMIX (feat. A$AP Rocky, French Montana, Trinidad James & ScHoolboy Q)",A$AP Ferg,5
88,6rUcS9i07F6okIe8wujs5J,Lemonade,Gucci Mane,4
88,73SBAGI4fPFm4VkB3NjXq8,I Want You To Love Me,Fiona Apple,3
88,3c9kVsKF68xMzlS0NikVn3,Masterpiece,Motionless In White,4
88,1H5N26VqHR4JhuaRKY2I0u,Heaven Knows I'm Miserable Now - 2011 Remaster,The Smiths,4
88,3DzlR0kXE6shimFVhSwI4A,Trouble on My Mind,Pusha T,5
88,2EqlS6tkEnglzr7tkKAAYD,Come Together - Remastered 2009,The Beatles,3
88,65krtHkaYLPr0mEbjL61UP,Kiss of Life,Sade,3
88,0bhBtXHQX3u6dSAPF59qGx,Flume,Bon Iver,2
88,5uvosCdMlFdTXhoazkTI5R,Light My Fire,The Doors,3
88,1BIXs6CdkPRLytuqoXs6XN,4K,El Alfa,4
88,6EsH66Uto1zwZlDGQ6RokU,Forbidden Voices,Martin Garrix,4
88,442lxJfyUbsOWAYFBxNDdL,OK,Joey Valence & Brae,4
88,0ikz6tENMONtK6qGkOrU3c,Wake Me Up Before You Go-Go,Wham!,3
88,2KufM8PiQY4i52XhRL96Fd,Champagne Coast,Blood Orange,4
88,06XQvnJb53SUYmlWIhUXUi,怪物,YOASOBI,4
88,336ZYcU6poBWi3s8yzRcAD,I Follow Rivers,Lykke Li,3
88,0LH7ijaQi0ybY6Oe4SCLo1,Watering My Plants,Larry June,4
88,0R8bei2Q3U688hu4XEwMq3,Ride,Sir Mix-A-Lot,4
88,5zb7npjQqoJ7Kcpq4yD9qn,You Want It Darker,Leonard Cohen,2
88,3L7pZZGkBEgBj5gH2XkT8l,Weirdo Hoes,Lil Durk,5
88,50xeLNGKmskmYUSINhqvfa,Clumsy,Fergie,4
88,4xdHI4eFNst0vTZuuKrWjr,Black Hole Sun,Soundgarden,4
88,1eyzqe2QqGZUmfcPZtrIyt,Midnight City,M83,4
88,4VDT0bb5RpkfoUoiVjGlrR,High On Heaven,Nessa Barrett,5
88,2sPva3d85R7yKf60y7QZpD,La La La,LMFAO,4
88,5TuTHrKzN6NweeQaKkBNb7,Relax,Vacations,4
88,49nmsafpkJp2lDj9b4jkxh,The Mighty Fall,Fall Out Boy,4
88,1e7TsfmbYYphW3vht9ozzi,g19.,LNGSHOT,5
88,0U1nO2frLx8w2dIsfvlP1d,Hell At Night (feat. Ella Langley),BigXthaPlug,4
88,1MoA0TNVdveasxnR6c2JqZ,Jackie Down The Line,Fontaines D.C.,4
89,7KBwU1bouDcULSjHjpdoFb,She's Like A Star,Taio Cruz,4
89,41Fflg7qHiVOD6dEPvsCzO,Worth It (feat. Kid Ink),Fifth Harmony,5
89,5kXeXtMN1uqNXYoqJllQJU,Back 2 Da Basics,Summrs,3
89,0Ui05Ov0s4PnRc4JI3Pilg,My Favourite Game,The Cardigans,4
89,3TCauNPqFiniaYHBvEVoHG,Beautiful,Christina Aguilera,3
89,54cWVWqgyFukgDKQYmaKM3,Stupify,Disturbed,5
89,451GvHwY99NKV4zdKPRWmv,Banana Pancakes,Jack Johnson,4
89,4FNFhDMEj39Tf6is8RvZ4A,I Like Ur Look,Kim Petras,5
89,3KANrKOFYyAxfjQJHkgBdb,Smile Like You Mean It,The Killers,5
89,3gK5ckT0cq3t5enyqzzRgV,GALOPA,PEDRO SAMPAIO,5
89,6nRvgo4ySezQKD1D7NIqAu,I Will Always Love You,Dolly Parton,3
89,0WSa1sucoNRcEeULlZVQXj,Can You Feel My Heart,Bring Me The Horizon,4
89,463r5bsN1VqGXtaMctn4Rr,It's Been So Long,The Living Tombstone,4
89,46odPfzMypgxCBMUPmdKxr,Afraid Of The Dark,Motionless In White,4
89,006pMMCuRo2TFjh8sNGSov,"Dias De Luta, Dias De Gloria",Charlie Brown Jr.,4
89,2hKdd3qO7cWr2Jo0Bcs0MA,Drops of Jupiter (Tell Me),Train,3
89,1lbNgoJ5iMrMluCyhI4OQP,Victory Lap,Fred again..,4
89,2fZ00UKwotKWzHPGdNtdK9,No. 9,YoungBoy Never Broke Again,4
89,5xT8JXJSyHYNfC11OFqzFL,Is It Any Wonder?,Keane,4
89,29ZXwWOOLz9t5fa3eT3i7T,223's (feat. 9lokknine),YNW Melly,4
89,2Ijitr9PXxd3iSwrnK3eAE,One Minute More,Capital Cities,5
89,36RGU7buus2UUtrPZ78hkR,Cherry,Rina Sawayama,4
89,3vO2BbrhKNV2PDl276BUIZ,Cotton Fields,Creedence Clearwater Revival,3
89,4JG8MhCVmEM458N4Xl7VMT,Ghost,Machine Girl,5
89,0rVd7bTGtrQUW34xSLzozd,Intergalactic,Beastie Boys,4
89,39cmB3ZoTOLwOTq7tMNqKa,Hear Me Now,Alok,3
89,0i4qKfuKJ3juUsEwnJAxk3,"Ready, Steady, Go!",Harry Styles,4
89,6puhdS8hZGcy38lvnixSm7,hysteric,jaydes,2
89,3mFzIFFFmEXTQs6BDAK2ZZ,Dance Me to the End of Love,Leonard Cohen,3
89,5Fhr3wqeieN5WDkAsqL1JJ,MONA LISA,j-hope,4
89,0Z57YWES04xGh3AImDz6Qr,Real Love Baby,Father John Misty,4
89,2GYHyAoLWpkxLVa4oYTVko,Alors on danse - Radio Edit,Stromae,3
89,2lwwrWVKdf3LR9lbbhnr6R,Float On,Modest Mouse,4
89,2RTLIQRc8yogHh08waQDVa,I Know It's Over,Jeff Buckley,3
89,5OQsiBsky2k2kDKy2bX2eT,Learn to Fly,Foo Fighters,5
89,7qqixxBvZIGSep53Eh2o0b,Gauchinha,DJ Japa NK,3
89,4HW5kSQ8M2IQWZhSxERvla,Spice Girl,Aminé,4
89,3RXUgPNIbUgFxsDWuBQEt6,How It’s Done,HUNTR/X,5
89,3M8FzayQWtkvOhqMn2V4T2,Lean on Me,Bill Withers,2
89,3VJ5aGbRkytOVhaySAQeIY,Slow - Lost Tapes 2021,Tory Lanez,3
89,1Sgj10byiGzPpI2IrXSFEn,Protect Ya Neck,Wu-Tang Clan,3
89,4q2lRiodoQnyFO65watkse,True,Spandau Ballet,3
89,6C2nVSSeXNqfoY8t6tliZ4,jeans,2hollis,4
89,3VW6HJYa5l0uzGcCRA222P,Ca$ino,Baby Keem,5
89,0qSnORtqjEXLFKKKSy9WMc,Beanie - Slowed,Chezile,3
89,6AXf9n3qazR1bE1dngnqxi,LET 'EM KNOW,T.I.,5
89,4Do3s3aivnqbUAvUEDEsAG,We'll Never Have Sex,Leith Ross,2
89,4jiwz2tQZo21Z4NQwz4zUt,southbound,Artemas,5
89,4jLv3tDBu8ww2R07DvL12s,Man On The Moon,R.E.M.,4
89,72gv4zhNvRVdQA0eOenCal,Symphony (feat. Zara Larsson),Clean Bandit,3
89,608a1wIsSd5KzMEqm1O7w3,I'm On One,DJ Khaled,4
89,3BjED4iKi83IGmDKTCdJzV,Rubi,Aldeia Records,3
89,6t7WriKgVszATnrdBKSUAf,Just One Day,BTS,4
89,2bl81llf715VEEbAx03yvB,Close To You,Gracie Abrams,4
89,1RM4jcne1iJXnxX1vuGJC0,Entry Four,Jaydes Archive,2
89,0k9JIBszlCqCa4SpXI353F,BIRDS,Turnstile,5
89,2Tc9VznHtQUmfOgE3L1RdN,If You Can't Hang,Sleeping With Sirens,4
89,11iIikXxC6NP0Ma8vMD27x,Alien Blues,Vundabar,4
89,7iQXYTyuG13aoeHxGG28Nh,PERRO NEGRO,Bad Bunny,3
89,5aaE27JUylnG7aPtGJPrrC,DICE,NMIXX,4
89,2JzZzZUQj3Qff7wapcbKjc,See You Again (feat. Charlie Puth),Wiz Khalifa,4
89,63LVYnGJmWjNnmHiOVsGhe,Iron Maiden,Ghostface Killah,3
90,3HHTqTM0Bgjs6ABUOwA5Ju,wonder wander,Bella Kay,3
90,0I3MkBTrKeKulwuSSLEJGN,Basement Freestyle,Travis Scott,5
90,11VwZwNF29HrqwalYUMitb,Pale Blue Eyes,The Velvet Underground,2
90,4KEqjpCCm7gONQN3pKCXY7,SET JAPA NK 2.0 BEAT CAPIXABA - DJ VINICIUS ZUKA Remix,vinicius zuka,4
90,7ub14NqqyR1MDUTXyFBTzO,Immaterial,SOPHIE,4
90,56hYeuutlZO5Pkm99FzLCW,Get Free,Major Lazer,4
90,34dkZZNQJzEJRqPkywYmEY,A Quick One Before the Eternal Worm Devours Connecticut,Have A Nice Life,2
90,5mvKuE9Lf9ARVXVXA32kK9,Price Tag,Jessie J,4
90,3da3ufjRxK1Kn5oqM0wmx4,Yoshi City,Yung Lean,4
90,263aNAQCeFSWipk896byo6,Friday I'm in Love,The Cure,4
90,2HvuyQEnKR82zwfIuCBaWH,Caso Sério,Rita Lee,3
90,7b2caacNgQW74qGvNyVQo1,I Love You,Fontaines D.C.,4
90,04mAOoQNsXmDJlyupJwmkO,Waiting Room,Phoebe Bridgers,3
90,1wuB9MID26ep43OlkOtBXd,Que Pena (Ele Já Não Gosta Mais De Mim),Gal Costa,3
90,3DmW6y7wTEYHJZlLo1r6XJ,Shower,Becky G,3
90,7ncPjJBktLEOpstY5JOUMK,一途,King Gnu,4
90,5B5eTk7DF8KVp1zpQoY1XY,The Reason,Hoobastank,5
90,166u1Cs46FmXoOaTGxh8aB,Out Of Control,Hoobastank,4
90,4E2j6b0NrYXnlypn9sMiOu,Feel Good,Clara La San,3
90,0x2C3lTa6qfceRMAUuFHQU,Amor E Sexo,Rita Lee,4
90,3W2ZcrRsInZbjWylOi6KhZ,You & Me - Flume Remix,Disclosure,4
90,4bjN59DRXFRxBE1g5ne6B1,Haegeum,Agust D,5
90,3SeDS5sSoWnwAZvVgkdKzf,Better in the Dark,Jordana,3
90,0pUVeEgZuNyFzIMKp67RbS,Eyes Without A Face,Billy Idol,4
90,3NRDLYyqIXja0UElvdzjkB,Language,Porter Robinson,5
90,0b18g3G5spr4ZCkz7Y6Q0Q,Rasputin,Majestic,4
90,7eWGnKg4B44sbBPpQp4y2c,Dragonball Durag,Thundercat,3
90,65H6t1WQBim6q93yM8fEwn,Obsesion,Aventura,5
90,5D2mYZuzcgjpchVY1pmTPh,Candy Shop,50 Cent,3
90,7AeM1BGYM7emrqmQn1PuWv,I'm The Problem,Morgan Wallen,3
90,27R1A3WZ5Zv0ywNe0Zunfr,Witches,Alice Phoebe Lou,4
90,1zLP6doW59YcKrcjyP94uq,Shelly,Grace Ives,4
90,3XQY8kDjI8LARMIC9xkxQk,Hard in Da Paint,Waka Flocka Flame,5
90,0fK7ie6XwGxQTIkpFoWkd1,like JENNIE,JENNIE,5
90,6xmtjVIcjMRdgdB1sywkjb,Trutas e Quebradas,Racionais MC's,3
90,3USxtqRwSYz57Ewm6wWRMp,Heat Waves,Glass Animals,4
90,7M2tXmeS15NAzEn7ABFeBg,Homicide (feat. Eminem),Logic,5
90,1wsRitfRRtWyEapl0q22o8,Guerrilla Radio,Rage Against The Machine,4
90,56Yxkm62GtEpnPyG7TvwLY,LOCO,ITZY,5
90,5UGAXwbA17bUC0K9uquGY2,Antarctica,$uicideboy$,2
90,6BGNjTZ8zp9MlsIydBa7A9,For Lovers,Lamp,2
90,0Hf4aIJpsN4Os2f0y0VqWl,Feel This Moment (feat. Christina Aguilera),Pitbull,4
90,56KqaFSGTb7ifpt16t5Y1N,Rock the Casbah - Remastered,The Clash,4
90,6utUO9goGEtilKe2tmfNJH,NANi,Saweetie,5
90,4oPLjuY1WgGTL0Ja1doDOn,Magic Johnson,ian,5
90,0z1o5L7HJx562xZSATcIpY,Exit Music (For A Film),Radiohead,2
90,3yx6eryOZgO54bt3B671cn,Work,Iggy Azalea,4
90,5sE9XpE2ukIwC2sYhIvUrs,Made Sum Plans,OsamaSon,4
90,2Lb9ww5vZAnveWnrFQfAKR,New Religion,Bebe Rexha,4
91,0CVbCtcdXAIw00YBXXbneu,Delete,Ninajirachi,5
91,5lF0pHbsJ0QqyIrLweHJPW,Burn,Ellie Goulding,5
91,2dLLR6qlu5UJ5gk0dKz0h3,Royals,Lorde,5
91,4tGbZjNFJLPTtw5CAwRjUP,soulless,sosocamo,5
91,6CXjEbFafOA0XHB2pM5APZ,Roar of the Jungle Dragon,DM DOKURO,5
91,1csPfS6y1zVsZx7SbXJDXJ,Shed,Title Fight,5
91,59WN2psjkt1tyaxjspN8fp,Killing In The Name,Rage Against The Machine,5
91,2xsTsnA5QOFCnFXdEHGkli,STAY HERE 4 LIFE (feat. Brent Faiyaz),A$AP Rocky,5
91,4dneV7C1yDt9UtyxrQY375,Boys Don't Cry - Single Version,The Cure,5
91,0ThstNIYwHCqvO6Wslpphq,It's A Dream (feat. Lil Uzi Vert),Snow Strippers,5
91,5SHpuW2qjkQtFRpE6P9Nks,The 30th,Billie Eilish,5
91,0nq6sfr8z1R5KJ4XUk396e,Stay Schemin,Rick Ross,5
91,4TLXwgCmciX8sYIVj1b7Xg,Hartwell,Shelly,5
91,7x5RhTT2bzS6CCQFeNb5HU,What You Need,Tems,5
91,6ATrsVaZT7XjkCynxM8cTS,Turn My Swag On,Soulja Boy,5
91,6VDKp0F4w3L2zijY3eh0uP,party,wifiskeleton,5
91,5ubvP9oKmxLUVq506fgLhk,Stayin Alive,Bee Gees,5
91,4pt5fDVTg5GhEvEtlz9dKk,I WANNA BE YOUR SLAVE,Måneskin,5
91,5lZetUiGojiB4LqK4TxQCK,I Don't Want to Get Over You,The Magnetic Fields,5
91,0x2C3lTa6qfceRMAUuFHQU,Amor E Sexo,Rita Lee,5
91,3K4HG9evC7dg3N0R9cYqk4,One Step Closer,Linkin Park,5
91,3SUusuA9jH1v6PVwtYMbdv,Last Nite,The Strokes,5
91,11ZulcYY4lowvcQm4oe3VJ,Slumber Party (feat. Princess Nokia),Ashnikko,5
91,1foMv2HQwfQ2vntFf9HFeG,Rhinestone Eyes,Gorillaz,5
91,0oF9jpn0n8afMpbHKgRd6J,I Ain't Worried,OneRepublic,5
91,1o82DwNisONAd2mu1RcGE6,Margaret (feat. Bleachers),Lana Del Rey,5
91,5JwK7v6XhG0YgqDuCgzOy8,And She Was,Talking Heads,5
91,4IhKLu7Vk3j2TLmnFPl6To,Water Fountain,Alec Benjamin,5
91,00AAP0UYSQsvVboXEJ3n6h,Voltei Pra Mim,Marina Sena,5
91,0iG9z2JyiDYWpPQQIXZsUd,Oi Linda,NandaTsunami,5
91,1gSDTZHemEViEBiXysrlo0,Can I Kick It?,A Tribe Called Quest,5
91,7aHmvUghK3XCEqNRbUeAn4,This Hell,Rina Sawayama,5
91,6Hmj7SrLRbreLVfVS7mV1S,Wake Up,Arcade Fire,5
91,29dWvg6IYX0bJwdJv9a0GJ,Walk in the park,Feng,5
91,5xEM5hIgJ1jjgcEBfpkt2F,Complicated,Avril Lavigne,5
91,75IQVo8hqI1iwVZyvkN2VT,Show Me How,Men I Trust,5
91,4iVj0UxqLlgrFWNdOnCwFS,Mrs Magic (Strings Version),Strawberry Guy,5
91,1zoXDi9AY4TF5JoUuCCTL6,NEVER ENOUGH,Turnstile,5
91,4sRQg2aoec0VIvQ7GZPGMy,The Boys,Girls' Generation,5
91,7wCWK3AapKQoHZbghyIrP4,Nasty,Tinashe,5
91,4ZUpTMKPYFTfJqamWFU9Zv,IDGAF (with blackbear),BoyWithUke,5
91,3v5TVqzUKg2n8bEmzsfryU,reprise,salvia palth,5
91,418gyIJdAZSZisVdzDXLNc,Wild Horses,The Sundays,5
91,4fJWoaQqGZwp3quw9OpLMe,Pose,Daddy Yankee,5
92,7mpdNiaQvygj2rHoxkzMfa,Bite Me,ENHYPEN,5
92,5td7LYTivVH0MXXwin8QvE,A Little Bit Harder Now,She Wants Revenge,5
92,40riOy7x9W7GXjyGp4pjAv,Hotel California - 2013 Remaster,Eagles,5
92,57nNNkgk768QVXq3uHxu5e,Ways to Go,GROUPLOVE,5
92,0Sca8SubjrmkI4e6ZGxcuO,DArkSide - L.I.V.E. In São Paulo (Live Immersive Virtual Experiment),Bring Me The Horizon,5
92,1A6Kwtsg3JWKU2KWM2udpM,I'm Not In Love,10cc,5
92,7uKcScNXuO3MWw6LowBjW1,"1, 2 Step (feat. Missy Elliott)",Ciara,5
92,7jeOETwLUP84mPQzxlD5nh,Then He Kissed Me,The Crystals,5
92,0DwClY2t9YAWHBROMIgrXb,Ho Hey,The Lumineers,5
92,4Yaw2PmyOETOnEM3TCf98I,Eenie Meenie - Radio Version,Sean Kingston,5
92,0obBFrPYkSoBJbvHfUIhkv,Sexy And I Know It,LMFAO,5
92,6tAug9ksGLZb2z1RfPZJMo,Bem Que Se Quis - Ao Vivo,Marisa Monte,5
92,0n63xAny4NjxRNgKnboEp8,Lucky Again,Lykke Li,5
92,6MAev6g8Vz8UF7QfFlb6JD,White Blank Page,Mumford & Sons,5
92,6w4MlvpuxtbjGdL9YeTx89,Jazzy Belle,Outkast,5
92,1WRzux3cJRM9xRNN99QKgR,M.... She Wrote,Tay-K,5
92,32VIrOsJmwvqRm4rWFBCsi,Shiver,John Summit,5
92,4MHORmGs8oN7AASfGmApcM,Something In The Heavens,Lewis Capaldi,5
92,2gYTC8DsplN3RNdpdBcCOQ,Die On This Hill,SIENNA SPIRO,5
92,53PkA8aXiwH4ppa0V0iO7o,oh baby,LCD Soundsystem,5
92,4EWCNWgDS8707fNSZ1oaA5,Heartless,Kanye West,5
92,2he1FpKyzQpYgScennbAyu,Dead n Gone,Luci4,5
92,0FIDCNYYjNvPVimz5icugS,Timeless (feat Playboi Carti),The Weeknd,5
92,5uCax9HTNlzGybIStD3vDh,Say You Won't Let Go,James Arthur,5
92,7KR9rjIxA9Dwtt20END4NQ,Give Me What I Cry for,Chris Rainbow,5
92,6gBjUipB0ZxHd1BvwdJTDQ,People Watching,Sam Fender,5
92,4pAl7FkDMNBsjykPXo91B3,Needed Me,Rihanna,5
92,48G4rDLisHuVgCKg872Tu5,NASA,ATEEZ,5
92,6GJdFTOm23lC5bqjYSMJTj,Prom Queen,Beach Bunny,5
92,2NaGl56lq71UMzDSI8jmJ3,Away,Vacations,5
92,1mea3bSkSGXuIRvnydlB5b,Viva La Vida,Coldplay,5
92,5IVuqXILoxVWvWEPm82Jxr,Crazy In Love (feat. JAY-Z),Beyoncé,5
92,3iYeXCdD3d0zlex2v0CpVt,Would You Fall in Love with Me Again,Jorge Rivera-Herrans,5
92,61MhXxcy6MUhrDeHCDE7AP,Sleep Well,d4vd,5
92,58AwxWLaRHn2lTqqH9dLkU,The Reason,Hoobastank,5
92,1A40cWbsF9yQskTD8U6Ci5,i can see clearly,Lil Darkie,5
92,3BpiaGyTIb7VIoAYbvSzTH,Réu Confesso,Tim Maia,5
92,3VqSRkq3jRpsSEBngUcY6a,Cupid,FIFTY FIFTY,5
92,0bMWoFtQIrnW5YyNMc4aKQ,I’ll See You There Tomorrow,TOMORROW X TOGETHER,5
92,5WhVf5cZsVcDyvn6YQDoTk,White Owls,smokedope2016,5
92,7Gs3otHnZDq514kFHf0nx7,Blue Notes,Meek Mill,5
92,5FuHvT4gCAx3DS1USi8jBm,Girl Like Me + Oklou,PinkPantheress,5
92,1S8EiawyV6O11rtcCfcxgN,Geese,Searows,5
92,5Nm9ERjJZ5oyfXZTECKmRt,Stay With Me,Sam Smith,5
92,1YYfyJ2yCvGFCxwjsIqEK9,Khé?,Rauw Alejandro,5
92,1TEL6MlSSVLSdhOSddidlJ,needy,Ariana Grande,5
92,6C2nVSSeXNqfoY8t6tliZ4,jeans,2hollis,5
92,6jG2YzhxptolDzLHTGLt7S,Drunk in Love (feat. JAY-Z),Beyoncé,5
92,5RBOcBpJXaNnHCGViJmYhh,The Perfect Girl,Mareux,5
92,51miVHNUDJK0EvAkwGnYQQ,Wake Up,Jeremih,5
92,1RD1Djz8Qm2jYfLv0KIWPG,Lesley (feat. Ruelle),Dave,5
92,4jvjzW7Hm0yK4LvvE0Paz9,Falling Down - Bonus Track,Lil Peep,5
92,4S4QJfBGGrC8jRIjJHf1Ka,Pain,PinkPantheress,5
92,0GegHVxeozw3rdjte45Bfx,White Winter Hymnal,Fleet Foxes,5
92,08mG3Y1vljYA6bvDt4Wqkj,Back In Black,AC/DC,5
92,3aBGKDiAAvH2H7HLOyQ4US,Glimpse of Us,Joji,5
92,2gSVKxPDww9Eep5rdvtdem,My Way,Limp Bizkit,5
92,7GVvj4zJNVuBJSl6StEfn5,Only A Fool Would Say That,Steely Dan,5
92,3UsJUXvHb7qz4GiQtEc4a4,keep steady,sosocamo,5
92,3LlmKSHR3Rs0Y3KHQLAYDk,Alone,Alan Walker,5
92,7BzhbpGghSli1uxLQacsEm,Adeus - Mayavin Festival,Edward Maya,5
92,7BaxYnTazocAOK3istsW1z,You're Not The Only One I Know,The Sundays,5
92,0IsIY8pfu1yaGkPUD7pkDx,Guess featuring billie eilish,Charli xcx,5
92,4xdHI4eFNst0vTZuuKrWjr,Black Hole Sun,Soundgarden,5
92,7c0ss9FGSyXGNczL4gV75a,Airplane Mode,Limbo,5
92,7I4ibsZgwuf46g0xHuTC8s,HDMI,BONES,5
92,6f4itfvWzS59Qu7JWorhxn,Movies,Weyes Blood,5
92,1foMv2HQwfQ2vntFf9HFeG,Rhinestone Eyes,Gorillaz,5
92,37adYGaYaAWTGhBaOzX4Fh,Take A Slice,Glass Animals,5
92,21pySLskKIKrhDziCX5ojQ,When I Grow Up,The Pussycat Dolls,5
92,3VB74fMhiVXMVDytVVfZD3,Ultra Violet,54 Ultra,5
92,2ZqTbIID9vFPTXaGyzbb4q,Neva Play (feat. RM of BTS),Megan Thee Stallion,5
92,1cOyWWUr3oXJIxY0AjJEx9,YOUTH,Troye Sivan,5
92,0ZK8TGOsngrstVPsnrHbK1,Peach Pit,Peach Pit,5
92,2Z8WuEywRWYTKe1NybPQEW,Ride,Twenty One Pilots,5
92,1gyee1JuFFiP476LQpRMYU,The Red,Chevelle,5
92,7AeM1BGYM7emrqmQn1PuWv,I'm The Problem,Morgan Wallen,5
92,7JZP7kQsuFFWOrtAI7uNiW,Persiana Americana,Soda Stereo,5
92,41p3hm5FlXD5PcQjCKwype,Jungle Juice (feat. LUCKI & Lil Crix),Lil Double 0,5
92,1Czqh6tbb9gqCQpSkXsqDT,Ginkgo,Panchiko,5
93,4ecdsGz3Hg6TKPwQ0ZOdJz,FaSHioN,CORTIS,5
93,0Sca8SubjrmkI4e6ZGxcuO,DArkSide - L.I.V.E. In São Paulo (Live Immersive Virtual Experiment),Bring Me The Horizon,5
93,6jgkEbmQ2F2onEqsEhiliL,My Kind of Woman,Mac DeMarco,5
93,5l9c6bJmzvftumhz4TMPgk,Harvest Moon,Neil Young,5
93,1ia019RqDK2o4QiANR1Dyn,Moment 4 Life,Nicki Minaj,5
93,2ewEh7LuvToYyGHq7yT8N1,Shelter,Porter Robinson,5
93,32VIrOsJmwvqRm4rWFBCsi,Shiver,John Summit,5
93,2Gyc6e2cLxA5hoX1NOvYnU,Say It,Tory Lanez,5
93,4KlL5Bwlm4yHYxr0B2rHci,Heal,Tom Odell,5
93,3yklxY8pm64CJ3BJSSjvEL,Dizzy,KiiiKiii,5
93,5WTxbyWTpoqhdxEN2szOnl,Everybody (Backstreet's Back) - Extended Version,Backstreet Boys,5
93,5wvYib82q05wiNjLElD8GJ,Dig,Incubus,5
93,0JX23XA8E7aN1Chj32kgVn,Spitting Off the Edge of the World,Yeah Yeah Yeahs,5
93,4qDpLaFGf5ampf2DXD2TMA,Where You Are,John Summit,5
93,6Xc5cfbWz7MUxqAZpxj2bT,Alocate,Zion,5
93,3qQbCzHBycnDpGskqOWY0E,Ella Baila Sola,Eslabon Armado,5
93,6Se3x9ANMLv0dCDsjGmEjh,do re mi,blackbear,5
93,5gZ8nTiDCrI6IIk447z04i,What?,Rob Zombie,5
93,6IyyPhSRdLrUSJXAMTOyCz,Ignorant,Lucy Bedroque,4
93,6ECp64rv50XVz93WvxXMGF,This Love,Maroon 5,5
93,1Pbs2eCcX9p2onaAvMYvhk,Bodys,Car Seat Headrest,5
93,33ozaTEVsZrH4tZzZuGM3N,Oh Well,Sleight of Hand,5
93,3Ua0m0YmEjrMi9XErKcNiR,Like Crazy,Jimin,5
93,6IPwKM3fUUzlElbvKw2sKl,we fell in love in october,girl in red,5
93,4xVmPboqdKG78mkqZ0sn1m,What You Know Bout Love,Pop Smoke,5
93,3kPNkracUxYvwpzkdpHMQQ,Dior (feat. Chrystal),MK,5
93,6OpMhAh3DTJwjAhjab028P,Decisions,Knucks,5
93,1Q5kgpp4pmyGqPwNBzkSrw,Roadhouse Blues,The Doors,5
93,1vFLg6nWigxe7H8pw2GT6z,Bad Moons,American Football,5
93,0b4TKuvZ4eJ8eHgJgXaCnN,Two-Way Mirror,Loathe,5
93,3Rc2ajBMInxeNGVkMPC92Y,Dancing On My Own,Robyn,5
93,4IadxL6BUymXlh8RCJJu7T,Too Sweet,Hozier,5
93,3CT4U4jJEagjIHg5PPph8X,Maria También,Khruangbin,5
93,6MX8v7cRooNQb5fW5Uo6Sm,come,Adrianne Lenker,5
93,5BhK8Mho223YLPQOLfzWNP,Killing Me,Omar Apollo,5
93,21JL0gpeAYgbSUmzhgSPJz,Souvenir,boygenius,5
93,6lKSOnC9iLGDonypMgvGrm,Too Much,Dove Cameron,5
93,6rmXhRIemCTPyMYZRDN7Qg,Black Magic,Little Mix,5
93,3saKLLmgDVjgojwm3HB45i,BOAT,Trim,5
93,3fiMMAD2d7t0g2MVGf6NE1,Get Jinxed,League of Legends,5
93,0Yp3wCUpjrG7NWWPDpmQXm,Paranoid (feat. B.o.B),Ty Dolla $ign,5
93,5cp0K9xM0hA7qm3rsqjwid,Beamin’,K Motionz,5
93,3MjUtNVVq3C8Fn0MP3zhXa,...Baby One More Time,Britney Spears,5
93,1wNspyFiI1E9YGhJzz3AoO,SLOWDIVE,Turnstile,5
93,4wd09wCccmxUB7XVJp0RNn,"Jesus, Etc.",Wilco,5
93,1LzvuqP3L5Q7G61kUBgfCJ,VYZEE,SOPHIE,5
93,2ekn2ttSfGqwhhate0LSR0,New Rules,Dua Lipa,5
93,1njlnn8ZKHI77Pe9szIONR,SHEESH,BABYMONSTER,5
94,6f3Slt0GbA2bPZlz0aIFXN,The Business,Tiësto,5
94,3EaJDYHA0KnX88JvDhL9oa,Dark Red,Steve Lacy,5
94,3j49aLXWWkbjQyUyvngokI,"LOVE, LOVE, LOVE",Stephen Sanchez,5
94,2lpygKqzPFtItQ4ss3cgfb,Cinderella (feat. Ty Dolla $ign),Mac Miller,5
94,2HvuyQEnKR82zwfIuCBaWH,Caso Sério,Rita Lee,5
94,4uu7gKd1PffC7QEMcMk0Ro,One Take,Lil Tjay,5
94,53uhTsdGotEgrDAJydRSov,27a Pitfield St,Bassvictim,5
94,4HwDCXsMBC7SUdp2WT4MZP,Into It,Chase Atlantic,5
94,2FnrUcdLWId0F13GT32ugT,Good Girls (Don’t Get Used),Beach Bunny,5
94,5X8kkUaUlAyAUr9TYqDFTH,All For You,Janet Jackson,5
94,5Qy6a5KzM4XlRxsNcGYhgH,6 Foot 7 Foot,Lil Wayne,5
94,6JKoTnberZoBgUuxa6l4Kh,Hive (feat. Vince Staples & Casey Veggies),Earl Sweatshirt,5
94,7o2AeQZzfCERsRmOM86EcB,Xtal,Aphex Twin,5
94,27R1A3WZ5Zv0ywNe0Zunfr,Witches,Alice Phoebe Lou,5
94,3SXXFIZel1VQQ4ENiqozxi,Still into You,Paramore,5
94,3MEYFivt6bilQ9q9mFWZ4g,Alone,Marshmello,5
94,0JmnkIqdlnUzPaf8sqBRs3,Moonlight,Kali Uchis,5
94,57j65yC2HggQfmYNc6rdOK,bad idea!,girl in red,5
94,7DzzfrIaYnIvzkI898X79J,What You Were,The Drums,5
94,516v2eji9NjkmsYc9PErx4,Cha Cha,ZEDDY WILL,5
94,2gMXnyrvIjhVBUZwvLZDMP,Before You Go,Lewis Capaldi,5
94,1BwhFXqoIsePt21WyWIttb,I Wanna Get Better,Bleachers,5
94,23uUytja1B1mUOOIoygf6u,Angels in Tibet,Amaarae,5
94,4Aocy7YAyOYf5YHj18Vfj3,Charmander,Aminé,5
94,5v4OkFH0TJ6W1hCFxyn0px,parents,YUNGBLUD,5
94,0YThXX1dqUpYBLyJNAsF9N,If We Being Rëal,Yeat,5
94,6IJXxWAHTVORSyl7lT5pkY,Mess Is Mine,Vance Joy,5
94,5xrtzzzikpG3BLbo4q1Yul,LILAC,IU,5
94,1SMzMtlnawoUV6ssFd7rZ7,Twerkin Wit Ya Friends,ZEDDY WILL,5
94,4sNwdacKyi2S26WrRtNama,Oh No!,MARINA,5
94,1x5sYLZiu9r5E43kMlt9f8,Symphony (feat. Zara Larsson),Clean Bandit,5
94,1CjD9etP1cSqhqhRWOGAJw,One & Only,Oliver Tree,5
94,68Y3zzmt2XxzheQVGbbJt4,GENOCIDE,Lil Darkie,5
94,6264zKFgXM13JuRBX4MMyD,Mudshovel,Staind,5
94,3FtYbEfBqAlGO46NUDQSAt,Electric Feel,MGMT,5
94,7FwBtcecmlpc1sLySPXeGE,Dancing In the Dark,Bruce Springsteen,5
94,3UhhRDkHWz7D28BkejHzqI,Razzmatazz,I DONT KNOW HOW BUT THEY FOUND ME,5
94,1fJFuvU2ldmeAm5nFIHcPP,First Date,blink-182,5
94,6tam2kj7fqv2Qro0yBzIkw,It’s About Blood,Steve Earle,5
94,6Ac8Byr6GByGr3wDH7JjYh,white tee,Lil Peep,5
94,3zwMVvkBe2qIKDObWgXw4N,right where you left me - bonus track,Taylor Swift,5
94,5Z8HZM6iQMhhqyPcCGY5g9,Hot (feat. Gunna),Young Thug,5
94,2WD9ggmpZE7Wodh3qVVCgg,De Música Ligera,Soda Stereo,5
94,1NjzNt18LlNTuJYErYGvbQ,She Needs Him,Her's,5
94,5A7ldx7fFEEsHvl5XEnGUA,Winter Snakes,Joy Again,5
94,3WMj8moIAXJhHsyLaqIIHI,Something in the Orange,Zach Bryan,5
94,5ihS6UUlyQAfmp48eSkxuQ,Landslide,Fleetwood Mac,5
94,0WQiDwKJclirSYG9v5tayI,There Is a Light That Never Goes Out - 2011 Remaster,The Smiths,5
94,3K94Fd5ZQkPCW8wV6oyk22,Don't Delete The Kisses,Wolf Alice,5
94,6jg5SRvdGxvJ0DzNV0UqEK,Please Don't Go,Mike Posner,5
94,3Mcxi78U3lCjt8DMKa6YY4,Santé,Stromae,5
94,1foMv2HQwfQ2vntFf9HFeG,Rhinestone Eyes,Gorillaz,5
94,4haJoBPbPj9QFKNpp9e8kx,Diplomatic Immunity,Drake,5
94,6jYiHr12NVKLzn0X7K8aSK,FOCUS,Hearts2Hearts,5
94,6pL5MtUDvcszt8IK7u4AM2,ROAR (MINGI),ATEEZ,5
94,07n9sk2MGDjw0SHrSaxmog,Tu Tu Neurotic,The Hellp,5
94,0y5akbuW5mCnnUe71xATpe,Concorde,"Black Country, New Road",5
94,5mSjVVGPv8zUsjfMuSxPRP,I'M SO IN LOVE WITH YOU,The Kid LAROI,5
94,2OgVsp77En2nju8pnCieVU,Waiting for a Girl like You,Foreigner,5
94,7M2tXmeS15NAzEn7ABFeBg,Homicide (feat. Eminem),Logic,5
94,5lar0mCUejpILVkAz50s2J,Train food,XXXTENTACION,5
94,27ze5t5tIDPlVits0KRbxT,El Perdedor,Aventura,5
94,61bwFjzXGG1x2aZsANdLyl,money machine,100 gecs,5
94,1RTW9UthqmZwr8Od6CH4i8,Into the New World,Girls' Generation,5
94,51c94ac31swyDQj9B3Lzs3,Change (In the House of Flies),Deftones,5
94,2JKlf0IYz5oWsT3OCLyjpO,Caress Me Down,Sublime,5
94,6sy3LkhNFjJWlaeSMNwQ62,Counting Stars,OneRepublic,5
94,4ZT9FnbFu1PaBfV3itxiqT,I,Lil Skies,5
94,5IdQEHgtmj9th3OkfQKhf8,"Blessings (feat. Ty Dolla $ign, Anderson .Paak, BJ The Chicago Kid, Raury & Jamila Woods)",Chance the Rapper,5
94,0myRViRgmQ3J8izICXEAVO,I Thought I Saw Your Face Today,She & Him,5
94,2u6VEZjUu5P3GVfUMDIIbu,Best Guess,Lucy Dacus,5
94,0YVh3SyU4dS7jOWIFQ1tTf,LET THE WORLD BURN,Chris Grey,5
95,4v2r3H6YEQIlxS4Z1njwoe,"Trunks (From ""Highest 2 Lowest"")",A$AP Rocky,5
95,0cWKIr2hzxT6vuxFrCzcMz,Love Is Everywhere (Beware),Wilco,5
95,0laYHRpNTS6i8FXdupHkJ4,Love You Like A Love Song,Selena Gomez & The Scene,5
95,0GnydTKmczMoKOEl1D4URI,LOVE COUNTDOWN (Feat. Wonstein),NAYEON,5
95,5G9LvzXcBoIBXOd2jzdJTs,Venus as a Boy,Björk,5
95,4Tttv4p2xuAq1LpQ7LI95E,Keep Ya Head Up,2Pac,5
95,6XHNIbru8xGohLzHNgxQvF,Forever Young - 2019 Remaster,Alphaville,5
95,0ful4PHfTIxzXiZSZsXQ0H,Oxford Comma,Vampire Weekend,5
95,2LZ2CNbcbJrwh53pitRgom,Silver Soul,Beach House,5
95,2yXyz4NLTZx9CLdXfLTp5E,I Will Not Bow,Breaking Benjamin,5
95,2nLE60ZgtLxNyCrVxVzBfY,Soul,Xavier Wulf,5
95,3X6iIrFuQoCshIWBseEKPl,American Woman,Lenny Kravitz,5
95,4hv7GT5g9qNnrxlocsOSYt,Anointed,Miguel,5
95,4NeOWqHmlrGRuBvsLJC9rL,My Love (feat. T.I.),Justin Timberlake,5
95,50PyquzZ9BaBwLZZd1AuuV,Close To You,Dayglow,5
95,41bIQPBE1lFN0mmw6Lmssz,21 Questions,50 Cent,5
95,68Dni7IE4VyPkTOH9mRWHr,No Role Modelz,J. Cole,5
95,6EQfvlAbsyOsBeM9gprOoU,Hotel Members Unite,Hotel Ugly,5
95,0otn0qLAM0yAXHNSiRsHwq,Adult Diversion,Alvvays,5
95,3hpm0fTeSqlhJbnqAgaLZs,Marlboro Rojo,Fuerza Regida,5
95,2vDC9iyQpY3EsioJD8pRiW,Fifty-fifty Clown,Cocteau Twins,5
95,6TMz966mUk7TOOGO4l182X,Bowling alley,Audrey Hobert,5
95,5wfllwdjglyQislkskYLBv,Day 'N' Nite (nightmare),Kid Cudi,5
95,6Vjk8MNXpQpi0F4BefdTyq,Kashmir - Remaster,Led Zeppelin,5
95,5WIGbrfNMvFeCQOx5XykBO,2010 Justin Bieber,Lucy Bedroque,4
95,26QKxvjlCo2fSd3T4c8Zpb,Heart of Gold,Neil Young,5
95,1rp986nzkyAX1wFpxzbwlC,Replay,SHINee,5
95,1p7C97Xibwh0jL85jhdOZv,Toto Brings News / Over the Rainbow Reprise - Extended Version / Outtake,Judy Garland,5
95,1c8gk2PeTE04A1pIDH9YMk,Rolling in the Deep,Adele,5
95,0q1NTsO5b93R97JdQxtFGx,THAT’S A NO NO,ITZY,5
95,4EchqUKQ3qAQuRNKmeIpnf,The Kids Aren't Alright,The Offspring,5
95,02gYTLDCIGVM9Y9r4vDb2a,Soap (feat. PinkPantheress),Yves,5
95,59hBR0BCtJsfIbV9VzCVAp,Set Me Free Pt.2,Jimin,5
95,2aqLE0tRSgoOcp94Kq6XHF,Groan,Dazey and the Scouts,5
95,2D4LEUzvLRCQOLMxnajH72,"If I'm James Dean, You're Audrey Hepburn",Sleeping With Sirens,5
95,4gfrYDtaRmp6HPvN80V2ob,I Got Better,Morgan Wallen,5
95,6HJszgJO19tAKff7X40ggp,Reality Surf,Bladee,5
95,68MTDH8Kk4jBEV1ah0n89s,EA (feat. 21 Savage),Young Nudy,5
95,6wJwkMo278iWVlWl1XQ4WA,The Heart Wants What It Wants,Selena Gomez,5
95,3WXhshrs1fzwF3rQE399Gq,Kill V. Maim,Grimes,5
95,47trirgpaLmWk4Lqk3RrZk,Dema Ga Ge Gi Go Gu,El Alfa,5
95,7d0XkI4iJ32nxeFAHFXbLQ,"If You Need To, Keep Time on Me",Fleet Foxes,5
95,73vfMXcXa6iY1E3lpf2fZO,Pussy Palace,Lily Allen,5
95,026wpXkLAjImiWOzzcJBHj,Good Looking,Suki Waterhouse,5
95,4UEgKxYLP0bPG6EwD0DgYK,I Got a Name - Stereo Version,Jim Croce,5
95,6bxUnsSGZCmoHHU5auwtps,Beware,Big Sean,5
95,1ucnuV88gFTfR3BalmznDk,Lover Is a Day,Cuco,5
95,17sOAutZqK3xM5O6Cc2pMj,Abracadabra - Gesaffelstein Remix,Lady Gaga,5
95,5S9lfZu1YF8xKkgSsqL2Bd,Elastic Heart,Sia,5
95,22vgEDb5hykfaTwLuskFGD,Sucker,Jonas Brothers,5
95,6UN73IYd0hZxLi8wFPMQij,Players,Coi Leray,5
95,3dnP0JxCgygwQH9Gm7q7nb,Ella Baila Sola,Eslabon Armado,5
95,5B6Kjha6RRIMWGN7zGsAaT,So Hot You're Hurting My Feelings,Caroline Polachek,5
95,0Y7OHGiInTNR45Tqr0v1CY,The Girl in Red - Live Mix / Remastered 2025,Daddy DJ,5
95,46eHxWRKmtYhUHPDRgclt6,Careless Whisper,Seether,5
95,7FlQk2gJ6TBrHHiidvdR2O,MAMIII,Becky G,5
96,0dvwE4w0nIlPiOhRhtNHvw,MARINATING,DaBaby,5
96,44XPRtWVxzV9F7QcqdF9xU,KISS OF LIFE,Ken Hirai,5
96,74f0dpqHhTeTJzs4pmZ1yq,Pool House,The Backseat Lovers,5
96,5eM6Rrk8rwLpUhrh7Kk5R1,California,Joni Mitchell,5
96,5JwK7v6XhG0YgqDuCgzOy8,And She Was,Talking Heads,5
96,499SvLeXfMRLhi6BSrPU3Y,Oulala,Vundabar,5
96,3fqwjXwUGN6vbzIwvyFMhx,Tennessee Whiskey,Chris Stapleton,5
96,4hVTpP7CV9imY9U53p45sX,Anos Luz,Matuê,5
96,6tndztSp95N6ufMfqFRBHi,Faucet Failure,Ski Mask The Slump God,5
96,5eStu4K63j7t3ZWGGUKR7X,Starstruck,Santigold,5
96,6HZ9VeI5IRFCNQLXhpF4bq,I Love It (feat. Charli XCX),Icona Pop,5
96,3pXF1nA74528Edde4of9CC,Don't,Bryson Tiller,5
96,2IVsRhKrx8hlQBOWy4qebo,Mr. Loverman,Ricky Montgomery,5
96,7pmTXAteMpKsDt4ZpVAhYq,Disappearing Man,Hayley Williams,5
96,0I3MkBTrKeKulwuSSLEJGN,Basement Freestyle,Travis Scott,5
96,6GiHHXd9I4ja31vsMaZumx,Poppy,Mac Miller,5
96,3WbphvawbMZ8FyqDxYGdSQ,When I'm Gone,3 Doors Down,5
96,0b4TKuvZ4eJ8eHgJgXaCnN,Two-Way Mirror,Loathe,5
96,0W4NhJhcqKCqEP2GIpDCDq,Love,Keyshia Cole,5
96,1wNspyFiI1E9YGhJzz3AoO,SLOWDIVE,Turnstile,5
96,6ZiEWet0uFRwWBCEKCQ8rY,逆夢,King Gnu,5
96,3VIJBrMpvimHEw5wtPh2wB,Money,The Drums,5
96,3B0pDi9aLzcICJfBCA3Lgq,catch a kill,Destroy Lonely,5
96,5IyL3XOaRPpTgxVjRIAxXU,Ziggy Stardust - 2012 Remaster,David Bowie,5
96,4ZT9FnbFu1PaBfV3itxiqT,I,Lil Skies,5
96,2Gyc6e2cLxA5hoX1NOvYnU,Say It,Tory Lanez,5
96,76YSWx6L6FNsuaP6GWBb8P,All For Us,Labrinth,5
96,2sPva3d85R7yKf60y7QZpD,La La La,LMFAO,5
96,4cluDES4hQEUhmXj6TXkSo,What Makes You Beautiful,One Direction,5
96,5VGlqQANWDKJFl0MBG3sg2,Use Somebody,Kings of Leon,5
96,1p7C97Xibwh0jL85jhdOZv,Toto Brings News / Over the Rainbow Reprise - Extended Version / Outtake,Judy Garland,5
96,10AgTGL39iIHuDGBEqBni8,HUNTING FOR YOUR DREAM! - TV Size,GALNERYUS,5
96,2AxCeJ6PSsBYiTckM0HLY7,Voodoo Child (Slight Return),Jimi Hendrix,5
96,2GiJYvgVaD2HtM8GqD9EgQ,Electric Love,BØRNS,5
96,3M0lSi5WW79CXQamgSBIjx,Swim,Chase Atlantic,5
96,2VvdnhGdRYqYCenXLh6rJ4,The Big Goodbye,AJR,5
96,0ntQJM78wzOLVeCUAW7Y45,Sex on Fire,Kings of Leon,5
96,2lTm559tuIvatlT1u0JYG2,BAILE INoLVIDABLE,Bad Bunny,5
96,5TVirkSwFEXF1nLJEebe2I,Beautiful,Bazzi,5
96,5BHmpctr03bnKN8SeNUNXU,METALI!!,BABYMETAL,5
96,35bgx24EQeW7IiA4nFXivH,WWE: The Game (Triple H),WWE,5
96,77zqs8ucHCSk5jh9TYec4b,The Great Divide,Noah Kahan,5
96,5bQLsyTrUaMQRfr6whwGe5,Aquel Nap ZzZz,Rauw Alejandro,5
96,5ocSQW5sIUIOFojwXEz9Ki,Supernatural,NewJeans,5
96,7DnAm9FOTWE3cUvso43HhI,Sweet but Psycho,Ava Max,5
96,4hv7GT5g9qNnrxlocsOSYt,Anointed,Miguel,5
96,6FCfj69zzQHnrx4fTukhfo,Bulls on Parade - triple j Like A Version,Denzel Curry,5
96,3zyqphgXvgHe436IMKeey3,Paprika,Japanese Breakfast,5
97,5ehgf6op0j2sE4lqjiTkMY,Ever Since U Left Me (I Went Deaf),French Montana,5
97,4eamJr2k9YDH8j58RSTmSc,Doin' Time,Sublime,5
97,1njlnn8ZKHI77Pe9szIONR,SHEESH,BABYMONSTER,5
97,1LepWHpwtahzEQL0vNjpEt,Just The Way You Are,Milky,5
97,1yvMUkIOTeUNtNWlWRgANS,Unstoppable,Sia,5
97,3IwadYiQKN7O51JgIH9PBC,no way !,Yot Club,5
97,4NeOWqHmlrGRuBvsLJC9rL,My Love (feat. T.I.),Justin Timberlake,5
97,5JXtkWtuqS8Dm8sKbtPGWa,9,Dean Blunt,5
97,2ML7vSeIZEmOCOiLUmz7Sv,Throw Away,Future,5
97,3nEHrvNNtgLv9rneTAYVr4,Heaven Takes You Home (feat. Connie Constance),Swedish House Mafia,5
97,1mea3bSkSGXuIRvnydlB5b,Viva La Vida,Coldplay,5
97,2MitriRScA3ZKpVd1lXAbm,Numa Ilha,Marina Sena,5
97,2Co0IjcLTSHMtodwD4gzfg,I Bet on Losing Dogs,Mitski,5
97,59XtMLzHLsadRY3CzKwL8S,Die With Regret,Glokk40Spaz,5
97,6tDxrq4FxEL2q15y37tXT9,Dear Mama,2Pac,5
97,3X04hhGLUCz86UwEAKSVAB,2hollis,Lelo,5
97,43NqTeL8pgBxKHPMiJKUP5,Girl,Myke Towers,5
97,5gFoAVTN9YlM9uJCrFZtgl,Crooked Smile (feat. TLC),J. Cole,5
97,7G7tgVYORlDuVprcYHuFJh,Don't Dream It's Over,Crowded House,5
97,4GvPlSOKfN7aXEuGW8zKUx,GOSSIP (feat. Tom Morello),Måneskin,5
97,55mJleti2WfWEFNFcBduhc,Schism,TOOL,5
97,4a2uqVlpRChHj32EjJLu7G,Nose On The Grindstone (OurVinyl Sessions),Tyler Childers,5
97,3dj4wgM3cPeuLwMNHDuBon,The Door,Teddy Swims,5
97,0hCB0YR03f6AmQaHbwWDe8,Whole Lotta Love - 1990 Remaster,Led Zeppelin,5
97,260Ub1Yuj4CobdISTOBvM9,Wet Dream,Wet Leg,5
97,0yfNXxlyXdmP0ue1iJijx1,Come Undone,Duran Duran,5
97,3VJ5aGbRkytOVhaySAQeIY,Slow - Lost Tapes 2021,Tory Lanez,5
97,4qUMw89VHpcD7bHsMNSmOE,Shooting star,Audrey Hobert,5
97,3RDcUlLGp3SLp2AmUbUbls,Cookie Jar (feat. The-Dream),Gym Class Heroes,5
97,24teIhDYO2RocTA2v5dY0r,Extssy Model,Junior H,5
97,63T7DJ1AFDD6Bn8VzG6JE8,"Paint It, Black",The Rolling Stones,5
97,11hEwcy9LMEvzAlOYAFhkK,"not a lot, just forever",Adrianne Lenker,5
97,3HylLGErIQEIuJgHovdHio,EAST LA,will.i.am,5
97,1158ckiB5S4cpsdYHDB9IF,My Own Summer (Shove It),Deftones,5
97,1k2pQc5i348DCHwbn5KTdc,Pink Pony Club,Chappell Roan,5
97,4kOTDj4SiZPkW1p96WMDNv,We Be Burnin',Sean Paul,5
97,2nLE60ZgtLxNyCrVxVzBfY,Soul,Xavier Wulf,5
97,5imUTBF35uIoABlV9g9da2,Fall In Love,Phantogram,5
97,04ld6agKMq46IDG1THZqTe,POSSESSION,Melanie Martinez,5
97,7FIWs0pqAYbP91WWM0vlTQ,Godzilla (feat. Juice WRLD),Eminem,5
97,0CSTvWUps1YmpQoXXay9ol,Cosmic Love,Florence + The Machine,5
97,6ZFbXIJkuI1dVNWvzJzown,Time,Hans Zimmer,5
97,0NLm9bQG7ikL5k9x9TtYT7,Here With Me,d4vd,5
97,2YFc0r6PUWDAeE38vJnCxR,ghost girl,Lil Peep,5
97,2D4LEUzvLRCQOLMxnajH72,"If I'm James Dean, You're Audrey Hepburn",Sleeping With Sirens,5
97,6TMz966mUk7TOOGO4l182X,Bowling alley,Audrey Hobert,5
97,6VsqdsaY4oV06NODea0L0J,POR EL CONTRARIO (with Ángela Aguilar & Leonardo Aguilar),Becky G,5
97,19aUuDd6udp1ACNo9t3IuZ,Death Cup,Mom Jeans.,5
97,0KQx6HOpJueiSkztcS0r7D,Fallin',Alicia Keys,5
97,4KVSdwwJ67JHu5s9vIA0zi,Skin Tight (feat. Steve Lacy),Ravyn Lenae,5
97,3bwAS8cN7Xtzvv5UurJOOX,I Am the Highway,Audioslave,5
97,3OeSl8lZH1ufOO87gJdcfi,American Obituary,U2,5
97,6C2nVSSeXNqfoY8t6tliZ4,jeans,2hollis,5
97,3pXF1nA74528Edde4of9CC,Don't,Bryson Tiller,5
97,12VH4g5pTMZmrUVzfJq7F7,M a k e I t T o T h e M o r n i n g,PARTYNEXTDOOR,5
97,0rWrkMbMzsv3VoHWQ3Gn4I,lovefool demo,wifiskeleton,5
97,0620OecAlwJQxWieRW4L9s,Bless the Telephone,Labi Siffre,5
97,0ssrK9S67e9ZGmL9joKWLn,Besame Sin Sentir,Micro TDH,5
97,7KBwU1bouDcULSjHjpdoFb,She's Like A Star,Taio Cruz,5
97,7qLs0IyUn6TrqgMzQ33SdH,Introduction to the Snow,Miracle Musical,5
97,51DXwluqCo7bx4QAFuGoEm,No One Dies From Love,Tove Lo,5
97,34ur063WdATV4hGzCeEAsx,So Hot,Wonder Girls,5
97,6f4itfvWzS59Qu7JWorhxn,Movies,Weyes Blood,5
97,1aJnGme5ZRltYTp8FJ52eZ,Together Again,Janet Jackson,5
97,6BJHsLiE47Sk0wQkuppqhr,From the Start,Good Kid,5
97,0Ps4Eh6SQjeLnubbCsQTDD,Little Bit,Lykke Li,5
97,488HG8lR11JswT2YgcWGRB,Blue Notes 2 (feat. Lil Uzi Vert),Meek Mill,5
97,6pNWRbfpSwxnQAhTYPcajr,Texas Baby,Susannah Joffe,5
97,0n4bITAu0Y0nigrz3MFJMb,Blurred Lines,Robin Thicke,5
97,6kDyRP48g1KWahq8irqZF9,Sweet to Dream,Jordana,5
97,7DnAm9FOTWE3cUvso43HhI,Sweet but Psycho,Ava Max,5
97,6M14BiCN00nOsba4JaYsHW,Ocean Man,Ween,5
97,1Je1IMUlBXcx1Fz0WE7oPT,Wannabe,Spice Girls,5
97,0Sca8SubjrmkI4e6ZGxcuO,DArkSide - L.I.V.E. In São Paulo (Live Immersive Virtual Experiment),Bring Me The Horizon,5
97,1md8v8FG46KecYiMap2XTD,Eyes of the World featuring Sky Ferreira,Charli xcx,5
97,1F5Qp0SJS0QUfqIoQggrLz,The Largest,BigXthaPlug,5
97,05oETzWbd4SI33qK2gbJfR,Rhiannon,Fleetwood Mac,5
98,0bhGIXbb89rgxw78RhNrdd,F.T.S.,JENNIE,5
98,4vLqN0bIxIQjlet2mIMBnx,Ring Ding Dong,SHINee,5
98,3ixYkZI6rGk3ktisaIQrh0,Starlight,Dave,5
98,5QUeSXjTMHbq1fW5da2waF,Place To Be,Nick Drake,5
98,35ntAtdvK9V3xJI98umZMK,She Needs Me,Marvin Gaye,5
98,3NLrRZoMF0Lx6zTlYqeIo4,Here Without You,3 Doors Down,5
98,5yJaXWIErrrsjQ3J0eR5aK,The Night We Met,Lord Huron,5
98,0Dk9lP1YnOqssHH0oCeq9u,I <3 My Choppa,Tay-K,5
98,1Q1b8eVkUPGlpSArl8JAVw,Heart of Gold - 2009 Remaster,Neil Young,5
98,066H3CmDCFuQU1fwsecCDc,Trust,Keyshia Cole,5
98,5BXr7hYZQOeRttkeWYTq5S,ASAP,STAYC,5
98,1pr9TZGOXeJUggIal1Wq3R,Blind,Korn,5
98,4iZxeyibg6w4EFCOoAQ6Eh,What You Know,Two Door Cinema Club,5
98,5rfJ2Bq2PEL8yBjZLzouEu,Who Can It Be Now?,Men At Work,5
98,6nTiIhLmQ3FWhvrGafw2zj,American Idiot,Green Day,5
98,6uNP8aOZphmhsYlOwRhNh1,Somewhere Only We Know,Keane,5
98,2zYzyRzz6pRmhPzyfMEC8s,Highway to Hell,AC/DC,5
98,5mSjVVGPv8zUsjfMuSxPRP,I'M SO IN LOVE WITH YOU,The Kid LAROI,5
98,43iIQbw5hx986dUEZbr3eN,From The Start,Laufey,5
98,0eEXcw3JLVXcRxYrVYMy68,Electric Relaxation,A Tribe Called Quest,5
98,6ZFbXIJkuI1dVNWvzJzown,Time,Hans Zimmer,5
98,3Um9toULmYFGCpvaIPFw7l,What's Going On,Marvin Gaye,5
98,56NEihhw1BsIgBBzfvcE76,Bags,Clairo,5
98,3TjR6ccJO902cKi8Al4VCy,ROCK THE BOAT,XG,5
98,5Nt2FMqnKI2mlp7lztURNo,KEHLANI (REMIX) [feat. Kehlani],Jordan Adetunji,5
98,5SoKCTxPvWYSK9A5jNniP7,Life Goes On,The Sundays,5
98,0iMt8ZMe2BsNvsF9LFDOAn,Ends of the Earth,Lord Huron,5
98,5b5cPscqVEMChvDqscVw26,Training Season,Dua Lipa,5
98,69phA1R4gmQsBFRQ3INW8C,ONE CALL,Rich Amiri,5
98,1yupbrI7ROhigIHpQBevPh,Chicago,Sufjan Stevens,5
98,1xpXnpIpuvzpx9jz15baJF,Call Me,NAV,5
98,5u2FOoFhp495GIj5BJC77J,Hold On Till May,Pierce The Veil,5
98,0aF9m87P8Tja3NUMv4DfHt,Head Over Heels,Tears For Fears,5
98,5qdp2o65e47m6Bswmwm6K1,Headbangeeeeerrrrr!!!!!,BABYMETAL,5
98,0obBFrPYkSoBJbvHfUIhkv,Sexy And I Know It,LMFAO,5
98,2297mxrYLBAC4XkhXs39If,Armed & Dangerous,King Von,5
98,0Sca8SubjrmkI4e6ZGxcuO,DArkSide - L.I.V.E. In São Paulo (Live Immersive Virtual Experiment),Bring Me The Horizon,5
98,6E7oFW7xTK6Ghucsq6tMUj,Emergency,Icona Pop,5
98,7FYH5AW3bVfZHJIQpq3UOA,I Don't Fuck With You,Big Sean,5
98,1yjY7rpaAQvKwpdUliHx0d,Still into You,Paramore,5
98,64sn7wgJfeQKY3Jisnl59w,Tuesday's Gone,Lynyrd Skynyrd,5
98,7oAuqs6akGnPU3Tb00ZmyM,All Night,Beyoncé,5
98,4MSqgoFS7e8LpsxeeMMVMu,Paranoid,Black Sabbath,5
98,7hr0WyhqQxrK3SQ9ZQxjTu,Awaken,Breaking Benjamin,5
98,2QKLrgXNQtK2c8QbLRO3XC,Burn The House Down,AJR,5
98,2sPva3d85R7yKf60y7QZpD,La La La,LMFAO,5
98,46YjJXVXWHlQ21odKktg5e,MOJABI GHOST,Tainy,5
98,48A0pIzaYUiYQmIa5wXTea,poison,jaydes,5
98,5773KSWFzg9kCc8yazjbSt,Deceptacon,Le Tigre,5
98,46mhTlKzAR38JpJiMvja3H,Don't You Want Me,Neon Trees,5
98,4vuJuTLFomqItDrn482nzV,Move,Saint Motel,5
98,2ZgyzFYYOz21b2AhPPkWKF,Untitled,Interpol,5
98,0YZEYxd1oiqZRFhnnmTKKi,Another Life,Motionless In White,5
98,22hh7XuHzMYw7u6uqS4xcE,The Internet is Where We Met,Kempachii,5
98,0A9mHc7oYUoCECqByV8cQR,Animals,Martin Garrix,5
98,1oLw159VwL1ldfPMAs1j2V,Balla,Edward Maya,5
98,68UrZQUuO3O6eUiD226xHg,The Chase,Hearts2Hearts,5
98,5nkUIVKqOqdpB6ApKgEMkv,Stay Ready (What A Life),Jhené Aiko,5
98,2u7mxWSeoqTXndK5e08jMp,Nowadays (feat. Landon Cube),Lil Skies,5
98,3Ua0m0YmEjrMi9XErKcNiR,Like Crazy,Jimin,5
99,2ykiSY1uHTHCBVpbym4Uff,Upside Down,54 Ultra,5
99,2zmo93xTzKTP0lztR9iy9H,Coffee,Jack Stauber's Micropop,5
99,6TMz966mUk7TOOGO4l182X,Bowling alley,Audrey Hobert,5
99,6SDl9eJjT38Kt2Szi1zaVB,La Humanidad - Remastered 2026,Willie Colón,5
99,6M1lGjZRnXL4vZvY0p3kTv,Turn To Dust,Wolf Alice,5
99,0MXemkrh7WpAfiafcGQwZO,NOSTYLIST,Destroy Lonely,5
99,32btQnrL0HR6M1KKAPf3D3,Do I Wanna Know? - BBC Live Lounge,Hozier,5
99,5xCiLM4z1C40vHKM9r2xJ1,TUNNEL VISION,ITZY,5
99,3x4yV0hW5Ve3TKhFkXSqFn,If You Had My Love,Jennifer Lopez,5
99,1fbmkoREwP13dkXJI5YGfn,Peroxide,Ecco2k,5
99,7oJrVhiTPZGBXWPwhxjy9S,Lust,Lil Skies,5
99,1zi7xx7UVEFkmKfv06H8x0,One Dance,Drake,5
99,7vpGKEUPrA4UEsS4o4W1tP,Amor de Que,Pabllo Vittar,5
99,2Bs4jQEGMycglOfWPBqrVG,Steal My Girl,One Direction,5
99,3hut1ozNEFwZ8W1rxATaH9,Music,underscores,5
99,1ucnuV88gFTfR3BalmznDk,Lover Is a Day,Cuco,5
99,6P8rBeOxn0ervew8cr0jcD,Randomly,LUCKI,5
99,5q0N5SaFhROG9UQiPukv9p,Under Your Spell,Snow Strippers,5
99,2GWCZJWundoYi5IloWIgTX,eyes don't lie,Isabel LaRosa,5
99,1hJN8hZvzEvOvqX32jSSrw,where's my head at _,Basement Jaxx,5
99,1eUGmzzvahJjOSWgDHuRlv,Girl With The Tattoo Enter.lewd,Miguel,5
99,6y6jbcPG4Yn3Du4moXaenr,idfc,blackbear,5
99,0h2gzJQBt6duqZD6kWiz4s,Moby Dick,Led Zeppelin,5
99,5mu1uv8RmzDkF8foePK5qa,Kream (feat. Tyga),Iggy Azalea,5
99,0SyOHG2V9CgMSlebbnyoLJ,Heart It Races - Cover Version,Dr. Dog,5
99,6LLEo7PwDxXNO0KVQtsFEj,Nice Nice,Dazey and the Scouts,5
99,39exKIvycQDgs4T6uXdyu0,Harmony Hall,Vampire Weekend,5
99,7DTlsMOQjGysXHpwwpHuPl,Lifestyle,Rich Gang,5
99,34dkZZNQJzEJRqPkywYmEY,A Quick One Before the Eternal Worm Devours Connecticut,Have A Nice Life,5
99,58k32my5lKofeZRtIvBDg9,HONEST,Baby Keem,5
99,0WSa1sucoNRcEeULlZVQXj,Can You Feel My Heart,Bring Me The Horizon,5
99,5g0afUZsh5hiXBOT3eXuwd,Set The Fire To The Third Bar,Snow Patrol,5
99,6Ql76QUTIXajTh9cVjrAZl,Vodka Cranberry,Conan Gray,5
99,25f7KnoDqO7nBbPahi15UE,NEVER GET USED TO THIS (feat. JVKE),Forrest Frank,5
99,5cp0K9xM0hA7qm3rsqjwid,Beamin’,K Motionz,5
99,2cOUlop2ZakjOKe4WinesN,Slow Hands,Niall Horan,5
99,7KA4W4McWYRpgf0fWsJZWB,See You Again (feat. Kali Uchis),"Tyler, The Creator",5
99,1pALOIA4ytESmhl7Fxjdic,楓,Jay Chou,5
99,2uvE4L5ZsYKpv8hbK4TIOt,MUTT,Leon Thomas,5
99,0mDn9q0XZBVI3xICivkTY1,Curl up & Die,Matt Maltese,5
99,5LhI8m7n8xlQmNe3b7Rwis,Madonna,Natanael Cano,5
99,2RPbEp0DyBVlkRvvYKopO7,Wat's Wrong (feat. Zacari & Kendrick Lamar),Isaiah Rashad,5
99,4DfCzjuGvK8xq6g6e1EpoE,Slow Down,Leon Thomas,5
99,27tX58NOpv1YKQ0abW7EPy,Hurt,Nine Inch Nails,5
99,605hJIiMrdsUjr4Vx4BFD6,Demon Speeding,Rob Zombie,5
99,69XUpOpjzDKcfdxqZebGiI,"Independent Women, Pt. 1",Destiny's Child,5
99,1RGIjMFMgJxkZHMDXVYzOJ,Bartender (feat. Akon),T-Pain,5
99,3Bclyko7WmwM2oGmKj8sue,I Will Wait,Mumford & Sons,5
99,44XPRtWVxzV9F7QcqdF9xU,KISS OF LIFE,Ken Hirai,5
99,70L6nHORQsblY813yNqUR3,Cherry Waves,Deftones,5
99,4knL4iPxPOZjQzTUlELGSY,Rake It Up (feat. Nicki Minaj),Yo Gotti,5
99,68UrZQUuO3O6eUiD226xHg,The Chase,Hearts2Hearts,5
99,3TGRqZ0a2l1LRblBkJoaDx,Call Me Maybe,Carly Rae Jepsen,5
99,6Jv7kjGkhY2fT4yuBF3aTz,"Lover, You Should've Come Over",Jeff Buckley,5
99,3Vo4wInECJQuz9BIBMOu8i,Finesse - Remix; feat. Cardi B,Bruno Mars,5
99,01aNqddaggrPJYUIdRApRD,bad enough,Madison Beer,5
99,3GfOAdcoc3X5GPiiXmpBjK,Song 2,Blur,5
99,737qboVuEkiDl2DmoU89Qk,Triflin Hoes,Lil Durk,5
99,4V9iVvsPL5cEQCxSYGBM88,We not like you,Nettspend,5
99,6kDyRP48g1KWahq8irqZF9,Sweet to Dream,Jordana,5
99,360ZhWvMnyXKYFG9Mqsm89,Evacuate The Dancefloor - Radio Edit,Cascada,5
99,0YVh3SyU4dS7jOWIFQ1tTf,LET THE WORLD BURN,Chris Grey,5
99,68hYdj3GepWm2R202KhJT7,1901,Phoenix,5
99,5Zl2RWTjTQlIvDKVVtNoX6,Want You,Clara La San,5
99,0Yfpc5zHc9pElVCQ1bPlF4,This Love,Pantera,5
99,3QRQwnaENDNslrc5tNUGgE,Lava Lamp,Thundercat,5
99,05od2qm2MTSKCHxy1GBp5W,12 to 12,sombr,5
99,7k6jxIMMAcXjHnbbHmGC9H,Musician,Porter Robinson,5
99,3RSpK5Y0y5tl25qvssrwJ6,My All,Mariah Carey,5
99,4qS2KPWvsQzLvRa9oCHw41,You (feat. Travis Scott),Don Toliver,5
99,46odPfzMypgxCBMUPmdKxr,Afraid Of The Dark,Motionless In White,5
99,1MBM7CyZbwJpVbbZJnHHRg,Summer Love,Justin Timberlake,5
99,5FuHvT4gCAx3DS1USi8jBm,Girl Like Me + Oklou,PinkPantheress,5
99,0EtirusGt3LivUmALXSMVe,Role Model,Eminem,5
99,1hTbH1tGOQ2sqVav7iDHfQ,Broadview,Slow Pulp,5
99,0ct6r3EGTcMLPtrXHDvVjc,The Nights,Avicii,5
100,2VKGO4DNyUK5UxCQB3b3DF,Adrenaline,ATEEZ,5
100,0GjEhVFGZW8afUYGChu3Rr,Dancing Queen,ABBA,5
100,0pqnGHJpmpxLKifKRmU6WP,Believer,Imagine Dragons,5
100,1wV6lCsV2PCeVZlyGTkVPt,East To West,Casting Crowns,5
100,4Ic6LC7I1xNPK1eLrX0qY8,you can't eat cats kevin,Mom Jeans.,5
100,1xulVUlt4ip3iu2EjrV4ZT,The Book of Love,The Magnetic Fields,5
100,2CnjDMdpRjlWv04Xk3s6MW,Robin,Taylor Swift,5
100,63CSKIfM2wO1K2huueWnMz,BodyPartz,Luci4,5
100,5JXtkWtuqS8Dm8sKbtPGWa,9,Dean Blunt,5
100,7H7NyZ3G075GqPx2evsfeb,Chamber Of Reflection,Mac DeMarco,5
100,7eWGnKg4B44sbBPpQp4y2c,Dragonball Durag,Thundercat,5
100,1WbhIxkn5ECsOwUm795iX1,Star Shopping,Lil Peep,5
100,3mRM4NM8iO7UBqrSigCQFH,"Stayin' Alive - From ""Saturday Night Fever"" Soundtrack",Bee Gees,5
100,5QO79kh1waicV47BqGRL3g,Save Your Tears,The Weeknd,5
100,2xxjQg2hh2Rjm7EY9OhZXY,Agony,Yung Lean,5
100,5fbQCQt91LsVgXusFS0CCD,Disorder - 2007 Remaster,Joy Division,5
100,2Ud3deeqLAG988pfW0Kwcl,All My Friends,LCD Soundsystem,5
100,2Co0IjcLTSHMtodwD4gzfg,I Bet on Losing Dogs,Mitski,5
100,7ACxUo21jtTHzy7ZEV56vU,Crazy Train,Ozzy Osbourne,5
100,0SiywuOBRcynK0uKGWdCnn,Bad Romance,Lady Gaga,5
100,3dnP0JxCgygwQH9Gm7q7nb,Ella Baila Sola,Eslabon Armado,5
100,6xL9MJ2yt39HPPZPyGkRy8,Untouchable,YoungBoy Never Broke Again,5
100,27NovPIUIRrOZoCHxABJwK,INDUSTRY BABY (feat. Jack Harlow),Lil Nas X,5
100,762B4bOcXF7I2Y8UlKTyTy,Chiquitita,ABBA,5
100,1QrbZhFYlViXd60g130vw1,Caramel,Sleep Token,5
100,17dThjNLsDRXsX855um2a1,never enough,otuka,5
100,1jypmXUJgxWKWJZdDsJiXQ,Why Not,Hilary Duff,5
100,1qA7crrPzO702kDZgRAhyk,HOTEL LOBBY (Unc & Phew) - A COLORS SHOW,Quavo,5
100,4T6FWA703h6H7zk1FoSARw,New Light,John Mayer,5
100,5A7ldx7fFEEsHvl5XEnGUA,Winter Snakes,Joy Again,5
100,786f01L1AbBOGr0WmAs54w,New Flesh,Current Joys,5
100,3sP3c86WFjOzHHnbhhZcLA,Give Your Heart a Break,Demi Lovato,5
100,3PBFvQMIbEe2nT569OyI9w,"Kapitel 8.2 - Der Tote vom Maschsee (Hannover-Krimis, Band 1)",Susanne Mischke,5
100,0OaunKfsxkgBvPv68jBbmm,It Wasn't Me,Shaggy,5
100,47xKMQCtAn2C4hL9h5EvQy,Get Used to It,Ricky Montgomery,5
100,0obBFrPYkSoBJbvHfUIhkv,Sexy And I Know It,LMFAO,5
100,6jmTHeoWvBaSrwWttr8Xvu,I Mean It (feat. Remo),G-Eazy,5
100,5SsR3wtCOafDmZgvIdRhSm,Man Of The Year,ScHoolboy Q,5
100,7k42ztYdHyKWrKrENxwjkV,Atmosphere - 2020 Digital Remaster,Joy Division,5
100,1hTbH1tGOQ2sqVav7iDHfQ,Broadview,Slow Pulp,5
100,360ZhWvMnyXKYFG9Mqsm89,Evacuate The Dancefloor - Radio Edit,Cascada,5
100,7FYH5AW3bVfZHJIQpq3UOA,I Don't Fuck With You,Big Sean,5
100,0qMZXgcLfkl5RI3q50KHMH,Dumbest Girl Alive,100 gecs,5
100,1mea3bSkSGXuIRvnydlB5b,Viva La Vida,Coldplay,5
100,7DzzfrIaYnIvzkI898X79J,What You Were,The Drums,5
100,4u7vj352S98d9iA7ac1EVG,Alesis,Mk.gee,5
100,0uiHiwJzQvWLTETzEZRxFG,Co-Star,Amaarae,5
100,0H8jxhMD5p4dOE15REvWak,M.I.A.,Feng,5
100,003FTlCpBTM4eSqYSWPv4H,"Swing, Swing",The All-American Rejects,5
100,5L95vS64rG1YMIFm1hLjyZ,Rollercoaster,Bleachers,5
100,1i1fxkWeaMmKEB4T7zqbzK,Don't Let Me Down,The Chainsmokers,5
100,4X2YuFX8I7FEVrXmV2w674,"Keep On Chooglin' - Remastered / Live At The Oakland Coliseum, Oakland, CA / January 31, 1970",Creedence Clearwater Revival,5
100,6w6SW8zyEcyxwSR7Wya45a,Blue Suede,Vince Staples,5
100,7zAt4tdL44D3VuzsvM0N8n,Afterlife,Avenged Sevenfold,5
100,5TRPicyLGbAF2LGBFbHGvO,Flashing Lights,Kanye West,5
100,3SAga35lAPYdjj3qyfEsCF,Feel It (From “Invincible”),d4vd,5
100,5kI88ybsxuqXdmnOATVXN7,XY,Feng,5
100,5ry2OE6R2zPQFDO85XkgRb,Money In The Grave (Drake ft. Rick Ross),Drake,5
100,609E1JCInJncactoMmkDon,BESO,ROSALÍA,5
100,3oBNQdDbNrs8wQbcZ3BXwP,Velvet Ring - 2023 Remaster,Big Thief,5
100,3DzlR0kXE6shimFVhSwI4A,Trouble on My Mind,Pusha T,5
100,2C3B3dva983HPMojFqWLOp,The Trooper (2015 Remaster),Iron Maiden,5
100,4v2r3H6YEQIlxS4Z1njwoe,"Trunks (From ""Highest 2 Lowest"")",A$AP Rocky,5
100,5mtTAScDytxMMqZj14NmlN,love.,wave to earth,5
100,1XTY6rA7XQosc0ynkkE9kN,Black Friday,Tom Odell,5
100,4wVOKKEHUJxHCFFNUWDn0B,Chicago Freestyle (feat. Giveon),Drake,5
100,6xpDh0dXrkVp0Po1qrHUd8,Adam's Song,blink-182,5
100,2pA4ip3VIEVcIa3qE02oAX,"10,000 Emerald Pools",BØRNS,5
100,7falOwHJ9MjskdcNehIh79,Nothing In My Way,Keane,5
100,2DNXgvkyv35vTWvdgjs7qn,Someone New,Hozier,5
100,2bFB6dc6kTmSW56Ds4W20i,TL;DR,Bladee,5
100,249E7AgSyA4vhtXNEjQYb5,Wicked Games,The Weeknd,5
100,0PSZ9G584Ve27GK6ThlY6P,Lady Marmalade - Single Edit,Christina Aguilera,5
101,7z8sOQkzkoT9SCYQSWenjs,Music Takes You Back,Modjo,5
101,3UhhRDkHWz7D28BkejHzqI,Razzmatazz,I DONT KNOW HOW BUT THEY FOUND ME,5
101,0FO4lzbW7ufcYSc1iHune9,Seagirl,King Krule,5
101,4eLn7z31zqzEdlKSgesohf,Good People,Jack Johnson,5
101,3kZC0ZmFWrEHdUCmUqlvgZ,I Will Follow You into the Dark,Death Cab for Cutie,5
101,6uhj7EIZZm3OwVr0gWfkQn,Jaded,Aerosmith,5
101,6IdyYbGg1jxiWhfwm2Ykjn,Jaded,Spiritbox,5
101,429IbFR4yp2J81CeTwF5iY,Sweetness,Jimmy Eat World,5
101,0ey0KwCzoUdjvPzbLX8qSa,In On It,Superheaven,5
101,2YZa0dsV3xXGZ61XFYiRt8,Rewind,Wonder Girls,5
101,6Xc5cfbWz7MUxqAZpxj2bT,Alocate,Zion,5
101,0otn0qLAM0yAXHNSiRsHwq,Adult Diversion,Alvvays,5
101,3Rc2ajBMInxeNGVkMPC92Y,Dancing On My Own,Robyn,5
101,3WMbD1OyfKuwWDWMNbPQ4g,Daddy Cool,Boney M.,5
101,3702l19pLmnSRKFEzDnVeM,Dior,Pop Smoke,5
101,4hZAxSYVhaiFousCQM8LFc,Morto Mai (Piano Solo),Lazza,5
101,26qQf1Wmyy3ZZkagqCu5kp,Lemonade,Tay-K,5
101,2YFc0r6PUWDAeE38vJnCxR,ghost girl,Lil Peep,5
101,0Dx352kZFiXR1NlcEMDJZx,Diplomat's Son,Vampire Weekend,5
101,5uCax9HTNlzGybIStD3vDh,Say You Won't Let Go,James Arthur,5
101,5hc71nKsUgtwQ3z52KEKQk,Somebody Else,The 1975,5
101,4bjN59DRXFRxBE1g5ne6B1,Haegeum,Agust D,5
101,4gMgiXfqyzZLMhsksGmbQV,"Another Brick in the Wall, Pt. 2",Pink Floyd,5
101,31B7wLv4yvtjDoTTmbnxeE,Jungle,Fred again..,5
101,4Gd6yYZtA0U0fQbphXZGWI,Viol,Gesaffelstein,5
101,6GtX0jaNL8IjVQfrDBx81z,Bullet With Butterfly Wings - Remastered 2012,The Smashing Pumpkins,5
101,05lLXO1gallwajxAD4aTvE,Christmas Dirtbag,Wheatus,5
101,1Ahp4PZ1vzdbzBCedUrsqI,The One,Jorja Smith,5
101,5ZfMBw3QdSMAHSEDa8FoA0,Savage Funk,Anitta,5
101,7fAE6UnMoTfcrQCnrdwtBT,Bloody Valentine,Kim Petras,5
101,4u8IPU322yG7mNrqv89GGL,Hey Sexy Lady,Shaggy,5
101,4ISmCP4vmCPTW02dgh5rYN,The Smooth Kind,Larry June,5
101,5mvKuE9Lf9ARVXVXA32kK9,Price Tag,Jessie J,5
101,7ne4VBA60CxGM75vw0EYad,That’s So True,Gracie Abrams,5
101,3Vo4wInECJQuz9BIBMOu8i,Finesse - Remix; feat. Cardi B,Bruno Mars,5
101,0kshHISCRGn9MwpkbqafG4,BIRDS,Turnstile,5
101,5oQpH1uuZte4axR411rIlN,SPECIALZ,King Gnu,5
101,4hrxPxnI4hCZdUusjcGaXh,Clouds,Pastel Ghost,5
101,78aWIBZMTcqg4mvPpUdhss,Can't Hold We Down (feat. Popcaan),Kano,5
101,7GVvj4zJNVuBJSl6StEfn5,Only A Fool Would Say That,Steely Dan,5
101,4o05DiC0RQ9DNtGJGauwna,Queen of Mean,Sarah Jeffery,5
101,3vh8Ezgb0iwZTTOO8sJo1Y,Still,You'll Never Get to Heaven,5
101,2BzEsfwqucjlBSFu8s74sz,Crushed,Parkway Drive,5
101,6t6oULCRS6hnI7rm0h5gwl,Some Nights,fun.,5
101,26fZwf1ImE4aUJ4XaqOkUg,No One Like You,Scorpions,5
101,2aBxt229cbLDOvtL7Xbb9x,Always Be My Baby,Mariah Carey,5
101,5l3SLqtRpeU9F50GLFBRtG,Montana,French Montana,5
101,5D2mYZuzcgjpchVY1pmTPh,Candy Shop,50 Cent,5
101,0skYZXWfbJtGlmRRRvQI4A,Willows,Hans Williams,5
101,5OsHySqSwYLLfot5EswbON,Altitude,Montell Fish,5
101,0zO8ctW0UiuOefR87OeJOZ,Collard Greens,ScHoolboy Q,5
101,6quGF3Kvzd5WYEEuCmvCe1,"World, Hold On - FISHER Rework",Bob Sinclar,5
101,55mJleti2WfWEFNFcBduhc,Schism,TOOL,5
101,0fCwTrRNfoNk962ati8n2K,All Your'n,Tyler Childers,5
101,3BpiaGyTIb7VIoAYbvSzTH,Réu Confesso,Tim Maia,5
101,19MkwMrRjO7773zpuGss1o,Shake the Frost (Live),Tyler Childers,5
101,3rPtS4nfpy7PsARctAWpzd,Best Friend,Rex Orange County,5
101,0tTfzkTDrCO9iX5hiBHjl7,Blue Fairy,Clarion,5
101,7H6ev70Weq6DdpZyyTmUXk,Say My Name,Destiny's Child,5
101,00wVUmnYUKnxmKYBBqPhkR,Devilish Smile,Rock Dolo,5
101,5l6hpyTGBK0LAAxgPnqTQL,Look After You,The Fray,5
101,5gZ8nTiDCrI6IIk447z04i,What?,Rob Zombie,5
102,14vmDsQzcgcObvshp3drhe,Alócate,Zion,5
102,3pXF1nA74528Edde4of9CC,Don't,Bryson Tiller,5
102,0DWdj2oZMBFSzRsi2Cvfzf,TQG,KAROL G,5
102,7M2tXmeS15NAzEn7ABFeBg,Homicide (feat. Eminem),Logic,5
102,5yr8pi3uCjTYOnTqstBBdm,Let's Get It On,Marvin Gaye,5
102,5Q0Nhxo0l2bP3pNjpGJwV1,Party In The U.S.A.,Miley Cyrus,5
102,503OTo2dSqe7qk76rgsbep,Still D.R.E.,Dr. Dre,5
102,2llbj6W90VcwPBSnfQXLrt,Somebody That I Used To Know - 4FRNT Remix,Gotye,5
102,5vuJuBqwzHJgCA1ysRfwxZ,good kid,Kendrick Lamar,5
102,6EJiVf7U0p1BBfs0qqeb1f,Cut To The Feeling,Carly Rae Jepsen,5
102,6jmTHeoWvBaSrwWttr8Xvu,I Mean It (feat. Remo),G-Eazy,5
102,54bzhkAeWNCzl6Reh4h8pV,The Kill (Bury Me),Thirty Seconds To Mars,5
102,4MTgIH5OZQHAbdBWgbKSAb,MUKANJYO,Survive Said The Prophet,5
102,2mlNgAeIBnL78ZriXgrRHz,Glimpse of Us,Joji,5
102,6mvseEofkXVqGxyqpAXDpY,loser :(,ivri,5
102,18vXApRmJSgQ6wG2ll9AOg,RAPSTAR,Polo G,5
102,67BtfxlNbhBmCDR2L2l8qd,MONTERO (Call Me By Your Name),Lil Nas X,5
102,0vLwL4xuJ3s7SeaCdvMqkY,Call Me,Blondie,5
102,7vYA9ET5AUqJt5pBbhKmcB,Don't Let Me Be Misunderstood,The Animals,5
102,3fqwjXwUGN6vbzIwvyFMhx,Tennessee Whiskey,Chris Stapleton,5
102,1kXmApTm4wonqscYBoLwxj,All Hands on Deck,Tinashe,5
102,4UFj2SLrRhYDPedJWO5bwk,What they say,Nettspend,5
102,5vRPXm59z8ewWO6WiJHg3m,My Own Prison,Creed,5
102,1CdqVF1ywD0ZO1zXtB9yWa,Break Your Heart,Taio Cruz,5
102,0wbDgMuAoy7O7pL3a69uZx,Give It To Me,Timbaland,5
102,0lx2cLdOt3piJbcaXIV74f,willow,Taylor Swift,5
102,0AWbhOimtlECEsQP0H5J6Q,CARNAVAL,Marina Sena,5
102,4Uiw0Sl9yskBaC6P4DcdVD,Be Quiet and Drive (Far Away),Deftones,5
102,4WFgvKVfEhb3IUAFGrutTR,Love Me Not,Ravyn Lenae,5
102,2Iu15Xr1bSM6cP6WyZNtDT,I like to touch people,Audrey Hobert,5
102,3MAgQuClHcAV8E9CbeBS6f,Lotus Flower Bomb (feat. Miguel),Wale,5
102,2igNvPf7RLTZG688Mx8GtU,"girl, get up. (feat. SZA)",Doechii,5
102,1V6gIisPpYqgFeWbMLI0bA,Heart Attack,Demi Lovato,5
102,0LH7ijaQi0ybY6Oe4SCLo1,Watering My Plants,Larry June,5
102,02YWpfMAUVTvsbhu3QO9fM,Sleep Talking,Indigo De Souza,5
102,0joQFwiBKmi6X1Iq5R1ubH,Codeine Crazy,Future,5
102,2T8yuUKl1nhmtaIocqWo4i,Berghain,ROSALÍA,5
102,7k42ztYdHyKWrKrENxwjkV,Atmosphere - 2020 Digital Remaster,Joy Division,5
102,4YhG0wYSsxcpe3RGeXgj9v,<demons>,Kim Petras,5
102,6uEvFCaOqXyEidoO8BZbyh,Du hast,Rammstein,5
102,3qQbCzHBycnDpGskqOWY0E,Ella Baila Sola,Eslabon Armado,5
102,53DB6LJV9B8sz0p1s6tlGS,Roll Up,Wiz Khalifa,5
102,1A3qSmHLIjPhFoNVIn2JGz,TANAKA 2,Joey Valence & Brae,5
102,29LsI5izZL8txZEJhegSBs,Ptolemaea,Ethel Cain,5
102,5veJDT0MLsLbhYsx42GXUD,Don't Stand So Close To Me,The Police,5
102,5GPAV4NrGqQZajJw5Z1SkX,About Her,yeule,5
102,0skYZXWfbJtGlmRRRvQI4A,Willows,Hans Williams,5
102,0LdIVAcALGjlmKnwN36WMg,Fall Back,Lithe,5
102,5MYPciceOHMd7Vl7ntELEq,Candy,Plan B,5
102,1mWdTewIgB3gtBM3TOSFhB,Butter,BTS,5
102,0v9Wz8o0BT8DU38R4ddjeH,No Problem (feat. Lil Wayne & 2 Chainz),Chance the Rapper,5
102,4VQNCzfZ3MdHEwwErNXpBo,All Eyez On Me (ft. Big Syke),2Pac,5
102,7hsulgRNgbyczeAg8tChCB,NEVER,JID,5
102,4qG7hWhljsqqENL5PaLA2z,Let The Light In (feat. Father John Misty),Lana Del Rey,5
102,78bsqObGFUD5ntweePBhIY,Van Horn,Saint Motel,5
102,0VhgEqMTNZwYL1ARDLLNCX,Can I Be Him,James Arthur,5
102,3scptj8Idke3JxqmewOlJ9,Ray Mysterio (feat. Westside Gunn & Conway),The Alchemist,5
102,0ful4PHfTIxzXiZSZsXQ0H,Oxford Comma,Vampire Weekend,5
102,7GX5flRQZVHRAGd6B4TmDO,XO Tour Llif3,Lil Uzi Vert,5
102,02gYTLDCIGVM9Y9r4vDb2a,Soap (feat. PinkPantheress),Yves,5
103,4R5GN0mBvb6jkRj3Zvyhkl,Will I See You Again?,Thee Sacred Souls,5
103,7CAbF0By0Fpnbiu6Xn5ZF7,Kingslayer (feat. BABYMETAL),Bring Me The Horizon,5
103,4v2r3H6YEQIlxS4Z1njwoe,"Trunks (From ""Highest 2 Lowest"")",A$AP Rocky,5
103,2dBwB667LHQkLhdYlwLUZK,Summertime Sadness,Lana Del Rey,5
103,4x2PkqSLtuwv53hLqq4GiY,Backburner,NIKI,5
103,43zr9kKkeiQrshvYuvNtfM,Someone To Call My Lover,Janet Jackson,5
103,01YROQCnF1AQm7SCWJmD2o,This Is Halloween,The Citizens of Halloween,5
103,0bfvHnWWOeU1U5XeKyVLbW,Can't Take My Eyes off You,Frankie Valli,5
103,44MuEHdlociG8KjhPhOVw5,Padam Padam,Kylie Minogue,5
103,4wSmqFg31t6LsQWtzYAJob,Genesis,Justice,5
103,0T5iIrXA4p5GsubkhuBIKV,Until I Found You,Stephen Sanchez,5
103,5L7MoCA875qqRJoKnGCxkE,TOMBOY,i-dle,5
103,4fxF8ljwryMZX5c9EKrLFE,Boombastic,Shaggy,5
103,4ABzNwtzvzvXsQMBIrdF39,Pontos De Luz,Gal Costa,5
103,7tUEDtHchueeUJTfEFEhii,Right Here - Human Nature Radio Mix,SWV,5
103,3GXSywNvYLAVUCtjMHkKDh,E. Coli (feat. Earl Sweatshirt),The Alchemist,5
103,4Se3fXoHJkcraQzJXo2IYn,Monëy so big,Yeat,5
103,3SpRtNO7GKWaFyWydXArvn,astrid,glaive,5
103,5G9LvzXcBoIBXOd2jzdJTs,Venus as a Boy,Björk,5
103,7KBwU1bouDcULSjHjpdoFb,She's Like A Star,Taio Cruz,5
103,1KuNhOubescxn3xD6WNI7Q,Do It,Stray Kids,5
103,15kLz0zNFdtsaJdXKSGmTU,The Drugs Don't Work,The Verve,5
103,4v2rkl1mC3zVAz0nXMx9r4,Heart Of Glass,Blondie,5
103,5l6hpyTGBK0LAAxgPnqTQL,Look After You,The Fray,5
103,7GxaIFqvSXvAg18ai8i0gT,Girls' Generation,Girls' Generation,5
103,2hCFo7Rd91GyhyamQgrV3b,CUT,Panchiko,5
103,4oE7MyJhqSD3BaHRpNs8Nl,JANE DOE,Kenshi Yonezu,5
103,0djkJ3iAARXRCbfbwwVc3o,Love wins all,IU,5
103,0NLm9bQG7ikL5k9x9TtYT7,Here With Me,d4vd,5
103,2Y0iGXY6m6immVb2ktbseM,Little Dark Age,MGMT,5
103,4cTSnpyaIR1qGaTOLJunDM,BTS Cypher 4,BTS,5
103,2GYHyAoLWpkxLVa4oYTVko,Alors on danse - Radio Edit,Stromae,5
103,2Iu15Xr1bSM6cP6WyZNtDT,I like to touch people,Audrey Hobert,5
103,7yoXY59Fon8io1k2lir2z3,Dog Tag freestyle,Bassvictim,5
103,00Mb3DuaIH1kjrwOku9CGU,Sk8er Boi,Avril Lavigne,5
103,4l7YIni9bAiGwWMqK5wvgV,You Learn - 2015 Remaster,Alanis Morissette,5
103,0q6LuUqGLUiCPP1cbdwFs3,On Melancholy Hill,Gorillaz,5
103,4ykQ18swXrkrrbwsZKxQo7,Old Friends,Pinegrove,5
103,4MHORmGs8oN7AASfGmApcM,Something In The Heavens,Lewis Capaldi,5
103,3ZtATjifj77MvRJbJQYJIt,Kick It,NCT 127,5
103,63x2OcQds6Dnt41KZyVdGX,Raze It Up,Onyx,5
103,4Iedi94TIaB2GGb1nMB68v,On Me,Lil Baby,5
103,0bmVH05tjN9jVh3kB1TfpR,In This Darkness,Clara La San,5
103,5BsigwhOMHxCkF6ntEhUQ5,how u feel?,Destroy Lonely,5
103,0R8bei2Q3U688hu4XEwMq3,Ride,Sir Mix-A-Lot,5
103,2bZIDMpzVooosmPHn0tHnd,STEREOTYPE,STAYC,5
103,263aNAQCeFSWipk896byo6,Friday I'm in Love,The Cure,5
103,2ctvdKmETyOzPb2GiJJT53,Breathe (In the Air),Pink Floyd,5
103,0YkXRZcetpqI3VzjE9Sey6,Morning Dew,Xavier Wulf,5
103,3Vo4wInECJQuz9BIBMOu8i,Finesse - Remix; feat. Cardi B,Bruno Mars,5
103,6IPwKM3fUUzlElbvKw2sKl,we fell in love in october,girl in red,5
103,3XKIUb7HzIF1Vu9usunMzc,Maria Maria (feat. The Product G&B),Santana,5
103,2aPTvyE09vUCRwVvj0I8WK,Sundress,A$AP Rocky,5
103,3YgtkOxZsTuaZdL8McA1FQ,adore u,Fred again..,5
103,1vFLg6nWigxe7H8pw2GT6z,Bad Moons,American Football,5
103,72sfmdpuO5r8cBDgs7MqZZ,UNDERSTAND,keshi,5
103,2pg2TiYo9Rb8KeB5JjP7jS,Sativa,Jhené Aiko,5
104,4kpywGFDailKERiDjFUw5Y,The Game,Disturbed,5
104,6snoOAATGyud5oaIT9gwws,The Happy Song,Imogen Heap,5
104,3ZgkHyoKfNMcHTXC0X1qQj,Cloud 9,Beach Bunny,5
104,3BQAK2pnTpfZvLg2MUUU5i,Samurai (feat. Stevie Wonder),Djavan,5
104,7yFhA2fUsL2oIMWlw5DaHQ,The Bones,Maren Morris,5
104,1csPfS6y1zVsZx7SbXJDXJ,Shed,Title Fight,5
104,2mzM4Y0Rnx2BDZqRnhQ5Q6,Free Mind,Tems,5
104,48NXpYRuvv9izul4oXhqS9,Salió El Sol,Don Omar,5
104,4MagTPnkPiDuIa4P8GtW1b,I Like Me Better,Lauv,5
104,0bmm9xZUJQDR1tBhWtIXVM,Wild Things,Alessia Cara,5
104,4kNKL8kCCV3vt9U2k28Lyx,Finale,Toby Fox,5
104,57RA3JGafJm5zRtKJiKPIm,Are You Bored Yet? (feat. Clairo),Wallows,5
104,6sEqGYDoVKk88agceDbYGk,Stratosphere,Duster,5
104,2206j6VX2vU9N4hnucVGxc,lie,2hollis,5
104,66O0pFEFp23dgYjoAd6RKK,The Big Big Beat,Azealia Banks,5
104,33HRECrmuelZxOpid6XTNX,Alison,Slowdive,5
104,7pNC5ZIKtwUK0ReSpM3P9f,Black Widow,Iggy Azalea,5
104,2GxrNKugF82CnoRFbQfzPf,i like the way you kiss me,Artemas,5
104,5RgFlk1fcClZd0Y4SGYhqH,She's Always a Woman,Billy Joel,5
104,0qi4b1l0eT3jpzeNHeFXDT,Just Can't Get Enough,Depeche Mode,5
104,4IvZLDtwBHmBmwgDIUbuwa,Here Comes Your Man,Pixies,5
104,5AnCLGg35ziFOloEnXK4uu,Adore You,Miley Cyrus,5
104,3SFTOkdpITsy3BVPdXZiUo,Still Livin',Freddie Gibbs,5
104,2OKo7g3KfmCt3kyLvUAL0g,The Search,NF,5
104,6tDDoYIxWvMLTdKpjFkc1B,telepatía,Kali Uchis,5
104,2J051fjLklkoPbzOoTAACZ,"Sally, When The Wine Runs Out",ROLE MODEL,5
104,5oYVxFt2k4SkVp6wzVsFWN,"Ride Or Die, Pt. 2 (with Villano Antillano & Tokischa)",Sevdaliza,5
104,0nkzd3yNniB767zSDDdLZ3,Awake and Alive,Skillet,5
104,6GNBpdqvyzEGUTOFmjz2MV,Euphoria,late night drive home,5
104,5Uptvz6j1sjDKxidAcnH2L,SI NO ES CONTIGO,Cris MJ,5
104,3htJKHlAjUoRmNLheJ8uTV,Tantrum,Ashnikko,5
104,2tpWsVSb9UEmDRxAl1zhX1,Counting Stars,OneRepublic,5
104,6qspW4YKycviDFjHBOaqUY,Waterfalls,TLC,5
104,0uXO2GrNiIb1xHT9LUdxZE,Sexy Bitch (feat. Akon),David Guetta,5
104,6pL5MtUDvcszt8IK7u4AM2,ROAR (MINGI),ATEEZ,5
104,10I09MLZCY4pK37XxAfkw0,True - 2003 Remaster,Spandau Ballet,5
104,0CYA8VNDlMFy3pmT0iVYQG,I've Got Rights,"Hank Williams, Jr.",5
104,0cbVD7WpHVdHUKwoolzhCZ,FUK SUMN,¥$,5
104,6sQH5GFuqhvemSdP2oOfRi,Pretty Boy Swag,Soulja Boy,5
104,73CMRj62VK8nUS4ezD2wvi,Set Fire to the Rain,Adele,5
104,5Fhr3wqeieN5WDkAsqL1JJ,MONA LISA,j-hope,5
104,18n0voG6fG03ogJznGiyWD,Just Your Doll,Snow Strippers,5
104,2dKkVF2m160z0RNDN2dddc,NISSAN ALTIMA,Doechii,5
104,2JoZzpdeP2G6Csfdq5aLXP,How Deep Is Your Love,Bee Gees,5
104,2bnDTGikdoO8CwzlAPyBHR,"Airplanes, Pt. II (feat. Eminem & Hayley Williams of Paramore)",B.o.B,5
104,02YWpfMAUVTvsbhu3QO9fM,Sleep Talking,Indigo De Souza,5
104,4yqtwO7MQIIXqoiRBPHAgR,Money for Nothing,Dire Straits,5
104,1DqdF42leyFIzqNDv9CjId,Dynamite,Taio Cruz,5
104,2oENJa1T33GJ0w8dC167G4,Fire Burning,Sean Kingston,5
104,6EUjksHprxyLw7dbNZtACA,Stateside + Bladee,PinkPantheress,5
104,6dWilYAxP2aJbTTt0UsatK,Lover Girl,Laufey,5
104,4skuEIloXWuxxgekKupkEH,Tu Falta De Querer,Mon Laferte,5
104,6I3mqTwhRpn34SLVafSH7G,Ghost,Justin Bieber,5
104,1NCuYqMc8hKMb4cpNTcJbD,Another Day in Paradise - 2016 Remaster,Phil Collins,5
104,3znSvEwBq09We4cxxmwlZM,Chains & Whips,Clipse,5
104,0QCuMBeqdWkwFUTO1WlAjH,Seaside,The Kooks,5
104,412LyfktkgWKEn8kmKiyQe,Comfortable Liar,Chevelle,5
104,0M3adYbGtyRHACP86dey1H,Throne,Bring Me The Horizon,5
104,0QHEIqNKsMoOY5urbzN48u,Made You Look,Meghan Trainor,5
104,4uUG5RXrOk84mYEfFvj3cK,I'm Good (Blue),David Guetta,5
104,6Hzle86uYcpy3QkcCmMKgE,"Dream, Ivory","Dream, Ivory",5
104,2uwnP6tZVVmTovzX5ELooy,Power Trip (feat. Miguel),J. Cole,5
104,4jvjzW7Hm0yK4LvvE0Paz9,Falling Down - Bonus Track,Lil Peep,5
104,6wpDQGn3Gl0j9Wt6D6mYvQ,O Descobridor Dos Sete Mares,Tim Maia,5
104,3td69vL9Py7Ai9wfXYnvji,When You Die,MGMT,5
104,0knbMPVHpFbsx38pLoYSRs,Hysteria,Muse,5
104,4iG2gAwKXsOcijVaVXzRPW,Time to Pretend,MGMT,5
104,7kVoPBSlGghzLoQjODkxGD,Your Graduation,Modern Baseball,5
104,1ElGmhauttS9p7LwmHG9uM,Sometimes (Backwood),Gigi Perez,5
104,6kn8q1Gzc1G2EBdpW9CnEE,Pinball Wizard - with Orchestra,The Who,5
104,7EEpVPYeW8Ycaw2SlP1u7f,Just Say Yes,Snow Patrol,5
104,6FZDfxM3a3UCqtzo5pxSLZ,Without Me,Halsey,5
104,0SVvyfRMFMRJzc0L2odX20,Fill In The Blank,Car Seat Headrest,5
104,0skYZXWfbJtGlmRRRvQI4A,Willows,Hans Williams,5
104,4zfQER4owi8q6NL8Gg63Ya,CRAZYZ,Fuerza Regida,5
104,1Ukxccao1BlWrPhYkcXbwZ,From The Start,Laufey,5
105,19Dhj2zNpcTX2mBYrxlkax,TMW,Avenoir,5
105,3PzsbWSQdLCKDLxn7YZfkM,I'm On Fire,Bruce Springsteen,5
105,54cndId4zaTpxiheavHpVR,TABLOID TALK (feat. underscores),Aries,5
105,0bMoNdAnxNR0OuQbGDovrr,ANTIFRAGILE,LE SSERAFIM,5
105,6snoOAATGyud5oaIT9gwws,The Happy Song,Imogen Heap,5
105,3A4U3uNNsMaI1vWBey3VYH,Plan B,Megan Thee Stallion,5
105,5zb7npjQqoJ7Kcpq4yD9qn,You Want It Darker,Leonard Cohen,5
105,3XgGQ1wjo5khvq2UImjyNF,ALL MINE,Brent Faiyaz,5
105,0nsIevK1SeDfZzDOi6Si75,Crush,Ethel Cain,5
105,3dnP0JxCgygwQH9Gm7q7nb,Ella Baila Sola,Eslabon Armado,5
105,6F5c58TMEs1byxUstkzVeM,Roar,Katy Perry,5
105,5AqiaZwhmC6dIbgWrD5SzV,"Peso Pluma: Bzrp Music Sessions, Vol. 55/66",Bizarrap,5
105,2A5cwtDZpk7RvsPolrF4UL,Excavator,Don Toliver,5
105,5wht91j4wnPotO8iClHkI3,In My Room - Acoustic,Julia Wolf,5
105,2ktg2oZDyFAX3iY1QNkXl5,Session 32,Summer Walker,5
105,0RjG5JmdOWXAR68dGlKBA5,Hidden In the Sand,Tally Hall,5
105,0osPX8TruIebOhKuG6GK8C,On My Level (feat. Too $hort),Wiz Khalifa,5
105,7H7NyZ3G075GqPx2evsfeb,Chamber Of Reflection,Mac DeMarco,5
105,59ywHNwwchG4nZJMLyxSzd,Clout (feat. Cardi B),Offset,5
105,6ScJMrlpiLfZUGtWp4QIVt,A Milli,Lil Wayne,5
105,22hh7XuHzMYw7u6uqS4xcE,The Internet is Where We Met,Kempachii,5
105,26fZwf1ImE4aUJ4XaqOkUg,No One Like You,Scorpions,5
105,44sYqNBttbXNxya33FJ3Dj,Camelot,NLE Choppa,5
105,2IvclMRRfknwnR6wgk5uIn,Adelaide's Lament,Faith Prince,5
105,41P6Tnd8KIHqON0QIydx6a,the perfect pair,beabadoobee,5
105,4b2fMv44GAYpsDSK4ihbsI,Armageddon,aespa,5
105,6RM6SBmaiv1ouUxh9nmQLj,Easter Pink,fakemink,5
105,1jYiIOC5d6soxkJP81fxq2,"I'm the One (feat. Justin Bieber, Quavo, Chance the Rapper & Lil Wayne)",DJ Khaled,5
105,5psSRwJyVXRmJJ4PIwf5B1,El Profeta,Los Huracanes del Norte,5
105,5TKTBDb9p1npApJLuQLd7M,BACKSTAGE,Matuê,5
105,3Gdb4inHtK8UT1MyswIXla,Always a Relief,The Radio Dept.,5
105,4Yqy0GpeDEXLibWJCZyQew,Kickstart My Heart,Mötley Crüe,5
105,2fyDWKsx5904KnZMGllmAv,A Sad Cartoon,Loathe,5
105,4frLb7nWtsz2ymBE6k2GRP,Earned It (Fifty Shades Of Grey),The Weeknd,5
105,1wuB9MID26ep43OlkOtBXd,Que Pena (Ele Já Não Gosta Mais De Mim),Gal Costa,5
105,6IAuH3hgTRpUUdmOGubXGS,Can I Call You Rose?,Thee Sacred Souls,5
105,0ey0KwCzoUdjvPzbLX8qSa,In On It,Superheaven,5
105,3tFed7YsjGnIfxeLEQwx3R,"Sticky (feat. GloRilla, Sexyy Red & Lil Wayne)","Tyler, The Creator",5
105,2yGN2jnrtn4Y4f8bINK8DV,Dayglow,Narnara,5
105,46gSk82duJtX3TTA182ruG,This fffire - New Version,Franz Ferdinand,5
105,1A3qSmHLIjPhFoNVIn2JGz,TANAKA 2,Joey Valence & Brae,5
105,0lUSd7TCG8srh6HpIAEIWL,Power,Little Mix,5
105,61mWefnWQOLf90gepjOCb3,Duality,Slipknot,5
105,0YUrjFy4qFKOO5NhM9tYdV,Locked Up,Akon,5
105,0khMRTeMTOkwvqE9fJdgGH,Red Velvet (with Ari Abdul),Jutes,5
105,0Sca8SubjrmkI4e6ZGxcuO,DArkSide - L.I.V.E. In São Paulo (Live Immersive Virtual Experiment),Bring Me The Horizon,5
105,4R5GN0mBvb6jkRj3Zvyhkl,Will I See You Again?,Thee Sacred Souls,5
105,6nzXkCBOhb2mxctNihOqbb,Bad Girls,M.I.A.,5
105,2jdAk8ATWIL3dwT47XpRfu,Slow Dancing in a Burning Room,John Mayer,5
105,29JEOX0xLF9y6q8oILX2QH,Take Off Ur Pants,Indigo De Souza,5
106,7w5AOd6HrDIHewHfpABEss,Wicked Game,Chris Isaak,5
106,23uUytja1B1mUOOIoygf6u,Angels in Tibet,Amaarae,5
106,5VnpYqIzm02X9gOhVElQo3,"Telephone Calls (feat. A$AP Rocky, Tyler, The Creator, Playboi Carti & Yung Gleesh)",A$AP Mob,5
106,3zb6SWbtSON0DGs7xPibeY,"Fine, Great",Modern Baseball,5
106,48G4rDLisHuVgCKg872Tu5,NASA,ATEEZ,5
106,1pm7lQGl6mvKWDxesZTVFp,Lollipop,Lil Wayne,5
106,5XhMgAWzou6EjDmQtoyoZE,I Love You,Fontaines D.C.,5
106,2CIDqYfIYfl9vx02wIyCG9,All Through the Night,Cyndi Lauper,5
106,5RBOcBpJXaNnHCGViJmYhh,The Perfect Girl,Mareux,5
106,0joQFwiBKmi6X1Iq5R1ubH,Codeine Crazy,Future,5
106,7CIvyuVoWcY0LgUYa1aR5J,SOLO STEPPIN CRETE BOY,Lil Yachty,5
106,5AqiaZwhmC6dIbgWrD5SzV,"Peso Pluma: Bzrp Music Sessions, Vol. 55/66",Bizarrap,5
106,1F5A4LpF8ylUVtPoMAvNvn,Raspberry,GROUPLOVE,5
106,3dPtXHP0oXQ4HCWHsOA9js,夜に駆ける,YOASOBI,5
106,6dKHEOxmG7I6SraR7QFT6e,D.T.B. (Interlude),A Boogie Wit da Hoodie,5
106,0y60itmpH0aPKsFiGxmtnh,Wait a Minute!,WILLOW,5
106,3JvKfv6T31zO0ini8iNItO,Another Love,Tom Odell,5
106,3wdrHVkaD700qA8P3OjmYR,Leonard Cohen,boygenius,5
106,4tU1vbxn9rvUv9VuAUXERx,Ain't it Funny,Danny Brown,5
106,45hOioMDJktr86iKDHC8gr,Girlfriend,Avril Lavigne,5
106,7FXj7Qg3YorUxdrzvrcY25,Fly Me To The Moon - 2008 Remastered,Frank Sinatra,5
106,14WYmNQWvR2TTWoRp8t9Ml,RATATATA,BABYMETAL,5
106,1p80LdxRV74UKvL8gnD7ky,Blank Space,Taylor Swift,5
106,5NQbUaeTEOGdD6hHcre0dZ,679 (feat. Remy Boyz),Fetty Wap,5
106,4ABzNwtzvzvXsQMBIrdF39,Pontos De Luz,Gal Costa,5
106,2ax1vei61BzRGsEn6ckEdL,Straight to Hell - Remastered,The Clash,5
106,6suYoN4gFkanqOBn5yRnJC,Boys Will Be Bugs,Cavetown,5
106,3hpvCB2XjiN6RVedOQ2437,Christmas Time Is Here,Khruangbin,5
106,4eNnMvUrSu2TRpySjVC0Pv,Superbeast,Rob Zombie,5
106,5g7rJvWYVrloJZwKiShqlS,Dirty Paws,Of Monsters and Men,5
106,4BdGO1CaObRD4La9l5Zanz,Sit Next to Me,Foster The People,5
106,7wAJfa8XOZmtCWrsxzE88T,Romantic Lover,Eyedress,5
106,2iUXsYOEPhVqEBwsqP70rE,Youngblood,5 Seconds of Summer,5
106,1aklRy3btsbucImSXvR2SY,Stereo Love - Original,Edward Maya,5
106,6OWWZtNQORY1McaZmOrwhc,GO!,CORTIS,5
106,2T8yuUKl1nhmtaIocqWo4i,Berghain,ROSALÍA,5
106,4WM1hvYr2NC6bQnQXcj3sH,Meat Grinder,Madvillain,5
106,2Co0IjcLTSHMtodwD4gzfg,I Bet on Losing Dogs,Mitski,5
106,3KANrKOFYyAxfjQJHkgBdb,Smile Like You Mean It,The Killers,5
106,3Um9toULmYFGCpvaIPFw7l,What's Going On,Marvin Gaye,5
106,0TKCUjfV3YGuY99MxCKM5w,Knife,ENHYPEN,5
106,25CMmGsl22APKhfuj4Tp7j,It's Been Awhile,Staind,5
106,5Xak5fmy089t0FYmh3VJiY,Black,Pearl Jam,5
106,0gEyKnHvgkrkBM6fbeHdwK,Linger,The Cranberries,5
106,4Gd6yYZtA0U0fQbphXZGWI,Viol,Gesaffelstein,5
106,030OCtLMrljNhp8OWHBWW3,Hey Daddy (Daddy's Home),USHER,5
106,3rUGC1vUpkDG9CZFHMur1t,greedy,Tate McRae,5
106,2A6yzRGMgSQCUapR2ptm6A,True Colors,Cyndi Lauper,5
106,6rW8q1p2GCjGMRAlnxBeo7,Hang With Me,Robyn,5
106,7aHmvUghK3XCEqNRbUeAn4,This Hell,Rina Sawayama,5
106,4DpNNXFMMxQEKl7r0ykkWA,Play Date,Melanie Martinez,5
106,7BzhbpGghSli1uxLQacsEm,Adeus - Mayavin Festival,Edward Maya,5
106,2gmwvGC1yOw8NdMcZE8nfo,Literal Legend,Ayesha Erotica,5
106,2aBxt229cbLDOvtL7Xbb9x,Always Be My Baby,Mariah Carey,5
106,5QC07jdKdQrH1cW7Ag3OJ2,Something's Got A Hold On Me,Etta James,5
106,0Dx352kZFiXR1NlcEMDJZx,Diplomat's Son,Vampire Weekend,5
106,7Em7b6pXUEaG5lqA9IonVv,Só Cachaça Pinga e Pau,MC Keron,5
106,08mG3Y1vljYA6bvDt4Wqkj,Back In Black,AC/DC,5
106,0tWEB6BxbI48XN79QE1JbT,Everybody's Fool,Evanescence,5
106,7hsulgRNgbyczeAg8tChCB,NEVER,JID,5
106,43tVqovviXhkmOV5LOkTn7,Burgundy (feat. Vince Staples),Earl Sweatshirt,5
106,3RAFcUBrCNaboRXoP3S5t1,Psychosocial,Slipknot,5
106,5QDLhrAOJJdNAmCTJ8xMyW,Dynamite,BTS,5
106,0H8jxhMD5p4dOE15REvWak,M.I.A.,Feng,5
106,3N6NXRSqoRSr1eO6MLylQD,Willow,Ryan Price,5
106,2Di0qFNb7ATroCGB3q0Ka7,West End Girls - 2018 Remaster,Pet Shop Boys,5
106,1c2AFg2WpURtpsOTMr6ZBX,Fame is a Gun,Addison Rae,5
106,6ic8OlLUNEATToEFU3xmaH,Gimme More,Britney Spears,5
106,2g1KggY9PKvsoEAOaiz4xx,Daisy,Ashnikko,5
106,786f01L1AbBOGr0WmAs54w,New Flesh,Current Joys,5
106,7Cd17G3oNQ34OWUwS8ZxfR,Lemon,Kenshi Yonezu,5
106,2qKkC9cODRjIlsdyEkSJLQ,Only You,Portishead,5
106,6ScJMrlpiLfZUGtWp4QIVt,A Milli,Lil Wayne,5
106,3U5JVgI2x4rDyHGObzJfNf,Unwritten,Natasha Bedingfield,5
106,7ncPjJBktLEOpstY5JOUMK,一途,King Gnu,5
107,5mvKuE9Lf9ARVXVXA32kK9,Price Tag,Jessie J,5
107,0hlzl6zaN6misc6V0JbhaP,I Don't Care,VIOLENT VIRA,5
107,0L0T4tMAaGqLgIVj1MOj9t,Father Figure - Remastered,George Michael,5
107,5c0LlTO3yRYMkElrZCByjy,Sleep Well,CG5,5
107,2AYEOC02WLhUiOoaig2SEH,Out of My League,Fitz and The Tantrums,5
107,7gUpO6td4OOnu0Lf9vhcIV,Lights - Single Version,Ellie Goulding,5
107,1jaTQ3nqY3oAAYyCTbIvnM,WHATS POPPIN,Jack Harlow,5
107,4sIFi8LpJWPvI5xviWFyA6,D>E>A>T>H>M>E>T>A>L,Panchiko,5
107,7FIWs0pqAYbP91WWM0vlTQ,Godzilla (feat. Juice WRLD),Eminem,5
107,2ZRo7axmMPeSVUvDbGkJah,Hope,XXXTENTACION,5
107,10RQeKnNwAUuGULmDd2Vp7,Why Is She Still Here?,Reneé Rapp,5
107,1swz9stsbG1p34SJHJqiww,Murder on the Dancefloor - triple j Like A Version,Royel Otis,5
107,0VTNaBTD8WWpz0cW3dRR0g,ACTIN UP WITH SEXYY RED,Tommy Richman,5
107,2z4U9d5OAA4YLNXoCgioxo,What the Hell,Avril Lavigne,5
107,0lREs0EdgrMQQKw00yx0Ct,Una Noche en Medellín,Cris MJ,5
107,2c7sRekhMGlj7u1WIIzoQu,Fighting My Demons,Ken Carson,5
107,24ntSW3QVJzR79lHAAOTaY,Texas Sun,Khruangbin,5
107,2g5egJm0qwJPKgpblzIHlI,A Little More Love,Olivia Newton-John,5
107,14AyWf6y7KlWWLfAjdKMKI,Ophelia,The Lumineers,5
107,6n7Dyz4hcykM6lV3Z8wckw,come to brazil,bbno$,5
107,3VqSRkq3jRpsSEBngUcY6a,Cupid,FIFTY FIFTY,5
107,2GlV9w8oHSQdiPPk9lxqlp,Fine,Lemon Demon,5
107,7uDUb37h7Xdhza1eWMkoJv,Friends,Chase Atlantic,5
107,4Gd6yYZtA0U0fQbphXZGWI,Viol,Gesaffelstein,5
107,11607FzqoipskTsXrwEHnJ,Sunday Morning,The Velvet Underground,5
107,4bnq2OQUwACkp2vCEbY52g,Forever Ever (feat. Young Thug & Reese LAFLARE),Trippie Redd,5
107,5Z01UMMf7V1o0MzF86s6WJ,Lose Yourself,Eminem,5
107,4VXuwKDYsbWLwIWbUThQlh,there he go,sosocamo,5
107,4WM1hvYr2NC6bQnQXcj3sH,Meat Grinder,Madvillain,5
107,5vPUv0xziXbV4lnWeVNXNq,Roommates,Malcolm Todd,5
107,5eStu4K63j7t3ZWGGUKR7X,Starstruck,Santigold,5
107,0qvzXomUDJVaUboy2wMfiS,This Town,Niall Horan,5
107,1Ahp4PZ1vzdbzBCedUrsqI,The One,Jorja Smith,5
107,0YZEYxd1oiqZRFhnnmTKKi,Another Life,Motionless In White,5
107,41G5oiNumgRbt8fNZfncnN,Here I Am,The Hellp,5
107,35ISBknsCeZQtq66xABI9g,Messy,Lola Young,5
107,42ydLwx4i5V49RXHOozJZq,Scars To Your Beautiful,Alessia Cara,5
107,7tUEDtHchueeUJTfEFEhii,Right Here - Human Nature Radio Mix,SWV,5
107,3umS4y3uQDkqekNjVpiRUs,El Amante,Nicky Jam,5
107,69cGlmgNyMf2K6AvmLBuRD,Lovers From The Past,Mareux,5
107,47trirgpaLmWk4Lqk3RrZk,Dema Ga Ge Gi Go Gu,El Alfa,5
107,6H7nDglS6xWpRidbhMwI2L,Here You Come Again,Dolly Parton,5
107,1TE8AAk9koG0UJco6ZAUfx,Rock and A Hard Place,Bailey Zimmerman,5
107,7JTGwb6ug0z15F5roNLE0s,Two Time,Jack Stauber's Micropop,5
107,5UW4tA4j23YL6kDfRw3rWT,mangetout,Wet Leg,5
107,1PehfITh0TTRx3LkDdV4h3,Fame - 2016 Remaster,David Bowie,5
107,2JylxGfaeGAsiLbQC9tYYH,Bait & Switch,KMFDM,5
107,69XUpOpjzDKcfdxqZebGiI,"Independent Women, Pt. 1",Destiny's Child,5
107,0cbVD7WpHVdHUKwoolzhCZ,FUK SUMN,¥$,5
107,6Xc5cfbWz7MUxqAZpxj2bT,Alocate,Zion,5
107,1g93upxwFhq1vg0OPYTq2r,Jugg,Young Nudy,5
107,3QcWzAQvI41KYheHtvsNoT,XXX,Kim Petras,5
107,7a86XRg84qjasly9f6bPSD,We Are Young (feat. Janelle Monáe),fun.,5
107,6KFQdIB3njXBQNcg1xUh9U,One Thing,Lola Young,5
107,3dvXRk7TZ929m21p49RR5P,Mariella,Khruangbin,5
107,06cCziAHtDg6pcsidZHu03,Robbers,The 1975,5
107,2NyrXRn4tancYPW6JwtTl2,From The D To The A (feat. Lil Yachty),Tee Grizzley,5
107,3EUXLUKx2zNUzb2otMc8HH,The Seed,AURORA,5
107,33nOHyNeOKwwjKMrF9VN4V,CSIRAC,Ninajirachi,5
107,0lZZ8pibk6Zu3M9hTthk1a,Look Who’s Inside Again,Bo Burnham,5
107,4KacUpvbA3Mfo05gttTjhN,Fat Lip,Sum 41,5
107,3n69hLUdIsSa1WlRmjMZlW,Breezeblocks,alt-J,5
107,0CVbCtcdXAIw00YBXXbneu,Delete,Ninajirachi,5
107,2xLMifQCjDGFmkHkpNLD9h,SICKO MODE,Travis Scott,5
108,1DwscornXpj8fmOmYVlqZt,Stateside + Zara Larsson,PinkPantheress,5
108,67Oq8booO7HDSL4LlmHE4s,DNM,Mk.gee,5
108,4EWCNWgDS8707fNSZ1oaA5,Heartless,Kanye West,5
108,7oAuqs6akGnPU3Tb00ZmyM,All Night,Beyoncé,5
108,3nHuKdFJZm78CoeBnDcFKe,Bad Dreams,Teddy Swims,5
108,2s2nEISxEptEFjJExrsM0r,Forever Valentine,Charlie Wilson,5
108,0oIgtBMz4hFHBROA619JdS,Navidad Sin Ti - En Vivo,Marco Antonio Solís,5
108,11LmqTE2naFULdEP94AUBa,Heart-Shaped Box,Nirvana,5
108,0yp3TvJNlG50Q4tAHWNCRm,Enjoy the Silence,Depeche Mode,5
108,1lJOLxDS8kS2rihrqezMcv,Century,EsDeeKid,5
108,2aqLE0tRSgoOcp94Kq6XHF,Groan,Dazey and the Scouts,5
108,52ooD6LHuXFubM6d1CDD93,YEAH RIGHT,Joji,5
108,0UGwYOxzR4Gra267AmQPdR,In The Flesh,Ecco2k,5
108,7aHmvUghK3XCEqNRbUeAn4,This Hell,Rina Sawayama,5
108,2CEf2gU5ZJamLXa3NrgAvA,Desenfocao',Rauw Alejandro,5
108,0ThstNIYwHCqvO6Wslpphq,It's A Dream (feat. Lil Uzi Vert),Snow Strippers,5
108,2jdAk8ATWIL3dwT47XpRfu,Slow Dancing in a Burning Room,John Mayer,5
108,1tkMs9wDPknQ3ZHcKDw1ES,Buy U a Drank (Shawty Snappin') (feat. Yung Joc),T-Pain,5
108,11VwZwNF29HrqwalYUMitb,Pale Blue Eyes,The Velvet Underground,5
108,50Re2bLgXqG9qN7v2QHNTm,Outside,Staind,5
108,4pspYVQGFHLPEFgQPD1J7e,WANNABE,ITZY,5
108,3sslYZcFKtUvIEWN9lADgr,First Love/Late Spring,Mitski,5
108,5CCr8msaN3MhgqBoa9yWhH,Boy's a liar Pt. 2,PinkPantheress,5
108,0c4IEciLCDdXEhhKxj4ThA,Madness,Muse,5
108,6hHc7Pks7wtBIW8Z6A0iFq,Blue Monday,New Order,5
108,4NeOWqHmlrGRuBvsLJC9rL,My Love (feat. T.I.),Justin Timberlake,5
108,1A3qSmHLIjPhFoNVIn2JGz,TANAKA 2,Joey Valence & Brae,5
108,0d28khcov6AiegSCpG5TuT,Feel Good Inc.,Gorillaz,5
108,1musbempyJAw5gfSKZHXP9,Anxiety,Doechii,5
108,31MNHKE86sEXzIglbGQ6mu,Got Me Started,Troye Sivan,5
108,6wqJeItl3Vc3az4ZicSQAB,Before I Forget,Slipknot,5
108,5lar0mCUejpILVkAz50s2J,Train food,XXXTENTACION,5
108,2NyrXRn4tancYPW6JwtTl2,From The D To The A (feat. Lil Yachty),Tee Grizzley,5
108,46mhTlKzAR38JpJiMvja3H,Don't You Want Me,Neon Trees,5
108,2McT2fkH0VDqPsbiB9HWPq,CARNIVAL,¥$,5
108,7vgTNTaEz3CsBZ1N4YQalM,Ghost Town,Kanye West,5
108,0JKGe340YJwfDrpXqPQ8sw,Daechwita,Agust D,5
108,2xsZMSE32OCHKWe4A8sM0w,Backseat,LNGSHOT,5
108,1Q5kgpp4pmyGqPwNBzkSrw,Roadhouse Blues,The Doors,5
108,0xta6Gah3inmeHbj0e3F9a,Headshots (4r da Locals),Isaiah Rashad,5
108,0agQ9vIV7NP4dntGKLcCXO,Somebody (2024),Gotye,5
108,1oYYd2gnWZYrt89EBXdFiO,Message In A Bottle,The Police,5
108,5E30LdtzQTGqRvNd7l6kG5,Daddy Issues,The Neighbourhood,5
108,0DiWol3AO6WpXZgp0goxAV,One More Time,Daft Punk,5
108,3LmvfNUQtglbTrydsdIqFU,We Belong Together,Mariah Carey,5
108,2CzWeyC9zlDpIOZPUUKrBW,1234,Feist,5
108,6XjDF6nds4DE2BBbagZol6,Gata Only,FloyyMenor,5
108,5b5cPscqVEMChvDqscVw26,Training Season,Dua Lipa,5
108,5yVIlYEHZxQVLyInCdldoS,Impossible,James Arthur,5
108,3vQ4T78TTMOjQXGfXVKQJo,Redbone,Childish Gambino,5
108,5hHvFrMnwic82WwRLr4WY0,Her,Megan Thee Stallion,5
108,4Gd6yYZtA0U0fQbphXZGWI,Viol,Gesaffelstein,5
108,0HqZX76SFLDz2aW8aiqi7G,Bones,Imagine Dragons,5
108,1MtUq6Wp1eQ8PC6BbPCj8P,I Took A Pill In Ibiza - Seeb Remix,Mike Posner,5
108,6KEWtSOGKpIXGw6l1uJgsR,The Things We Do For Love,10cc,5
108,0R3TWpoxAhT3HDXM7tpRzS,Ghostride,Crumb,5
108,1snNAXmmPXCn0dkF9DaPWw,You & Me - Flume Remix,Disclosure,5
108,2RlgNHKcydI9sayD2Df2xp,Mr. Blue Sky,Electric Light Orchestra,5
108,0bmVH05tjN9jVh3kB1TfpR,In This Darkness,Clara La San,5
108,5ohfpKB5tt275f4Y4lQ9F7,Angel Of Death,Slayer,5
108,7tUEDtHchueeUJTfEFEhii,Right Here - Human Nature Radio Mix,SWV,5
108,6jg5SRvdGxvJ0DzNV0UqEK,Please Don't Go,Mike Posner,5
108,6R0GRYk2vs2XuBVemYK5YZ,Ultimate,Denzel Curry,5
108,6h1s7cKnUtsbRpE5bwnUTf,dying on the inside,Nessa Barrett,5
109,4v2r3H6YEQIlxS4Z1njwoe,"Trunks (From ""Highest 2 Lowest"")",A$AP Rocky,5
109,1Vl4ESWb6U7gKSPfK4qenq,That Girl,Pharrell Williams,5
109,1Y1jtaZOJYgXBl7lKdLc9o,A Cold Sunday,Lil Yachty,5
109,6ZQgooEk8PvsLxedYaT6Oa,Across the Universe,Fiona Apple,5
109,1rfGO3N4DPGodJLSSY9Re5,Sticky,Ravyn Lenae,5
109,4h9wh7iOZ0GGn8QVp4RAOB,I Ain't Worried,OneRepublic,5
109,6fL8iaSdwmSTQiUv9K6L4h,Faneto,Chief Keef,5
109,5cp0K9xM0hA7qm3rsqjwid,Beamin’,K Motionz,5
109,1wGpEisE7VmhhSazD8hZ5l,ROLE MODEL,Brent Faiyaz,5
109,3r8RuvgbX9s7ammBn07D3W,Ditto,NewJeans,5
109,4l7YIni9bAiGwWMqK5wvgV,You Learn - 2015 Remaster,Alanis Morissette,5
109,63Pi2NAx5yCgeLhCTOrEou,Headlock,Imogen Heap,5
109,116Qy7Q95zaZgVUc5Z03wp,Baby Did A Bad Bad Thing,Chris Isaak,5
109,2vlFd6wPsR3xvWPCOE0dQt,Fear of the Dark (2015 Remaster),Iron Maiden,5
109,5rLyYxZNzca00ENADO9m54,When I Grow Up,NF,5
109,3MmRfG64qt04Efx9gK9Ec8,Dagger,Slowdive,5
109,7FwBtcecmlpc1sLySPXeGE,Dancing In the Dark,Bruce Springsteen,5
109,6JjPBQfI2Y8nIjnm65X6Pw,X (feat. Maluma & Ozuna) - Remix,Nicky Jam,5
109,1ShRHPAiiIrh0arZbSFmx1,Heavy,The Marías,5
109,4OmlsAT8r4q9vPFBvfYgyZ,Is It Really You?,Loathe,5
109,0kdqcbwei4MDWFEX5f33yG,Bling-Bang-Bang-Born,Creepy Nuts,5
109,2AkBGeSQXuUo2ZAqubpl6Y,Blue,"Dream, Ivory",5
109,6fjl6Ekn2hE7U9TLJ8teY0,Some Protector,ROLE MODEL,5
109,2kvpHbQHp9QmcG9WhyLwco,Daytona,Cris MJ,5
109,2CnjDMdpRjlWv04Xk3s6MW,Robin,Taylor Swift,5
109,3a3zDlE4bgI6ZvU00m6o84,Cross Your Mind,Shelly,5
109,7iZGpuboJPQQGH07EprPnR,Shut Up,Nettspend,5
109,2FnrUcdLWId0F13GT32ugT,Good Girls (Don’t Get Used),Beach Bunny,5
109,57Xjny5yNzAcsxnusKmAfA,Reptilia,The Strokes,5
109,3vjs2MDHoF9xhylNg6Y9un,Chateau (Feel Alright),Djo,5
109,32OlwWuMpZ6b0aN2RZOeMS,Uptown Funk (feat. Bruno Mars),Mark Ronson,5
109,7I4ibsZgwuf46g0xHuTC8s,HDMI,BONES,5
109,4iZxeyibg6w4EFCOoAQ6Eh,What You Know,Two Door Cinema Club,5
109,3YvFXuk2IuWW32zeOTV3Q9,Romeo,Dove Cameron,5
109,67Oq8booO7HDSL4LlmHE4s,DNM,Mk.gee,5
109,1BIXs6CdkPRLytuqoXs6XN,4K,El Alfa,5
109,4kCkgD1ITALBjzBwGsf6tW,wgft (feat. Burna Boy),Gunna,5
109,63CHa6rmamv9OsehkRD8oz,Against All Odds (Take a Look at Me Now) - 2016 Remaster,Phil Collins,5
109,7yT4NJt5rgmVoMJMGPULcj,Backseat,Balu Brigada,5
109,6mTfOxORhYlpnTvm7VrL6b,Chove Chuva,Jorge Ben Jor,5
109,0WQiDwKJclirSYG9v5tayI,There Is a Light That Never Goes Out - 2011 Remaster,The Smiths,5
109,1jDJFeK9x3OZboIAHsY9k2,I'm Still Standing,Elton John,5
109,74jYpz3ZVG1ThkBtsoUwG1,Rings,Pinegrove,5
109,6XHNIbru8xGohLzHNgxQvF,Forever Young - 2019 Remaster,Alphaville,5
109,7sCHy8QQUz3CRvUMp53Cbm,Harvest Moon,Neil Young,5
109,1158ckiB5S4cpsdYHDB9IF,My Own Summer (Shove It),Deftones,5
109,0h2gzJQBt6duqZD6kWiz4s,Moby Dick,Led Zeppelin,5
109,4wEbikMfcSFAukCbbL06si,No Vaseline,Ice Cube,5
109,6w6SW8zyEcyxwSR7Wya45a,Blue Suede,Vince Staples,5
109,55mJleti2WfWEFNFcBduhc,Schism,TOOL,5
109,6AI3ezQ4o3HUoP6Dhudph3,Not Like Us,Kendrick Lamar,5
109,3bpGAsjsCIMTz98E7injb2,Impostor Syndrome,Sidney Gish,5
109,2hKdd3qO7cWr2Jo0Bcs0MA,Drops of Jupiter (Tell Me),Train,5
109,0n63xAny4NjxRNgKnboEp8,Lucky Again,Lykke Li,5
109,7iZqma5DV0h12Orxlb20VU,Addicted,OsamaSon,5
109,3yOlyBJuViE2YSGn3nVE1K,My Oh My (feat. DaBaby),Camila Cabello,5
109,0vjpfpch27QUf1cUs4seDl,down bad,Yot Club,5
109,7nCONy10IHp7XD3oYZ0lcx,I've Seen Footage,Death Grips,5
109,2PzU4IB8Dr6mxV3lHuaG34,(I Can't Get No) Satisfaction - Mono,The Rolling Stones,5
109,26QJuQfM8PVAWkIm1JRyqq,ss,Ken Carson,5
109,6IZvVAP7VPPnsGX6bvgkqg,PRIDE.,Kendrick Lamar,5
109,4sOX1nhpKwFWPvoMMExi3q,Primadonna,MARINA,5
109,2LMkwUfqC6S6s6qDVlEuzV,White Ferrari,Frank Ocean,5
109,2plbrEY59IikOBgBGLjaoe,Die With A Smile,Lady Gaga,5
109,3SFXsFpeGmBTtQvKiwYMDA,Pretty Fly (For A White Guy),The Offspring,5
109,7ACxUo21jtTHzy7ZEV56vU,Crazy Train,Ozzy Osbourne,5
109,2aPTvyE09vUCRwVvj0I8WK,Sundress,A$AP Rocky,5
109,5cZqsjVs6MevCnAkasbEOX,Break Stuff,Limp Bizkit,5
109,43z6scIZU2QcEieMQFAJRG,There She Goes,Sixpence None The Richer,5
109,7tUEDtHchueeUJTfEFEhii,Right Here - Human Nature Radio Mix,SWV,5
109,7mDTvYD2ieE4Q28XFziMfJ,Cry,Cigarettes After Sex,5
109,2FwDApgXk91kXvqy2oB7dz,Simulation Swarm,Big Thief,5
109,5CQ30WqJwcep0pYcV4AMNc,Stairway to Heaven - Remaster,Led Zeppelin,5
109,6eT7xZZlB2mwyzJ2sUKG6w,White Iverson,Post Malone,5
109,53dtP2iUMvaF28JZcHnFuU,logical,Olivia Rodrigo,5
109,46RNrAkGsqWTDrv2ZPOAbx,Moon Song,Phoebe Bridgers,5
109,6DIMM15oo3kxnCuVypaYGy,Give Up Baby Go,Peach Pit,5
109,0nA1DRCRmEvSGBtLYu2bXu,Head Over Heels,Japanese Breakfast,5
109,6AfLmKXzhEZjwiVPs5jhdV,Hella Good,No Doubt,5
110,3Gdb4inHtK8UT1MyswIXla,Always a Relief,The Radio Dept.,5
110,7xCcUcMcGsIYGKUVgBZUw5,We Own the Night,Dance Gavin Dance,5
110,1ri9ZUkBJVFUdgwzCnfcYs,MAMIII,Becky G,5
110,7EDcAz6iuKSkxH4VcC3Oko,I Wait for You,alex_g_offline,5
110,1KcFLmFGCfkkAsooF6FJBr,Hello - Remastered,Oasis,5
110,0CSTvWUps1YmpQoXXay9ol,Cosmic Love,Florence + The Machine,5
110,0zo5H2QWXCkarmPSK2KJvH,Something Good Can Work,Two Door Cinema Club,5
110,2MjXWroB9wlTG2kqv3avfS,Get It Sexyy,Sexyy Red,5
110,2amAkuq2kUFgo87zQLMorw,Hace Mucho Tiempo,Arcángel,5
110,4v5kAh2wWyCSuKuhMJK8u6,Long Way 2 Go,Cassie,5
110,0xiySkh9JAa1f3r6MdBUa3,Thirst Trap,Audrey Hobert,5
110,6IAgarq2wDeYzpsY2Kx0Hw,Almeda,Solange,5
110,2aGw77pZqli064JiPuXYRi,I'm Like A Bird,Nelly Furtado,5
110,0wP8svOtJ9RpkmDdNGowKY,I Was Made for You,She & Him,5
110,7c5JxJWGMJqG0IYABA04WS,She Knows Too Much,Thundercat,5
110,6AtgHxdvghUjcjdPX1VhWN,Streets of Minneapolis - Radio Mix,Bruce Springsteen,5
110,6GrrkiCRO3HYdgRpO4eKEL,Swing Life Away,Rise Against,5
110,12hVQgYR254ZziANtiKVWQ,Hatchback,Cochise,5
110,31HzVBCXNRgBWlD5bZg94O,Kills,Chief Keef,5
110,0lP4HYLmvowOKdsQ7CVkuq,The Kill,Thirty Seconds To Mars,5
110,4IvZLDtwBHmBmwgDIUbuwa,Here Comes Your Man,Pixies,5
110,6Vdyu21iT8qScU1haSjWUU,"Leave Em Alone (Layton Greene, Lil Baby feat. City Girls, PnB Rock)",Quality Control,5
110,3mwvKOyMmG77zZRunnxp9E,Buddy Holly,Weezer,5
110,0WAEGVylZjbe2mQ6Or6HxY,Cannock Chase,Labi Siffre,5
110,5HEeBCUDho3uQVNu98CvsS,I Will,Sky Ferreira,5
110,4iZxeyibg6w4EFCOoAQ6Eh,What You Know,Two Door Cinema Club,5
110,6OiRh4kttAs1YWglvTcYkB,Alrighty Aphrodite,Peach Pit,5
110,5Ext9ObPEi7wIcv5AiQWJy,Superstar,Sonic Youth,5
110,09RamrocZneYcLYLRIxYha,Steeeam,Shelly,5
110,4iuOodsAvCO3OJHZEbqrJp,Favorite,Isabel LaRosa,5
110,7J3YKBt70o8iB3UXGtUiho,I Wanna Go - John Summit Remix,John Summit,5
110,3NfqN997u9A3YAAafgzhIa,All I Think About Now,Pixies,5
110,2qW141LbW1h8GxOLud0TUx,Pon De Floor,Major Lazer,5
110,7K6KRwyvE0plDEzxrVmCon,Come Back - Buddha Remastered 2001,The Five Stairsteps,5
110,4S4QJfBGGrC8jRIjJHf1Ka,Pain,PinkPantheress,5
110,5H1sKFMzDeMtXwND3V6hRY,JUMP,BLACKPINK,5
110,6LoaYlv0bC1TyctuADqNFh,$uicideboy$ Were Better In 2015,$uicideboy$,5
110,3sP3c86WFjOzHHnbhhZcLA,Give Your Heart a Break,Demi Lovato,5
110,7DQotDUGnJkXgNJv363GXF,Zombie,YUNGBLUD,5
110,7sEnjOJydpPeYjt2csODOj,Cannonball (feat. Don Toliver),Lithe,5
111,0Y7OHGiInTNR45Tqr0v1CY,The Girl in Red - Live Mix / Remastered 2025,Daddy DJ,5
111,6g2m5644ZTXBzxSt0z5Qwa,harvest sky,Oklou,5
111,0IRZwSCWFdT5D8hNCXHzZX,More Than My Hometown,Morgan Wallen,5
111,5TKTBDb9p1npApJLuQLd7M,BACKSTAGE,Matuê,5
111,3V0nnQhqvbE3JmiDdnzQFQ,July (feat. Leon Bridges),Noah Cyrus,5
111,6KfoDhO4XUWSbnyKjNp9c4,Maniac,Conan Gray,5
111,48vIfHaK7by6x0T6ucpODL,make you mine,Madison Beer,5
111,0Z2zNMZV5kuRIQzf9cOgZc,South Side,Moby,5
111,02YWpfMAUVTvsbhu3QO9fM,Sleep Talking,Indigo De Souza,5
111,6pidilGWd5NuREht6PQkMj,The Dogs of War,Bassvictim,5
111,37WUQa7Mcm3aGQOp2rwEZi,Bad Girls,Blood Orange,5
111,7ET4Mfy67MafiK8D37Y4zN,Xilofone,D$ Luqi,5
111,3e7sxremeOE3wTySiOhGiP,Dusk Till Dawn (feat. Sia) - Radio Edit,ZAYN,5
111,0GnydTKmczMoKOEl1D4URI,LOVE COUNTDOWN (Feat. Wonstein),NAYEON,5
111,1DqdF42leyFIzqNDv9CjId,Dynamite,Taio Cruz,5
111,59ywHNwwchG4nZJMLyxSzd,Clout (feat. Cardi B),Offset,5
111,00Mb3DuaIH1kjrwOku9CGU,Sk8er Boi,Avril Lavigne,5
111,4YhG0wYSsxcpe3RGeXgj9v,<demons>,Kim Petras,5
111,1acjIzGS1YUrx6nSuktnqU,Safe In Your Skin,Title Fight,5
111,65vdMBskhx3akkG9vQlSH1,And I Love Her - Remastered 2009,The Beatles,5
111,6mHOcVtsHLMuesJkswc0GZ,The Logical Song - Remastered 2010,Supertramp,5
111,3LmvfNUQtglbTrydsdIqFU,We Belong Together,Mariah Carey,5
111,7FlQk2gJ6TBrHHiidvdR2O,MAMIII,Becky G,5
111,2aGw77pZqli064JiPuXYRi,I'm Like A Bird,Nelly Furtado,5
111,7gSZkeBr9Koc9Rfm3pp769,Sweet Heat Lightning,Gregory Alan Isakov,5
111,46YjJXVXWHlQ21odKktg5e,MOJABI GHOST,Tainy,5
111,37ZJ0p5Jm13JPevGcx4SkF,Livin' On A Prayer,Bon Jovi,5
111,7cFLFmj3fLV5wxhcFfol7u,if looks could kill,Destroy Lonely,5
111,0dcu28YT8cXZH7JTIraszp,Starting Over,LSD and the Search for God,5
111,2xq9cLlOPyLoi8kLlR4miz,Cities In Dust,Siouxsie and the Banshees,5
111,3JsydWaf2Ev4ehaLUjj3SY,Confident,Justin Bieber,5
111,6EQfvlAbsyOsBeM9gprOoU,Hotel Members Unite,Hotel Ugly,5
111,47oS7xB31QQUyPCgHpM3VZ,Canned Heat,Jamiroquai,5
111,1hTbH1tGOQ2sqVav7iDHfQ,Broadview,Slow Pulp,5
111,7D0RhFcb3CrfPuTJ0obrod,Sparks,Coldplay,5
111,3gdPwk2wyOXNRnTA1KXnEr,Wish You The Best,Lewis Capaldi,5
111,2SGWuJ7lQGhLCsTdK7Ur2I,Pet,xaviersobased,5
111,3PBFvQMIbEe2nT569OyI9w,"Kapitel 8.2 - Der Tote vom Maschsee (Hannover-Krimis, Band 1)",Susanne Mischke,5
111,0eQganxUgg7ilYNpSdNzwP,Thank You,Estelle,5
111,4Ic6LC7I1xNPK1eLrX0qY8,you can't eat cats kevin,Mom Jeans.,5
111,4i0HNuFEH6P6K4UnsY5uUh,Blue Valentine,NMIXX,5
111,4vtLSsKMHkgMFRPWW7DQr9,YOSHIMITSU,Cochise,5
111,45LwOlqL3HOEQkPjjHpu7U,blade bird,Oklou,5
111,4sNwdacKyi2S26WrRtNama,Oh No!,MARINA,5
111,7CIvyuVoWcY0LgUYa1aR5J,SOLO STEPPIN CRETE BOY,Lil Yachty,5
111,15bdvI9qCc4vYyTftMNVwq,Toto Caps,Eley Romero,5
111,7z9chavxReUpyOZoAkUnUb,MIB,Myke Towers,5
111,6P8rBeOxn0ervew8cr0jcD,Randomly,LUCKI,5
111,1xaTREM89RbIxkcjlpf4Uw,Heaven Knows I'm Miserable Now - 2011 Remaster,The Smiths,5
111,1cOyWWUr3oXJIxY0AjJEx9,YOUTH,Troye Sivan,5
111,3MGJF1CDFGfjXESL2Heva0,F**kin' Perfect,P!nk,5
111,62ocXa3rr5qUWI3GAhWnaH,Milk,Sweet Trip,5
111,3NqCEpT8xsHdzpiRlM1kpS,Through Da Storm,Polo G,5
111,3tgHGoK5ItQv2q2yqggxlb,Secrets (Your Fire),Magdalena Bay,5
111,5ByAIlEEnxYdvpnezg7HTX,Juicy - 2005 Remaster,The Notorious B.I.G.,5
111,4DfCzjuGvK8xq6g6e1EpoE,Slow Down,Leon Thomas,5
111,1AWdTY4hPU1U5q5ceJ26yg,Set It Off (Vocal),Strafe,5
111,5fEB6ZmVkg63GZg9qO86jh,Break from Toronto,PARTYNEXTDOOR,5
111,17vGPoIBXnSEd31N4B3gSR,Y Si Fuera Ella,SHINee,5
111,0Fe3WxeO6lZZxj7ytvbDUh,Dashboard,Modest Mouse,5
111,7yT4NJt5rgmVoMJMGPULcj,Backseat,Balu Brigada,5
111,2NPxL1QqPrD1a7OLHjVcAP,I Can,Nas,5
112,7KXjTSCq5nL1LoYtL7XAwS,HUMBLE.,Kendrick Lamar,5
112,07n9sk2MGDjw0SHrSaxmog,Tu Tu Neurotic,The Hellp,5
112,0fnY4MQat2zJsb8FKyLM9D,Lie To Me,Chris Isaak,5
112,4yNk9iz9WVJikRFle3XEvn,golden hour,JVKE,5
112,4wO2JlPZw72Xlu6dGUW4Ce,Pushing It Down and Praying,Lizzy McAlpine,5
112,2AkBGeSQXuUo2ZAqubpl6Y,Blue,"Dream, Ivory",5
112,5IZXB5IKAD2qlvTPJYDCFB,I Had Some Help (Feat. Morgan Wallen),Post Malone,5
112,3UQmoVQJqBYauTZLVPs3uo,Luxurious,Gwen Stefani,5
112,1NhPKVLsHhFUHIOZ32QnS2,Secrets,OneRepublic,5
112,7j6PWLaubVavCLE4peea8S,Backseat,Balu Brigada,5
112,3LrpT732y9nK2EZqjjEiox,Cookie Jar (feat. The-Dream) - STRESSed out Remix [STRESSed Out Remix],Gym Class Heroes,5
112,7MZA6HSmsPd6CIZG214MVx,Introduction,I DONT KNOW HOW BUT THEY FOUND ME,5
112,63T7DJ1AFDD6Bn8VzG6JE8,"Paint It, Black",The Rolling Stones,5
112,0eaVIYo2zeOaGJeqZ5TwYz,No Pole,Don Toliver,5
112,4kxuHjDd6i7TtLzzy7Jhds,Come Over,Estelle,5
112,3s44Qv8x974tm0ueLexMWN,Welcome to The Internet,Bo Burnham,5
112,7sCHy8QQUz3CRvUMp53Cbm,Harvest Moon,Neil Young,5
112,53DB6LJV9B8sz0p1s6tlGS,Roll Up,Wiz Khalifa,5
112,3jjujdWJ72nww5eGnfs2E7,Adore You,Harry Styles,5
112,2O2kaMSTwJqeKaE44YNthA,4AM,KID BRUNSWICK,5
112,74sb4Gib0cL3TQeCjYF8vh,Lay Me Down,Sam Smith,5
112,6NGRPL3AYwMAYkJh4EsZEU,Hearts A Mess,Gotye,5
112,758wEKVqfYopJIHYWdLVd4,I Wanna Be Adored - Remastered 2009,The Stone Roses,5
112,2Gt7fjNlx901pPRkvBiNBZ,Take Me Back To Eden,Sleep Token,5
112,3RDcUlLGp3SLp2AmUbUbls,Cookie Jar (feat. The-Dream),Gym Class Heroes,5
112,3hEfpBHxgieRLz4t3kLNEg,About You,The 1975,5
112,0b6fNjbiW4uF0W01GAfRVg,Leave a Light On (Talk Away The Dark),Papa Roach,5
112,4keuUM29CtIWgsPRzRhXoW,WOKE UP,XG,5
112,5mu1uv8RmzDkF8foePK5qa,Kream (feat. Tyga),Iggy Azalea,5
112,4qM461TqtpnP4GLRIXwEnW,Sussudio - 2016 Remaster,Phil Collins,5
112,7cIHtga6bZuzpg8cu71xlD,Love Lost,The Temper Trap,5
112,5LfgzPHvka22FdRAxOme6m,"At The Beach, In Every Life",Gigi Perez,5
112,6ToM0uwxtPKo9CMpbPGYvM,Break on Through (To the Other Side),The Doors,5
112,5yJaXWIErrrsjQ3J0eR5aK,The Night We Met,Lord Huron,5
112,51xJctklmFnwKjsDvFD7nP,Hey,Luci4,5
112,5GpfyJrKHJI36jDKtQiyGN,Golden Brown,The Stranglers,5
112,15nElWknZsgnSIfVihVCQf,DIVINE,Stray Kids,5
112,0a4MMyCrzT0En247IhqZbD,Hype Boy,NewJeans,5
112,4D40ZlFAWsvX7lua1Kablh,Jet - 2010 Remaster,Paul McCartney,5
112,6agbRiKOPcWFy7ooUX5L9L,Love Song for Someone,Labi Siffre,5
112,4LwU4Vp6od3Sb08CsP99GC,The Next Episode,Dr. Dre,5
112,0wzYHglk05SfNFN1aTRTlA,For The Night,Pop Smoke,5
112,4IadxL6BUymXlh8RCJJu7T,Too Sweet,Hozier,5
112,6LoaYlv0bC1TyctuADqNFh,$uicideboy$ Were Better In 2015,$uicideboy$,5
113,0Gt4nGWoATcQFL38a1NRao,West Savannah (feat. SZA),Isaiah Rashad,5
113,6MAev6g8Vz8UF7QfFlb6JD,White Blank Page,Mumford & Sons,5
113,41IShViF79gmulEkIHAjcb,The Game of Love (feat. Michelle Branch) - Main / Radio Mix,Santana,5
113,0b6fNjbiW4uF0W01GAfRVg,Leave a Light On (Talk Away The Dark),Papa Roach,5
113,6xkryXuiZU360Lngd4sx13,Fantasy,Mariah Carey,5
113,3yfqSUWxFvZELEM4PmlwIR,The Real Slim Shady,Eminem,5
113,0fnY4MQat2zJsb8FKyLM9D,Lie To Me,Chris Isaak,5
113,4cyYC67XY3weSVmSLdKLP8,Taboo,Don Omar,5
113,737qboVuEkiDl2DmoU89Qk,Triflin Hoes,Lil Durk,5
113,6gBFPUFcJLzWGx4lenP6h2,goosebumps,Travis Scott,5
113,2EQWbkcNoKPOXQtJM7nqRV,My Song,Labi Siffre,5
113,4MTgIH5OZQHAbdBWgbKSAb,MUKANJYO,Survive Said The Prophet,5
113,10vkYRKw6Jjr7try1ir50G,Tired of Being Alone,Al Green,5
113,7sEnjOJydpPeYjt2csODOj,Cannonball (feat. Don Toliver),Lithe,5
113,6VQ2fI8goSX8mpSvytXkXR,Idilio,Willie Colón,5
113,5YapFTzK50sdZcM6rWuL9M,Kiss Me,Cassie,5
113,10wJ35whDsMVQ04fhkR5QS,BEAT UP CHANEL$,Slayyyter,5
113,46eHxWRKmtYhUHPDRgclt6,Careless Whisper,Seether,5
113,5JwK7v6XhG0YgqDuCgzOy8,And She Was,Talking Heads,5
113,5l0uFjA731wPYH8CkR7K1Y,Mood Swings,Pop Smoke,5
113,1HL3yEnYq8LEyFQ3QegA5V,Crash into Me,Dave Matthews Band,5
113,14qNHvX8h6HoynFuV0RxWS,Far Away (feat. A$AP Rocky),Yebba,5
113,62zFcDLa1CjCY9yp6VO4ga,Lauren,Men I Trust,5
113,296tPbbfDBBWfCmQeZ3s6K,Don't Take the Night Away,Chris Rainbow,5
113,5cjagrNaegv6IQZKflkPTf,I Love You So - Acoustic,The Walters,5
113,2AXY5WABx7NjWw1zb4qCdc,Cleopatra,The Lumineers,5
113,7o67roCVsFiCt7Cf0ZLOJq,Out of Touch,Daryl Hall & John Oates,5
113,452KBpASS5lZLeJWX9Ixub,Jailhouse Rock,Elvis Presley,5
113,6DEN0NHItNNdepd9IhlC3H,Nobody,Wonder Girls,5
113,7795WJLVKJoAyVoOtCWqXN,I'm Not The Only One,Sam Smith,5
113,25FTMokYEbEWHEdss5JLZS,Teenage Dirtbag,Wheatus,5
113,0ltgsHBUPGRnFn8P4fNrTh,In the A (feat. 21 Savage),G Herbo,5
113,2mWfVxEo4xZYDaz0v7hYrN,Juna,Clairo,5
113,2a03afRiyAbNAleOByVju4,Get It Shawty,Lloyd,5
113,2D4LEUzvLRCQOLMxnajH72,"If I'm James Dean, You're Audrey Hepburn",Sleeping With Sirens,5
113,5nkUIVKqOqdpB6ApKgEMkv,Stay Ready (What A Life),Jhené Aiko,5
113,45ROR8UMn60YEVQnDy0uVF,Juliet,Cavetown,5
113,6WatFBLVB0x077xWeoVc2k,Si Antes Te Hubiera Conocido,KAROL G,5
113,3oNQ6NkihVzQkV5qhk2Pbe,Something About You,Eyedress,5
113,21jjthXBYk9iwZ6w0zdkSb,LET 'EM KNOW,T.I.,5
113,3zNNXjjjeLrzIXSJZKalDi,I Follow Rivers - The Magician Remix,Lykke Li,5
113,5U0AcKclgf0AbG11AUFLht,Down By The River,Milky Chance,5
113,2oENJa1T33GJ0w8dC167G4,Fire Burning,Sean Kingston,5
113,3rdAz1fbUfZxYgaCviYhRo,Todo De Ti,Rauw Alejandro,5
113,2CnjDMdpRjlWv04Xk3s6MW,Robin,Taylor Swift,5
113,6IyoLWzljeR3ldQo4KWHT6,Out thë way,Yeat,5
113,2DHc2e5bBn4UzY0ENVFrUl,Carry Out (Featuring Justin Timberlake),Timbaland,5
113,3LtpKP5abr2qqjunvjlX5i,Doja,Central Cee,5
113,1JY6B9ILvmRla2IKKRZvnH,Sad Machine,Porter Robinson,5
113,0l0vcZMU7AOeQmUIREoI2U,Qué Pasaría...,Rauw Alejandro,5
113,3tAVOTf1AqN3vBpkocy7MA,My Bloody Valentine,Good Charlotte,5
113,4dneV7C1yDt9UtyxrQY375,Boys Don't Cry - Single Version,The Cure,5
113,6L0BBPYeWnaQJeDa0ox0IA,Impossible Germany,Wilco,5
113,0UHB9METy4VCXNgkcGqHqS,Kiss It Better,Rihanna,5
113,66N8I6v00iQFPd56yU7dXf,Kill Me,Indigo De Souza,5
113,2RUhtNBh43RtSg0WBPPq3m,Naive,The Kooks,5
113,1c5CllrZr45UBhWpIqM332,Funny Thing,Thundercat,5
113,6QgjcU0zLnzq5OrUoSZ3OK,Feel It Still,Portugal. The Man,5
113,40MskkY7wsFIzhPy19NNTP,Emo Boy,Ayesha Erotica,5
113,0AoNT5b3YYf28IIq6pGojV,Daisies,Black Gryph0n,5
113,5Ng6UbryNd3eds2zQk9MUf,Spellbound,Siouxsie and the Banshees,5
113,0ThstNIYwHCqvO6Wslpphq,It's A Dream (feat. Lil Uzi Vert),Snow Strippers,5
113,2HbKqm4o0w5wEeEFXm2sD4,Money Trees,Kendrick Lamar,5
113,3iYeXCdD3d0zlex2v0CpVt,Would You Fall in Love with Me Again,Jorge Rivera-Herrans,5
113,76vnbFYXLxoaJq6ee2Q5VM,Another Life (Feat. Bryant Barnes),Chezile,5
113,2aqLE0tRSgoOcp94Kq6XHF,Groan,Dazey and the Scouts,5
113,7ne4VBA60CxGM75vw0EYad,That’s So True,Gracie Abrams,5
114,40rvBMQizxkIqnjPdEWY1v,Down with the Sickness,Disturbed,5
114,2CEgGE6aESpnmtfiZwYlbV,Dynamite,Taio Cruz,5
114,0CVbCtcdXAIw00YBXXbneu,Delete,Ninajirachi,5
114,3TgMcrV32NUKjEG2ujn9eh,It's Not Living (If It's Not With You),The 1975,5
114,2DNXgvkyv35vTWvdgjs7qn,Someone New,Hozier,5
114,5tqZJUHEuqdN12RZVq2l9p,Hold On,The Internet,5
114,4LGMSdeKOUoy5Wf75Je0Hl,Can I Get A...,JAŸ-Z,5
114,0Nux6Q8aJZ1i4vUpPDBvlX,What Is Life - 2014 Remaster,George Harrison,5
114,1qbmS6ep2hbBRaEZFpn7BX,Man I Need,Olivia Dean,5
114,605hJIiMrdsUjr4Vx4BFD6,Demon Speeding,Rob Zombie,5
114,1o82DwNisONAd2mu1RcGE6,Margaret (feat. Bleachers),Lana Del Rey,5
114,1ID9SzJR4OFRwinOqYlJf4,Ride The Lightning (Bonus Track),Megadeth,5
114,0gLkqzntRnJVwUBMCrIhbw,Late Night Calls,P1Harmony,5
114,2H1047e0oMSj10dgp7p2VG,I Gotta Feeling,Black Eyed Peas,5
114,6CjtS2JZH9RkDz5UVInsa9,Thrift Shop (feat. Wanz),Macklemore & Ryan Lewis,5
114,3NM41PVVUr0ceootKAtkAj,As the World Caves In,Matt Maltese,5
114,51xJctklmFnwKjsDvFD7nP,Hey,Luci4,5
114,72ahyckBJfTigJCFCviVN7,Don't Bring Me Down,Electric Light Orchestra,5
114,2MfrET7Nc3StKQcGoZKqr9,"21st Century Schizoid Man - Including ""Mirrors""",King Crimson,5
114,7gpy7sfWPNuOKmUNs3XQYE,Carry On,fun.,5
114,412LyfktkgWKEn8kmKiyQe,Comfortable Liar,Chevelle,5
114,1lKI9y1DL6QnYTZguVmACX,La Media Vuelta,Luis Miguel,5
114,2ExpCKBxiHbgzepERl1t4D,Cuando Pase el Temblor,Soda Stereo,5
114,6aBUnkXuCEQQHAlTokv9or,This Must Be the Place (Naive Melody) - 2005 Remaster,Talking Heads,5
114,4K475XgrOAIwfIbp0Pks2B,my twenty first reason </3,wifiskeleton,5
114,5djCX0bDd96N89Ayv5Y8Y2,It's Okay To Cry,SOPHIE,5
114,2VtXANhW6YpAzsMDQCFkAv,Your face,Wisp,5
114,4iZxeyibg6w4EFCOoAQ6Eh,What You Know,Two Door Cinema Club,5
114,3UygY7qW2cvG9Llkay6i1i,Going Under,Evanescence,5
114,0WvXo8baZTYARlNuE76rlr,Stars On The Roof,Larry June,5
114,4vuJuTLFomqItDrn482nzV,Move,Saint Motel,5
114,3mFzIFFFmEXTQs6BDAK2ZZ,Dance Me to the End of Love,Leonard Cohen,5
114,6jbYpRPTEFl1HFKHk1IC0m,Like Him (feat. Lola Young),"Tyler, The Creator",5
114,5P4Dow1Jc2NhkknIuPi5Nd,Rain (feat. Vince Staples),Mac Miller,5
114,3BxWKCI06eQ5Od8TY2JBeA,Buttons,The Pussycat Dolls,5
114,1njlnn8ZKHI77Pe9szIONR,SHEESH,BABYMONSTER,5
114,2tUBqZG2AbRi7Q0BIrVrEj,I Wanna Dance with Somebody (Who Loves Me),Whitney Houston,5
114,6xQM5T7xmEpbnuxGeAWL6g,Odyssey,ILLENIUM,5
114,0xIZPPBfLqQEAj1BLmGrNc,Black Sabbath - 2014 Remaster,Black Sabbath,5
114,4PV4rdcQ2TVCigth4u6tUp,Exosphere,Hortalis,5
114,3RznzRnsl8mzP63l4AF2M7,Dream Sweet in Sea Major,Miracle Musical,5
114,1cOyWWUr3oXJIxY0AjJEx9,YOUTH,Troye Sivan,5
114,5WIGbrfNMvFeCQOx5XykBO,2010 Justin Bieber,Lucy Bedroque,4
115,10AgTGL39iIHuDGBEqBni8,HUNTING FOR YOUR DREAM! - TV Size,GALNERYUS,5
115,6P8rBeOxn0ervew8cr0jcD,Randomly,LUCKI,5
115,6r1lboTadi5swMquaAWDzh,Hell At Night (feat. Ella Langley),BigXthaPlug,5
115,5g7uidL6cVNS7GxcCAXa19,Days,The Drums,5
115,2EPr9Wx7e1cpGEbNAtuN7x,Surfin' U.S.A.,The Beach Boys,5
115,0C13P4IghHNFPjt4zIJ8vX,Baby,Gal Costa,5
115,32SrQzg34vQiYjyzjg3wum,Killin' It Girl (Solo Version),j-hope,5
115,6FCfj69zzQHnrx4fTukhfo,Bulls on Parade - triple j Like A Version,Denzel Curry,5
115,5SruEBX3KpgpDvEcIuN53P,Baby Steps,Olivia Dean,5
115,3lW0MLws0srqqR3DRRPLZp,Eruption,Van Halen,5
115,1aKvZDoLGkNMxoRYgkckZG,Magnetic,ILLIT,5
115,780BUxpCmW9vOVYZsqdLLE,Wave,Asake,5
115,6sKGGi2pVKXR69s1SNdhGv,Black&Blue,Vince Staples,5
115,44t9rTRjK82lBbZwuePQOE,Leave Me Alone,Reneé Rapp,5
115,7sEnjOJydpPeYjt2csODOj,Cannonball (feat. Don Toliver),Lithe,5
115,0KVWVuutF9Dn8li4HdyAeU,"Archie, Marry Me",Alvvays,5
115,1SJhYNxOZSItqrB6upWyE6,Here Comes a Thought (feat. Estelle & AJ Michalka),Steven Universe,5
115,6wqJeItl3Vc3az4ZicSQAB,Before I Forget,Slipknot,5
115,62N2JSA0jHmSH7Va9t7hIf,Habits (Stay High) - Hippie Sabotage Remix,Tove Lo,5
115,7c0ss9FGSyXGNczL4gV75a,Airplane Mode,Limbo,5
115,41IShViF79gmulEkIHAjcb,The Game of Love (feat. Michelle Branch) - Main / Radio Mix,Santana,5
115,6c4REcYFMvRkDtuBcW7PjF,S.O.T.B.,Rio Da Yung Og,5
115,78LnrdE1PF8TkueRtsxwLL,Farrah Fawcett Hair,Capital Cities,5
115,2262bWmqomIaJXwCRHr13j,Sailor Song,Gigi Perez,5
115,56KqaFSGTb7ifpt16t5Y1N,Rock the Casbah - Remastered,The Clash,5
115,0PJIbOdMs3bd5AT8liULMQ,oui,Jeremih,5
115,09keT5ocFhEd5W5HidiUNq,Chk Chk Boom,Stray Kids,5
115,4VP8QiCeaZq8BeTIUrMQOG,No You Girls,Franz Ferdinand,5
115,6tam2kj7fqv2Qro0yBzIkw,It’s About Blood,Steve Earle,5
115,5u5qlnyVaewWugJIjzilIc,Smokin',Boston,5
115,53DDMPqgMWNrEeE3NjThKE,Cupid - Twin Version,FIFTY FIFTY,5
115,4sP9P3sGwmCXLLkxcqLXlM,GET OUT OF MY YARD,Lil Darkie,5
115,17tDv8WA8IhqE8qzuQn707,My First Kiss (feat. Ke$ha),3OH!3,5
115,006pMMCuRo2TFjh8sNGSov,"Dias De Luta, Dias De Gloria",Charlie Brown Jr.,5
115,3jFxkWQ1i4ephuKK56T9ta,Nem um Dia,Djavan,5
115,5sMEEjviCkH6Rp5X2ZvIIc,Everything is romantic,Charli xcx,5
115,3lWtkjh2tstrANQyNchyK1,Time Machine,Miracle Musical,5
115,1YLJVmuzeM2YSUkCCaTNUB,Dog Days Are Over,Florence + The Machine,5
115,5YoITs1m0q8UOQ4AW7N5ga,Gasolina,Daddy Yankee,5
115,6mFkJmJqdDVQ1REhVfGgd1,Wish You Were Here,Pink Floyd,5
115,415aR5b8Uws9UPGTsssWaS,Painkiller,Beach Bunny,5
115,1rfGO3N4DPGodJLSSY9Re5,Sticky,Ravyn Lenae,5
115,18d1pubaNYUpaKIeSoxPFA,The Sick,Bella Kay,5
115,7lhkOb0VNnTlshwifCEoSr,Molasses (feat. RZA),Earl Sweatshirt,5
115,6ihL9TjfRjadfEePzXXyVF,Gives You Hell,The All-American Rejects,5
115,1WYEDcS7WGjv0rG7rmMX3o,Bitter Sweet Symphony,The Verve,5
115,19Ym5Sg0YyOCa6ao21bdoG,Gypsy,Fleetwood Mac,5
115,4JE6agBLHGA5TaF6FlqfBD,As the World Caves In,Matt Maltese,5
115,6EJiVf7U0p1BBfs0qqeb1f,Cut To The Feeling,Carly Rae Jepsen,5
115,6NTCshSoJFNO35tFYZKiiY,So What?,Jane Remover,5
115,0Exki6SgSuYfWQDP0npFlF,Pushing It Down and Praying,Lizzy McAlpine,5
115,79b4FaEBPxwG2lVzYpvKoy,The Father's House (Studio),Cory Asbury,5
115,72Z17vmmeQKAg8bptWvpVG,Space Oddity - 2015 Remaster,David Bowie,5
115,2Iq6HhIquO7JKr0KfTNLzU,My Type,Saint Motel,5
115,1WRzux3cJRM9xRNN99QKgR,M.... She Wrote,Tay-K,5
115,5OsHySqSwYLLfot5EswbON,Altitude,Montell Fish,5
115,5dnwXK73BDZ0H2L06ZrKcE,Dr. Feelgood,Mötley Crüe,5
115,6XAA7T9VHcqKQSzjmXAJ8o,That's All She Wrote,T.I.,5
115,7rIhp6EWLNtM8qFIQruJPT,Wash.,Bon Iver,5
115,7wCmS9TTVUcIhRalDYFgPy,Where Is My Mind? - 2007 Remaster,Pixies,5
115,5qspeKX1xBacLJMm2t3Yc0,A Lot's Gonna Change,Weyes Blood,5
115,06cCziAHtDg6pcsidZHu03,Robbers,The 1975,5
115,2d8JP84HNLKhmd6IYOoupQ,Trap Queen,Fetty Wap,5
115,3Wrjm47oTz2sjIgck11l5e,Beggin',Måneskin,5
115,01YROQCnF1AQm7SCWJmD2o,This Is Halloween,The Citizens of Halloween,5
116,4BM8yJ0PzBi2ZewpMTOxtx,Fernando,ABBA,5
116,0wI7QkCcs8FUQE1OkXUIqd,Scars To Your Beautiful,Alessia Cara,5
116,4Sfa7hdVkqlM8UW5LsSY3F,Take a Walk,Passion Pit,5
116,6WAWmmM5uGsCGxVu7Fgtz5,Get Off the Internet,Le Tigre,5
116,0DiWol3AO6WpXZgp0goxAV,One More Time,Daft Punk,5
116,1WnVwuWYq9Paa1P6IOlr7S,Fucking Your Girl,Devon Hendryx,5
116,20VuO95A8RxUPlShnfYArW,I Got The... - 2006 Remaster,Labi Siffre,5
116,7BY005dacJkbO6EPiOh2wb,House Of The Rising Sun,The Animals,5
116,6l0Ky2PycJV1Bz88kFeVGL,Capital Letters,Hailee Steinfeld,5
116,3NLrRZoMF0Lx6zTlYqeIo4,Here Without You,3 Doors Down,5
116,4w3tQBXhn5345eUXDGBWZG,9 to 5,Dolly Parton,5
116,4nrPB8O7Y7wsOCJdgXkthe,"Shakira: Bzrp Music Sessions, Vol. 53/66",Bizarrap,5
116,2RkZ5LkEzeHGRsmDqKwmaJ,Ordinary,Alex Warren,5
116,7JEzAlwHhCD2M1cYE6BeqJ,Loving Machine,TV Girl,5
116,25GC50HslaaruyrKjdu0lP,Your Betrayal,Bullet For My Valentine,5
116,3rPtS4nfpy7PsARctAWpzd,Best Friend,Rex Orange County,5
116,1p80LdxRV74UKvL8gnD7ky,Blank Space,Taylor Swift,5
116,1Ly3sQABkGYruk0s8XF6US,Can't Get Enough,Tamia,5
116,26Fx8UbsC0BV4J1CdtuLAy,Pop,OsamaSon,5
116,7x8pIrhMu9FCmqqHNyuH0P,cellophane,FKA twigs,5
116,3jjsRKEsF42ccXf8kWR3nu,Washing Machine Heart,Mitski,5
116,336ZYcU6poBWi3s8yzRcAD,I Follow Rivers,Lykke Li,5
116,3XoMtVDuIbmMQ9UKSShXti,Already,Kodak Black,5
116,2llbj6W90VcwPBSnfQXLrt,Somebody That I Used To Know - 4FRNT Remix,Gotye,5
116,0joQFwiBKmi6X1Iq5R1ubH,Codeine Crazy,Future,5
116,3IcIIZMMS7UArJJPtEHXG8,Obsessed,Mariah Carey,5
116,6jg5SRvdGxvJ0DzNV0UqEK,Please Don't Go,Mike Posner,5
116,6QgjcU0zLnzq5OrUoSZ3OK,Feel It Still,Portugal. The Man,5
116,75zIfJpcYFYHSBMVlmdiYc,Slow Dancing in a Burning Room,John Mayer,5
116,7j31rVgGX9Q2blT92VBEA0,Teenagers,My Chemical Romance,5
116,6NK9sI0Lnsiwn6I0MbWWxn,Take On Me - 2017 Acoustic,a-ha,5
116,0xaQ86cGRgcF8wwP1SkXsb,So Be It,Clipse,5
116,1wV6lCsV2PCeVZlyGTkVPt,East To West,Casting Crowns,5
116,4emEXP671dnpn1thHrogSe,Julieta,LATIN MAFIA,5
116,5vRPXm59z8ewWO6WiJHg3m,My Own Prison,Creed,5
116,6KYOlIwDHbrbeBbJEtQ0Fj,オトノケ - Otonoke,Creepy Nuts,5
116,4IKG0oDjlYYJKSGhPxaoSd,How to Pretend,Lucy Bedroque,5
116,4scpF6J5uMBvoh6sFB7EL1,No Type,Rae Sremmurd,5
116,6J2LdBN97cDWn0MLxYh9HB,July,Noah Cyrus,5
116,1wsRitfRRtWyEapl0q22o8,Guerrilla Radio,Rage Against The Machine,5
116,0J6e7MAEnnu55ZRDa7Vmis,Balú,Lima Lúcuma,5
116,5qxPabNDnJQ551Tf4v6k3j,Catch My Breath,Kelly Clarkson,5
116,6Tsu3OsuMz4KEGKbOYd6A0,Hypnotize - 2007 Remaster,The Notorious B.I.G.,5
116,4IiKy6tbZkaGuqc80uIHcP,Cigana,Toco,5
116,42T2QQv3xgBlpQxaSP7lnK,One Last Breath,Creed,5
116,7H0ya83CMmgFcOhw0UB6ow,Space Song,Beach House,5
116,02YWpfMAUVTvsbhu3QO9fM,Sleep Talking,Indigo De Souza,5
116,4OBAfy1GyI4BlE6coiXhQK,Everyone I Know Has Magic Powers,traptraptrap,5
116,2EPr9Wx7e1cpGEbNAtuN7x,Surfin' U.S.A.,The Beach Boys,5
116,2DGa7iaidT5s0qnINlwMjJ,The Spectre,Alan Walker,5
117,4Ba0UyK60lCFlaKadHvVii,Calcium,Ecco2k,5
117,6jbYpRPTEFl1HFKHk1IC0m,Like Him (feat. Lola Young),"Tyler, The Creator",5
117,4ISmCP4vmCPTW02dgh5rYN,The Smooth Kind,Larry June,5
117,600s08VdbjiyAjDGDjYSFI,Interstate Love Song,Stone Temple Pilots,5
117,3s7MCdXyWmwjdcWh7GWXas,Violent Crimes,Kanye West,5
117,3zwmW1gM4E8FlHXV5nE16u,Be Yourself,Audioslave,5
117,6lV2MSQmRIkycDScNtrBXO,Airplanes (feat. Hayley Williams of Paramore),B.o.B,5
117,7yiSvALPjMrBLDDrbcDRNy,Girls in the Hood,Megan Thee Stallion,5
117,5mtTAScDytxMMqZj14NmlN,love.,wave to earth,5
117,2DNXgvkyv35vTWvdgjs7qn,Someone New,Hozier,5
117,50xeLNGKmskmYUSINhqvfa,Clumsy,Fergie,5
117,5Tbpp3OLLClPJF8t1DmrFD,"Nuthin' But A ""G"" Thang",Dr. Dre,5
117,6UkMcAA19lTdjs22jtB7o2,Big Yellow Taxi,Joni Mitchell,5
117,18lR4BzEs7e3qzc0KVkTpU,What I've Done,Linkin Park,5
117,7umZiitjVsEjMQ6HNddpUI,Love Is Only a Feeling,Joey Bada$$,5
117,0OaunKfsxkgBvPv68jBbmm,It Wasn't Me,Shaggy,5
117,1YaVmBh7EAeR54FIjuFcb5,Naturally,Selena Gomez & The Scene,5
117,14gdERIqymApVn9vcsbmZ3,Never Be Like You (feat. Kai),Flume,5
117,7Ca3Zb8wejNYCoei3tlJ9e,All I Could Do Was Cry,Etta James,5
117,2HRgqmZQC0MC7GeNuDIXHN,Seven (feat. Latto) (Explicit Ver.),Jung Kook,5
117,4PMqSO5qyjpvzhlLI5GnID,Good Days,SZA,5
117,3kc4WVsSWOqTE3jtPH94io,Two Occasions,The Deele,5
117,1AWQoqb9bSvzTjaLralEkT,Rock Your Body,Justin Timberlake,5
117,4Kw3CztmD15X1QGDnnHmLD,Auto Pilot,Migos,5
117,5HOpkTTVcmZHnthgyxrIL8,The Fox (What Does the Fox Say?),Ylvis,5
117,17XgxMFNzBYv38TEJRC18D,The Hell Song,Sum 41,5
117,23yZnQJXXBeQ2ah4pArrfA,I (Heart) You,KMFDM,5
117,5BOc5jsPrA7qvjjSTSJ74f,Here I Am,The Hellp,5
117,5gH0Jr4nPOHPapmjfSYs4Y,Victim Of Luck,Metric,5
117,3CBEVPwR3kUXDoTx1lqFUQ,CHÉVERE (premium_remix),ARIA VEGA,5
117,0mRQp2HsSqX1MZuMvonAPN,Let Me Roll It - 2010 Remaster,Paul McCartney,5
117,4K1imZQQ0yKtJ40vGmUajS,Girl from the North Country,Bob Dylan,5
117,5cZqsjVs6MevCnAkasbEOX,Break Stuff,Limp Bizkit,5
117,1WN4uNclrDuczTO3bCr8s1,Be My Baby,The Ronettes,5
117,4keclC0eBhQm8lFtYmX01K,4ÆM,Grimes,5
117,5TgEJ62DOzBpGxZ7WRsrqb,Work Song,Hozier,5
117,4KGGeE7RJsgLNZmnxGFlOj,Falling Behind,Laufey,5
117,11607FzqoipskTsXrwEHnJ,Sunday Morning,The Velvet Underground,5
117,40MskkY7wsFIzhPy19NNTP,Emo Boy,Ayesha Erotica,5
117,5FMyXeZ0reYloRTiCkPprT,Which One (feat. Central Cee),Drake,5
117,1Ukxccao1BlWrPhYkcXbwZ,From The Start,Laufey,5
117,6dRAAG4sB71NAtVCHJep7s,Send the Pain Below,Chevelle,5
117,3YuaBvuZqcwN3CEAyyoaei,Like a Stone,Audioslave,5
117,6nTiIhLmQ3FWhvrGafw2zj,American Idiot,Green Day,5
117,6ZOBP3NvffbU4SZcrnt1k6,Kryptonite,3 Doors Down,5
117,1dByUyyoRKL99fJJ6VCQzb,TIT FOR TAT,Tate McRae,5
117,2wfOfZg3vvU3MzmImL7za8,Ain't No Way - Live at KOKO,SIENNA SPIRO,5
117,4VwPsMcRt1HPVKIdcwY9Uj,Outshined - Remastered 2016,Soundgarden,5
117,6MLsahMK3VvH9NUwXOktdS,I'm Real (feat. Ja Rule) - Murder Remix,Jennifer Lopez,5
117,3koCCeSaVUyrRo3N2gHrd8,Let's Groove,"Earth, Wind & Fire",5
117,0Gz4Q1Bmyef5yA0G6LIIQZ,poster boy,2hollis,4
117,1Czqh6tbb9gqCQpSkXsqDT,Ginkgo,Panchiko,5
117,0mflMxspEfB0VbI1kyLiAv,Stick Season,Noah Kahan,5
117,7AeM1BGYM7emrqmQn1PuWv,I'm The Problem,Morgan Wallen,5
117,3fWibgdtgIie6LKTZ2rUoI,So Far So Fake,Pierce The Veil,5
117,0fCwTrRNfoNk962ati8n2K,All Your'n,Tyler Childers,5
117,3AA8xNhDC0MpqwkGX3EP5V,If I Ever Feel Better,Phoenix,5
117,4fpxnJGDWFxjGvLJOqPPt8,True Faith,New Order,5
117,3sUwKYPGWdJh2uNmexndza,I Am Impossible,Lucy Bedroque,5
117,66yPalPs9DrhbGb9gR3vD9,Yale,Ken Carson,5
117,3dzjjQChozuS8wOOen1ypj,Big Pimpin',JAŸ-Z,5
117,1wlKw9NAWVWpx7OIAyg9EA,Fell On Black Days,Soundgarden,5
117,6c4REcYFMvRkDtuBcW7PjF,S.O.T.B.,Rio Da Yung Og,5
118,5uZm7EFtP5aoTJvx5gv9Xf,Jungle,A Boogie Wit da Hoodie,5
118,65lIGCfW59BxcEJnnIOCq3,Who You Are,Jessie J,5
118,5WTxbyWTpoqhdxEN2szOnl,Everybody (Backstreet's Back) - Extended Version,Backstreet Boys,5
118,1mWdTewIgB3gtBM3TOSFhB,Butter,BTS,5
118,4oGTdOClZUxcM2H3UmXlwL,Ironic,Alanis Morissette,5
118,0kdqcbwei4MDWFEX5f33yG,Bling-Bang-Bang-Born,Creepy Nuts,5
118,0YUrjFy4qFKOO5NhM9tYdV,Locked Up,Akon,5
118,3BWXNAPGGWhCJwsOFolnBB,Delulu,KiiiKiii,5
118,7pKfPomDEeI4TPT6EOYjn9,Imagine - Remastered 2010,John Lennon,5
118,5Qnrgqy1pAm9GyNQOgyVFz,Fourth of July,Sufjan Stevens,5
118,6UmKnXmG7VmYqFnmSPOfRj,Get It Sexyy,Sexyy Red,5
118,303ccTay2FiDTZ9fZ2AdBt,Music Sounds Better With You,Stardust,5
118,3EXrtClWmgsM7dw75Mw2M1,When You're Gone,The Cranberries,5
118,2a03afRiyAbNAleOByVju4,Get It Shawty,Lloyd,5
118,2AY1UAimvTqjJC8vDJsOyy,Mayores,Becky G,5
118,2kKkl59fY6Cic1CmhvSEZK,Hayloft,Mother Mother,5
118,2gQaQUhDCNGfBVXTvxAmXQ,Shout,Tears For Fears,5
118,27R1A3WZ5Zv0ywNe0Zunfr,Witches,Alice Phoebe Lou,5
118,10wJ35whDsMVQ04fhkR5QS,BEAT UP CHANEL$,Slayyyter,5
118,0ARK753YaiJbpLUk7z5yIM,Dilemma,Nelly,5
118,51eSHglvG1RJXtL3qI5trr,Slow It Down,Benson Boone,5
118,5mCPDVBb16L4XQwDdbRUpz,Passionfruit,Drake,5
118,7dltD9eEX7X1zk8JJ9BS0e,Superstar (feat. Matthew Santos),Lupe Fiasco,5
118,5VA4Ispp52EA1sOqzMz3Av,All I Want Is You (feat. J. Cole),Miguel,5
118,6rY5FAWxCdAGllYEOZMbjW,SLOW DANCING IN THE DARK,Joji,5
118,6nTiIhLmQ3FWhvrGafw2zj,American Idiot,Green Day,5
118,7EEpVPYeW8Ycaw2SlP1u7f,Just Say Yes,Snow Patrol,5
118,2RtOnuOdBiecnBoX8x9uoO,When I'm Thinking About You,The Sundays,5
118,5lar0mCUejpILVkAz50s2J,Train food,XXXTENTACION,5
118,27qC3KK5wjQzyNenY53fep,F1,Hans Zimmer,5
118,5ZFVacinyPxz19eK2vTodL,Miami 2 Ibiza - Swedish House Mafia vs. Tinie Tempah,Swedish House Mafia,5
118,46gSk82duJtX3TTA182ruG,This fffire - New Version,Franz Ferdinand,5
118,1Sgj10byiGzPpI2IrXSFEn,Protect Ya Neck,Wu-Tang Clan,5
118,6MExehlWTF49eRhXAXRpB1,Edward 40hands,Mom Jeans.,5
118,4ZOkfHC38nxSeSqzGE5HFr,PIÉNSALO,Junior H,5
118,7vQ8hT2jlA6RhxI4ZxISVd,Kyoto,Yung Lean,5
118,3eBHh35RljNlNtM3KhKhmM,Everyone Adores You (quiet),Matt Maltese,5
118,7fOBp3Fs248pfOEMZAIeRo,Swing Ya Pole,Summrs,5
118,6qLEOZvf5gI7kWE63JE7p3,Interstate Love Song - 2019 Remaster,Stone Temple Pilots,5
118,6HExpZWT5QEDt0pFy6kEin,Baby again..,Fred again..,5
118,63BcfK6YAzJYeISaTPr6IO,Big Poppa - 2007 Remaster,The Notorious B.I.G.,5
118,39C5FuZ8C8M0QI8CrMsPkR,Foreplay / Long Time,Boston,5
118,0nrRP2bk19rLc0orkWPQk2,Wake Me Up,Avicii,5
118,7iZqma5DV0h12Orxlb20VU,Addicted,OsamaSon,5
118,3zwMVvkBe2qIKDObWgXw4N,right where you left me - bonus track,Taylor Swift,5
118,4xdBrk0nFZaP54vvZj0yx7,HOT TO GO!,Chappell Roan,5
118,1kPpge9JDLpcj15qgrPbYX,Good Time,Owl City,5
118,3C0nOe05EIt1390bVABLyN,On The Floor,Jennifer Lopez,5
118,3gK5ckT0cq3t5enyqzzRgV,GALOPA,PEDRO SAMPAIO,5
118,4X2YuFX8I7FEVrXmV2w674,"Keep On Chooglin' - Remastered / Live At The Oakland Coliseum, Oakland, CA / January 31, 1970",Creedence Clearwater Revival,5
118,2DGa7iaidT5s0qnINlwMjJ,The Spectre,Alan Walker,5
118,2xxjQg2hh2Rjm7EY9OhZXY,Agony,Yung Lean,5
118,1OxL1FWSEd7QmJoWLRP2NO,On My Mind (Jorja Smith X Preditah),Jorja Smith,5
118,3h9124hfEaxR5gQHKOO3ym,Journey,Calmly,5
118,7Gxf7hWyHaQjCTXtqOkNNV,No Longer You,Jorge Rivera-Herrans,5
118,0Q0IVlqMV64kNLlwjPj0Hl,Killing Me Softly With His Song,Fugees,5
118,5gZ8nTiDCrI6IIk447z04i,What?,Rob Zombie,5
118,6i18oi8cbvlv9Y2QVBSzkB,Frou-frou Foxes in Midsummer Fires,Cocteau Twins,5
118,4DvhkX2ic4zWkQeWMwQ2qf,Like A G6,Far East Movement,5
118,7j7ud2oFTJ8BjmeI8bjkQm,Texas,BigXthaPlug,5
118,6eT7xZZlB2mwyzJ2sUKG6w,White Iverson,Post Malone,5
118,0jfuRiv6Ku16cub4xZkTz4,Silver Screens,The Walters,5
118,1yvMUkIOTeUNtNWlWRgANS,Unstoppable,Sia,5
118,5QDGKcQLqOJvoiu8eScEaM,Let Em' Know,Bryson Tiller,5
118,6jgkEbmQ2F2onEqsEhiliL,My Kind of Woman,Mac DeMarco,5
118,2ACOWPLUe4A4KuQ5ioD2od,That's My Girl,Fifth Harmony,5
118,1PZrHbJjt5t7dP9OGRxcD0,Dale Don Dale,Don Omar,5
118,3bwAS8cN7Xtzvv5UurJOOX,I Am the Highway,Audioslave,5
118,4dT3qLUU6fFUmomLzk2cUA,Freedom! '90 - Remastered,George Michael,5
119,3kZC0ZmFWrEHdUCmUqlvgZ,I Will Follow You into the Dark,Death Cab for Cutie,5
119,1xulVUlt4ip3iu2EjrV4ZT,The Book of Love,The Magnetic Fields,5
119,6M14BiCN00nOsba4JaYsHW,Ocean Man,Ween,5
119,4wswaG5vmNINMZcVBsAyBP,Got My Mind Set on You,George Harrison,5
119,7soJgKhQTO8hLP2JPRkL5O,One Call Away,Charlie Puth,5
119,0wz1LjDb9ZNEYwOmDJ3Q4b,Surfin' U.S.A. - Remastered 2001,The Beach Boys,5
119,1gugDOSMREb34Xo0c1PlxM,She Looks So Perfect,5 Seconds of Summer,5
119,1mB7dCUM7sPyNab6R43nlj,The Drug In Me Is You,Falling In Reverse,5
119,2AjTT2CBthpsIQtyxzhSr4,Professional Vengeance,Jane Remover,5
119,46clCWv55EyW1ZlOl796It,Cinderella,Remi Wolf,5
119,7Cs6hyQ9Ecyjejra0PTJnl,Jennifer's Body,Julia Wolf,5
119,4FEr6dIdH6EqLKR0jB560J,Rosemary,Deftones,5
119,1i1fxkWeaMmKEB4T7zqbzK,Don't Let Me Down,The Chainsmokers,5
119,0GO8y8jQk1PkHzS31d699N,Tongue Tied,GROUPLOVE,5
119,4Yaw2PmyOETOnEM3TCf98I,Eenie Meenie - Radio Version,Sean Kingston,5
119,2rAuR0YXkWfg1lWI1g0n5j,Player's Prayer,Lloyd,5
119,52DKGPMQ21DauCR19pQ0BK,That Smell,Lynyrd Skynyrd,5
119,2u6VEZjUu5P3GVfUMDIIbu,Best Guess,Lucy Dacus,5
119,0Nux6Q8aJZ1i4vUpPDBvlX,What Is Life - 2014 Remaster,George Harrison,5
119,25f7KnoDqO7nBbPahi15UE,NEVER GET USED TO THIS (feat. JVKE),Forrest Frank,5
119,3Nxw6eeFpBwUbxVuSY6NC0,Chillin',Modjo,5
119,37adYGaYaAWTGhBaOzX4Fh,Take A Slice,Glass Animals,5
119,7BaxYnTazocAOK3istsW1z,You're Not The Only One I Know,The Sundays,5
119,31HzVBCXNRgBWlD5bZg94O,Kills,Chief Keef,5
119,03YZnK3XQWKpvo9TyNZzXf,The Emotion,BØRNS,5
119,4HuiEuJ7ZW8jewUuZBg6sk,Sarah,Alex G,5
119,5Ng6UbryNd3eds2zQk9MUf,Spellbound,Siouxsie and the Banshees,5
119,0tZ3mElWcr74OOhKEiNz1x,Bulls On Parade,Rage Against The Machine,5
119,5vollujufHY0jMZxx77VWr,All These Things That I've Done,The Killers,5
119,29P3bJSzsI5fUvwxSItkvr,Lovers From The Past,Mareux,5
119,2ML7vSeIZEmOCOiLUmz7Sv,Throw Away,Future,5
119,7DnAm9FOTWE3cUvso43HhI,Sweet but Psycho,Ava Max,5
119,2nNBdv2vcJZuWOZ06nNF62,Fact Check,NCT 127,5
119,6et5HwX6nTYddg7hDGAxug,ONE CALL,Rich Amiri,5
119,6r1lboTadi5swMquaAWDzh,Hell At Night (feat. Ella Langley),BigXthaPlug,5
119,4w2GLmK2wnioVnb5CPQeex,360,Charli xcx,5
119,0bfvHnWWOeU1U5XeKyVLbW,Can't Take My Eyes off You,Frankie Valli,5
119,7jwDuO7UZvWs77KNj9HbvF,The Phoenix,Fall Out Boy,5
119,4iEOVEULZRvmzYSZY2ViKN,Left Hand Free,alt-J,5
119,3v2XiE8ztYHOsrjIBN4Xh2,Again,Flyleaf,5
119,1vcxF91pWs9uNwDROuiCPB,Savior,Rise Against,5
119,2UuKZDzjZ7cVMOvpmuAMYj,Tell Me,Wonder Girls,5
119,6t7WriKgVszATnrdBKSUAf,Just One Day,BTS,5
119,5VGlqQANWDKJFl0MBG3sg2,Use Somebody,Kings of Leon,5
119,3UNoPBNWST9mQleI5T53zL,Smile,Isaiah Rashad,5
119,5n3aljhdfkuJ7D8fDnstJT,Big Money,Lil Skies,5
119,3QGsuHI8jO1Rx4JWLUh9jd,Treat You Better,Shawn Mendes,5
119,1Jj6MF0xDOMA3Ut2Z368Bx,Time After Time,Cyndi Lauper,5
119,6mHOcVtsHLMuesJkswc0GZ,The Logical Song - Remastered 2010,Supertramp,5
119,5wPnPIZS8wr4lPNLz4qvHK,Who,Jimin,5
119,6urCAbunOQI4bLhmGpX7iS,Don't Speak,No Doubt,5
119,5v3Dv4UlDOGaXlvphFpkIX,Hello Juliet,Clarion,5
119,6y6jbcPG4Yn3Du4moXaenr,idfc,blackbear,5
119,7LqHM8vXewc8jxsM7VBVUj,love hate,xaviersobased,5
119,2hX8rtWyNxYyaBT64H3LYU,Burn It (feat. MAX),Agust D,5
119,6eLQXa6uk2EW8drsiKbABZ,TU SANCHO,Fuerza Regida,5
119,3e9HZxeyfWwjeyPAMmWSSQ,"thank u, next",Ariana Grande,5
119,6QgjcU0zLnzq5OrUoSZ3OK,Feel It Still,Portugal. The Man,5
119,2RtOnuOdBiecnBoX8x9uoO,When I'm Thinking About You,The Sundays,5
120,0N9b7upoCixmvrsF0e4XN3,Soulja Girl,Soulja Boy,5
120,4u0Xdy7BizHLrcPIf7c6h2,"Oba, Lá Vem Ela",Jorge Ben Jor,5
120,5hHvFrMnwic82WwRLr4WY0,Her,Megan Thee Stallion,5
120,7lR743VxfubUw5m9dpnR9x,Numb,Portishead,5
120,1iuljeYz6ZG3GTJOZZkoer,RGF Island,Fetty Wap,5
120,5i7fZq3chLyCHo3VeB6goD,First of the Year (Equinox),Skrillex,5
120,4myFsmx2v6znDOJfn3IkbD,Popular Monster,Falling In Reverse,5
120,7hPLPHeKbwJrsuDHv4BCTA,Tears Over Beers,Modern Baseball,5
120,5RBYPXkSyitxHGKB0nXJoi,on me,Gunna,5
120,1Bm8X1Q1Gqnm3pApQilCHl,Afghanistan,Yung Lean,5
120,0za55KLGfhCOr2TC4RM6dr,Sofia,Clairo,5
120,4ZJ4vzLQekI0WntDbanNC7,Pink Skies,Zach Bryan,5
120,6JhUq57XpJeNMxboI4Ne3S,Gold Guns Girls,Metric,5
120,0b9oOr2ZgvyQu88wzixux9,This Is America,Childish Gambino,5
120,1gyee1JuFFiP476LQpRMYU,The Red,Chevelle,5
120,46eHxWRKmtYhUHPDRgclt6,Careless Whisper,Seether,5
120,0UHB9METy4VCXNgkcGqHqS,Kiss It Better,Rihanna,5
120,2tej1KSqNuxwywIpY1rDRc,Hide and Seek,Imogen Heap,5
120,5NO5HPCDG8Y0ErpAISWQOJ,PUSH UR T3MPRR,femtanyl,4
120,4ZtFanR9U6ndgddUvNcjcG,good 4 u,Olivia Rodrigo,5
120,5ruzrDWcT0vuJIOMW7gMnW,The Adults Are Talking,The Strokes,5
120,6t5G9AQWFjJYPtt1xra4r7,Poesia Acústica 17,Pineapple StormTv,5
120,5kXeXtMN1uqNXYoqJllQJU,Back 2 Da Basics,Summrs,5
120,0LN5gIsS5tQSmRzQrHSaTR,Eminence Front,The Who,5
120,0Px73m5ACfeYHYsAo9YTfP,You’re Not The One,Sky Ferreira,5
120,6HJszgJO19tAKff7X40ggp,Reality Surf,Bladee,5
120,79tsuz5Op5KSX58nST1BZT,Dreiton,C418,5
120,4gZDCOFuLCxCRWNhSEcOtJ,These Days,Wallows,5
120,0V8FYVlBFuXXTIvRnMbZyS,The Climb,Miley Cyrus,5
120,7fOBp3Fs248pfOEMZAIeRo,Swing Ya Pole,Summrs,5
120,4eTIe5eqds88bA9ua6p5p6,Fine Again,Seether,5
120,2u7mxWSeoqTXndK5e08jMp,Nowadays (feat. Landon Cube),Lil Skies,5
120,3V0nnQhqvbE3JmiDdnzQFQ,July (feat. Leon Bridges),Noah Cyrus,5
120,1MtMZ8lLNbZsDMwApwymaA,363N63,King Krule,5
120,2iUmqdfGZcHIhS3b9E9EWq,Everybody Talks,Neon Trees,5
120,1Fhb9iJPufNMZSwupsXiRe,beside you,keshi,5
120,7rR1msZYCT2MlrssnJMYgw,Pro: Lov: Ad,Sweet Trip,5
120,2K87XMYnUMqLcX3zvtAF4G,Drag Me Down,One Direction,5
120,4zmKGsrXjLmljb5fTaBTot,Snow On The Beach (feat. More Lana Del Rey),Taylor Swift,5
120,7cpfn7H6WjSJseUyRacfUE,The Summer Ends,American Football,5
121,3dvXRk7TZ929m21p49RR5P,Mariella,Khruangbin,3
121,5bcTCxgc7xVfSaMV3RuVke,"Feels (feat. Pharrell Williams, Katy Perry & Big Sean)",Calvin Harris,4
121,6hHc7Pks7wtBIW8Z6A0iFq,Blue Monday,New Order,4
121,55ikcenXPbQdzCnO1sOuYg,I Was Made For Lovin’ You - from The Fall Guy,YUNGBLUD,4
121,7KA4W4McWYRpgf0fWsJZWB,See You Again (feat. Kali Uchis),"Tyler, The Creator",4
121,0VB3YI0Dl6TT3C7mIbHTs4,Shotta Flow,NLE Choppa,5
121,57bgtoPSgt236HzfBOd8kj,Thunderstruck,AC/DC,5
121,3BUc2A0MJ53FHwiy3eohBt,Nobody New,The Marías,5
121,3jS7bB0oXVOwGFZn3aE5NV,You Oughta Know - 2015 Remaster,Alanis Morissette,4
121,4DpNNXFMMxQEKl7r0ykkWA,Play Date,Melanie Martinez,5
121,4Of7rzpRpV1mWRbhp5rAqG,Bruises,Lewis Capaldi,4
121,2r3XNMon9K7bl2KTtHsaQO,"Bad, Bad Leroy Brown",Jim Croce,4
121,2a1o6ZejUi8U3wzzOtCOYw,Danza Kuduro,Don Omar,4
121,4PMqSO5qyjpvzhlLI5GnID,Good Days,SZA,4
121,60fUDmIWuKhngaeBIVhqIV,Stranded,Gojira,4
121,51EpFns3CG9taCMQz6XDom,INVISIBLE,Duran Duran,3
121,0WlUH6Pi7UCToOmecOHoM0,Intimate Relationships,Hunxho,4
121,0znsc67nMhP4X9hjhvoyeP,Tick-Tack,ILLIT,5
121,5QJuMhGWTUB4t9BqR7ndL3,Make Me Your Queen,Declan McKenna,5
121,3Jv1XgMPVjdN5xGfnRJ20s,Pop That,French Montana,5
121,1GTC0DN9LGOdP0NdvoHyX7,ゆめうつつ,Lamp,4
121,7iQXYTyuG13aoeHxGG28Nh,PERRO NEGRO,Bad Bunny,5
121,6VDKp0F4w3L2zijY3eh0uP,party,wifiskeleton,5
121,7tICCrK3CcyRFKza7yrR0z,Homewrecker,sombr,5
121,5JXtkWtuqS8Dm8sKbtPGWa,9,Dean Blunt,4
121,5Bpc360LNUScK53FrM8nvB,Hole in the Earth,Deftones,5
121,5IgVrfYCkVQfwD2bkvkIrM,god's chariots,Oklou,5
121,7iqAuZe5yS0suLQcFfVK39,Chaise Longue,Wet Leg,5
121,6Nm8h73ycDG2saCnZV8poF,Dragula,Rob Zombie,4
121,1ri9ZUkBJVFUdgwzCnfcYs,MAMIII,Becky G,4
121,1Ahp4PZ1vzdbzBCedUrsqI,The One,Jorja Smith,4
121,67Oq8booO7HDSL4LlmHE4s,DNM,Mk.gee,4
121,3UNoPBNWST9mQleI5T53zL,Smile,Isaiah Rashad,3
121,46RNrAkGsqWTDrv2ZPOAbx,Moon Song,Phoebe Bridgers,4
121,2LMkwUfqC6S6s6qDVlEuzV,White Ferrari,Frank Ocean,3
121,4YFdnGd92wP6KBcaFa5v64,Nuketown,Ski Mask The Slump God,5
121,02gYTLDCIGVM9Y9r4vDb2a,Soap (feat. PinkPantheress),Yves,5
121,48NXpYRuvv9izul4oXhqS9,Salió El Sol,Don Omar,4
121,2MvvoeRt8NcOXWESkxWn3g,Ribs,Lorde,5
121,45ROR8UMn60YEVQnDy0uVF,Juliet,Cavetown,4
121,6YVajR33kCWLhWpMVD8AGD,Calling After Me,Wallows,5
121,17tDv8WA8IhqE8qzuQn707,My First Kiss (feat. Ke$ha),3OH!3,5
121,1gSDTZHemEViEBiXysrlo0,Can I Kick It?,A Tribe Called Quest,4
121,2WZyfujzMweFLnozyUJBkW,Boston,Augustana,3
121,5R2rsbwCDXORX2tLfprRmM,Yacht Club (feat. Juice WRLD),Lil Yachty,5
121,2GYHyAoLWpkxLVa4oYTVko,Alors on danse - Radio Edit,Stromae,4
121,4feXcsElKIVsGwkbnTHAfV,Somethin' Stupid,Frank Sinatra,4
122,7KVIuHxbV5lvBE5Vyiw8FC,I CARE,Turnstile,4
122,6aybzjLxocD14YySwF3aus,Burning Down,Alex Warren,4
122,2IGr3q6ljcpLvHDFLtI0yW,Look Alive,Rae Sremmurd,5
122,0Fe3WxeO6lZZxj7ytvbDUh,Dashboard,Modest Mouse,5
122,6ZOBP3NvffbU4SZcrnt1k6,Kryptonite,3 Doors Down,4
122,5gmv3BgePSYiHnPJgY7oTJ,Home,LCD Soundsystem,4
122,3ld1FzyNgpZwGn4h9cOXrq,Love Me Not (feat. Rex Orange County),Ravyn Lenae,4
122,1Cj2vqUwlJVG27gJrun92y,The Sound of Silence,Disturbed,3
122,0dlP9SnqQa5k1A9mReybFb,Treat Me Like A Slut,Kim Petras,5
122,5CRPGdCSOfstyTVK9Ja5EQ,Ceremony,New Order,3
122,6yA2GnuThv4oDuEimu4Rmg,MAYBE.,SIENNA SPIRO,4
122,7F6JQLs6VwNEctUE8mdS9k,2016 (feat. Laker),smokedope2016,5
122,0YHhpW8PnU0WNuAKAVuM70,Piss up a Rope,Ween,4
122,0oF9jpn0n8afMpbHKgRd6J,I Ain't Worried,OneRepublic,3
122,6jR6FMCEoWGdEpFVRlMZM7,Range Life,Pavement,4
122,7vpkmzisaB8R47XlxyTcfs,Distant Lover,Marvin Gaye,5
122,6IwKcFdiRQZOWeYNhUiWIv,No One,Alicia Keys,4
122,57iDDD9N9tTWe75x6qhStw,Bitter Sweet Symphony - Remastered 2016,The Verve,5
122,77NNZQSqzLNqh2A9JhLRkg,Don't Stop Believin',Journey,4
122,1rfGO3N4DPGodJLSSY9Re5,Sticky,Ravyn Lenae,5
122,4gMgiXfqyzZLMhsksGmbQV,"Another Brick in the Wall, Pt. 2",Pink Floyd,3
122,503OTo2dSqe7qk76rgsbep,Still D.R.E.,Dr. Dre,4
122,7lv4SU2ATVjQJp6Jia0x7N,Dark Thoughts,Lil Tecca,4
122,10vkYRKw6Jjr7try1ir50G,Tired of Being Alone,Al Green,4
122,7fcfNW0XxTWlwVlftzfDOR,Walk,Pantera,4
122,5uQOauh47VFt3B2kV9kRXw,My Shit,A Boogie Wit da Hoodie,3
122,1BxfuPKGuaTgP7aM0Bbdwr,Cruel Summer,Taylor Swift,4
122,48UPSzbZjgc449aqz8bxox,Californication,Red Hot Chili Peppers,4
122,5iXD5rOKV99XGtkaiucHpM,BEBE,STAYC,4
122,2QKLrgXNQtK2c8QbLRO3XC,Burn The House Down,AJR,4
122,10nyNJ6zNy2YVYLrcwLccB,No Surprises,Radiohead,5
122,7iZqma5DV0h12Orxlb20VU,Addicted,OsamaSon,5
122,19n8izXThARSuQAXrOKNbO,Avalon,$uicideboy$,5
122,3PgcvLwiKyWeyCuUDpqbkk,Human Attire,Clarion,3
122,1aKvZDoLGkNMxoRYgkckZG,Magnetic,ILLIT,5
122,2Y8BloifAHEn6GproQgPs7,Silver Springs - 2004 Remaster,Fleetwood Mac,4
122,3qQbCzHBycnDpGskqOWY0E,Ella Baila Sola,Eslabon Armado,4
122,3qpXQspF03nEkP7T04v1xg,We Had to End It,Cuco,4
122,1k1Bqnv2R0uJXQN4u6LKYt,Ain't No Sunshine,Bill Withers,4
122,1zcpINZGUYXn2dzO1QSlUo,Te Amo y Me Amas,Ian Cordova,4
122,1AWQoqb9bSvzTjaLralEkT,Rock Your Body,Justin Timberlake,4
122,0W64NfLrIsRTAFObko6uJx,Leaked,Lil Tjay,4
122,6eBK3edMW7bEzecF1eCezc,(Everything I Do) I Do It For You,Bryan Adams,4
123,7bUDqxOfZjVkp0f6vf3cGy,Out Of My Hands,Future,5
123,56KqaFSGTb7ifpt16t5Y1N,Rock the Casbah - Remastered,The Clash,5
123,0lwkzF4dDxLp8HMVSQjpFf,HOOLIGANG,Joey Valence & Brae,5
123,3XRALl9CNCnjjbCZid2L9w,Home,Cavetown,4
123,4UEo1b0wWrtHMC8bVqPiH8,Nightmare,Avenged Sevenfold,5
123,17XgxMFNzBYv38TEJRC18D,The Hell Song,Sum 41,4
123,6jYiHr12NVKLzn0X7K8aSK,FOCUS,Hearts2Hearts,5
123,3MAgQuClHcAV8E9CbeBS6f,Lotus Flower Bomb (feat. Miguel),Wale,5
123,2CzWeyC9zlDpIOZPUUKrBW,1234,Feist,4
123,6lbhWl34Il0WXm5pX1fM9E,Up Down (Do This All Day) (feat. B.o.B),T-Pain,4
123,1gooIGZGh22TOPqaogU9bs,Love Lost,Mac Miller,4
123,74fQgHleHZ4V7Gm1XYcGkj,One Night Only,Sonder,5
123,2Zo1PcszsT9WQ0ANntJbID,Feather,Sabrina Carpenter,5
123,0LQtEJt7x0s6knb6RKdRYc,Chicken Fried,Zac Brown Band,4
123,1xK59OXxi2TAAAbmZK0kBL,Romantic Homicide,d4vd,4
123,0bhBtXHQX3u6dSAPF59qGx,Flume,Bon Iver,2
123,6tDDoYIxWvMLTdKpjFkc1B,telepatía,Kali Uchis,3
123,6l8T96kpkx6RY9kFac7eMU,Blondie,Current Joys,4
123,4sebUbjqbcgDSwG6PbSGI0,Come a Little Closer,Cage The Elephant,5
123,4HmE2Qs4HHAtqc1UBNIMtz,AINT NOTHING,Rich Amiri,5
123,2vzbU9nlpIMYxlt0FucOHi,&,Tally Hall,5
123,0H7Wdgn1C7vFy4z0o2kBUZ,japan,Yot Club,4
123,0Px73m5ACfeYHYsAo9YTfP,You’re Not The One,Sky Ferreira,5
123,4nva9EpKntUTs6CRSGBCn9,Just A Lil Bit,50 Cent,4
123,1IA0DHaEGwuK5xhvnontdP,Keyz 2 the City 2 (feat. TeeFlii),Nipsey Hussle,5
123,2xLMifQCjDGFmkHkpNLD9h,SICKO MODE,Travis Scott,4
123,3aHkbJXFYpPrup2K8wvDOV,We Still in this Bitch (feat. T.I. and Juicy J),B.o.B,5
123,5O2P9iiztwhomNh8xkR9lJ,Night Changes,One Direction,4
123,2GlV9w8oHSQdiPPk9lxqlp,Fine,Lemon Demon,4
123,0npGoOENjn7vVvIMmvWekQ,Lay It Down,Lloyd,5
123,3702l19pLmnSRKFEzDnVeM,Dior,Pop Smoke,5
123,0djkJ3iAARXRCbfbwwVc3o,Love wins all,IU,4
123,5sdQOyqq2IDhvmx2lHOpwd,Super Shy,NewJeans,5
123,5L95vS64rG1YMIFm1hLjyZ,Rollercoaster,Bleachers,4
123,0ERnYArznxdTBEIj1VSta8,man i is,Logic,5
123,77yGZRjuWfSzbDT0ROSSUG,Earthmover,Have A Nice Life,4
123,2Q6RiCAKOrxRYtvl9pcpjY,All Eyes On Me,Bo Burnham,4
123,4j3X4KX8rURekAVIFUhI23,Perfect,Simple Plan,5
123,6mTfOxORhYlpnTvm7VrL6b,Chove Chuva,Jorge Ben Jor,4
123,1wV6lCsV2PCeVZlyGTkVPt,East To West,Casting Crowns,3
123,6glsMWIMIxQ4BedzLqGVi4,"So Fresh, So Clean",Outkast,4
123,4sP9P3sGwmCXLLkxcqLXlM,GET OUT OF MY YARD,Lil Darkie,5
123,3a3dQOO19moXPeTt2PomoT,What You Heard,Sonder,5
123,2TktkzfozZifbQhXjT6I33,Evergreen (You Didn’t Deserve Me At All),Omar Apollo,5
123,1KuNhOubescxn3xD6WNI7Q,Do It,Stray Kids,4
123,4dc3j2N9wh8H7EcidQV3p8,11:11,Devi McCallion,4
123,0JP9xo3adEtGSdUEISiszL,Moonlight,XXXTENTACION,5
123,2EPr9Wx7e1cpGEbNAtuN7x,Surfin' U.S.A.,The Beach Boys,5
123,5Z9KJZvQzH6PFmb8SNkxuk,INDUSTRY BABY (feat. Jack Harlow),Lil Nas X,5
123,6Xgq7MvZiet0hVi3KaDSgJ,Holy (feat. Chance The Rapper),Justin Bieber,4
123,1yvMUkIOTeUNtNWlWRgANS,Unstoppable,Sia,4
123,7qLc5KYxAvBPgjUkqUozVn,liquidize,Wet Leg,5
123,4lriIG2vNqwDWzOj2I9rtj,Ma Meilleure Ennemie (from the series Arcane League of Legends),Stromae,5
123,6kesIBNAY17BoAz28pnWMC,Run,Snow Patrol,5
123,2cX2coZS1PYBfPs8wgbdWE,More Than A Woman,Bee Gees,3
123,6WatFBLVB0x077xWeoVc2k,Si Antes Te Hubiera Conocido,KAROL G,5
123,5bknBRjKJZ643DAN2w8Yoy,FACE,BROCKHAMPTON,4
123,1WN4uNclrDuczTO3bCr8s1,Be My Baby,The Ronettes,4
123,3A4U3uNNsMaI1vWBey3VYH,Plan B,Megan Thee Stallion,5
123,4qtdab2DABnEokwupCl8lG,Dirty Work,aespa,4
123,5A7ldx7fFEEsHvl5XEnGUA,Winter Snakes,Joy Again,5
123,3sP3c86WFjOzHHnbhhZcLA,Give Your Heart a Break,Demi Lovato,4
123,7tI8dRuH2Yc6RuoTjxo4dU,Who,Jimin,5
123,7uDUb37h7Xdhza1eWMkoJv,Friends,Chase Atlantic,3
123,5iyZwawawLjHYpX4MxUKVF,Salt,Ava Max,5
123,4VcPtoOpK3oBMDZJ9Ptp9f,No Auto Durk (feat. Lil Durk),Only The Family,3
123,5XhMgAWzou6EjDmQtoyoZE,I Love You,Fontaines D.C.,4
123,20VuO95A8RxUPlShnfYArW,I Got The... - 2006 Remaster,Labi Siffre,5
123,3la5OesvyTzhCuIhnkJT4E,Touch-Tone Telephone,Lemon Demon,3
123,2FfZg072w8RoxlMOR7M4CT,Ants Marching,Dave Matthews Band,5
123,1w4JPzTHAcMdAGzDLzXCjF,Milk,Jack Stauber's Micropop,5
123,30JUrbIq4PsRjIvDz8freE,Out Getting Ribs,King Krule,4
123,1e3AdX6I8gaQKjQMONn9tA,Stoned,Mac Miller,5
123,3Jv1XgMPVjdN5xGfnRJ20s,Pop That,French Montana,5
123,7mXuWTczZNxG5EDcjFEuJR,LADY GAGA,Peso Pluma,4
123,4FE9SgxcOoCNuGnaaU8TXz,When the Night is Over,Lord Huron,4
123,3QJsSWa0Xo8MfaRn1gr4Be,Favorite,Isabel LaRosa,5
124,4eWQlBRaTjPPUlzacqEeoQ,Never Be the Same,Camila Cabello,5
124,2GxrNKugF82CnoRFbQfzPf,i like the way you kiss me,Artemas,5
124,0h2gzJQBt6duqZD6kWiz4s,Moby Dick,Led Zeppelin,4
124,3vWAF1k5crNOR67wDdupxc,Woopie,Still Woozy,4
124,53PkA8aXiwH4ppa0V0iO7o,oh baby,LCD Soundsystem,5
124,6pidilGWd5NuREht6PQkMj,The Dogs of War,Bassvictim,5
124,2K7xn816oNHJZ0aVqdQsha,Softcore,The Neighbourhood,5
124,4LJhJ6DQS7NwE7UKtvcM52,What's My Age Again?,blink-182,5
124,5Pg8MZDBD6sNsnV3miq2jo,Rack,callmestevieray,4
124,5Y77SQxEr1eiofPeUTPHxM,You,Lloyd,4
124,0nq6sfr8z1R5KJ4XUk396e,Stay Schemin,Rick Ross,5
124,2DQ1ITjI0YoLFzuADN1ZBW,No Limit,G-Eazy,4
124,7faK0eOWGbfxWeuw1inyBN,you and forever,Bleachers,4
124,4356Typ82hUiFAynbLYbPn,DJ Got Us Fallin' In Love (feat. Pitbull),USHER,5
124,7vQ8hT2jlA6RhxI4ZxISVd,Kyoto,Yung Lean,4
124,4x2PkqSLtuwv53hLqq4GiY,Backburner,NIKI,3
124,33ZOUzkmTrwfA1TsW6421d,Honey,Disco Lines,3
124,3QRQwnaENDNslrc5tNUGgE,Lava Lamp,Thundercat,5
124,32SrQzg34vQiYjyzjg3wum,Killin' It Girl (Solo Version),j-hope,4
124,2zf1izCOz2F22PF27uhxRF,Love Takes Miles,Cameron Winter,4
124,6ZFbXIJkuI1dVNWvzJzown,Time,Hans Zimmer,3
124,6Yj8kVuVR3UPxx9r5eFEoV,Miniskirt,AOA,5
124,5FuHvT4gCAx3DS1USi8jBm,Girl Like Me + Oklou,PinkPantheress,5
124,5UJbgR4XF4y1DvbkxEqe8S,Sports car,Tate McRae,5
124,51DZ0wUocQ8sQfjnibXVcD,Unbelievers,Vampire Weekend,5
124,7aHmvUghK3XCEqNRbUeAn4,This Hell,Rina Sawayama,4
124,2UAWVtEwFLJqdJsT8FCzKX,Flashed Junk Mind,Milky Chance,3
124,5ASM6Qjiav2xPe7gRkQMsQ,Sleigh Ride,The Ronettes,4
124,75IQVo8hqI1iwVZyvkN2VT,Show Me How,Men I Trust,5
124,7KBwU1bouDcULSjHjpdoFb,She's Like A Star,Taio Cruz,4
124,1z8nQqjNwNtuj0aoALh7gf,Enough for you,Wisp,5
124,02sy7FAs8dkDNYsHp4Ul3f,Soda Pop,Saja Boys,4
124,05oETzWbd4SI33qK2gbJfR,Rhiannon,Fleetwood Mac,4
124,34ceTg8ChN5HjrqiIYCn9Q,Miss Independent,Ne-Yo,5
124,6QQG95C5Evjbichtoxl4RH,Burnin' Up,Jonas Brothers,4
124,3QGTAH2zBXS0EgLdrouSgF,In My Life,Rita Lee,3
124,3NM41PVVUr0ceootKAtkAj,As the World Caves In,Matt Maltese,5
124,2TTYIwTM2iLC1YOyHuhRMt,Lucky,Britney Spears,4
124,1LzvuqP3L5Q7G61kUBgfCJ,VYZEE,SOPHIE,4
124,1y4eb6hmAvsqlDOl3fx9kk,Hot N Cold,Katy Perry,5
124,620q3OKfZXyy4dstdxSi9K,Ebony Eyes,Stevie Wonder,4
124,5cbDTZG8lBJqVVa2zqROPI,Taxes,Geese,3
124,3KANrKOFYyAxfjQJHkgBdb,Smile Like You Mean It,The Killers,4
124,6l8T96kpkx6RY9kFac7eMU,Blondie,Current Joys,4
124,4KacUpvbA3Mfo05gttTjhN,Fat Lip,Sum 41,4
124,05nbZ1xxVNwUTcGwLbp7CN,Myself,NAV,5
124,41bIQPBE1lFN0mmw6Lmssz,21 Questions,50 Cent,3
124,2X485T9Z5Ly0xyaghN73ed,Let It Happen,Tame Impala,5
124,5W7xC99N2Zzfh69r7I7zWK,Aston Martin Music,Rick Ross,3
124,2KslE17cAJNHTsI2MI0jb2,Standing Next to You,Jung Kook,4
124,0T7aTl1t15HKHfwep4nANV,Disco Man,Remi Wolf,3
124,1MBM7CyZbwJpVbbZJnHHRg,Summer Love,Justin Timberlake,4
124,7KA4W4McWYRpgf0fWsJZWB,See You Again (feat. Kali Uchis),"Tyler, The Creator",4
125,6LLEo7PwDxXNO0KVQtsFEj,Nice Nice,Dazey and the Scouts,4
125,4lhqb6JvbHId48OUJGwymk,Hey Brother,Avicii,5
125,6ISuXA3UCPMtsyEUGUTAyn,Stellar,Incubus,4
125,0Cy7wt6IlRfBPHXXjmZbcP,Love Me Like You Do,Ellie Goulding,5
125,77FSmplFEEoyDMTu4xSm56,Hand Of Blood,Bullet For My Valentine,4
125,0LN5gIsS5tQSmRzQrHSaTR,Eminence Front,The Who,3
125,2EPr9Wx7e1cpGEbNAtuN7x,Surfin' U.S.A.,The Beach Boys,5
125,1lOe9qE0vR9zwWQAOk6CoO,Ransom,Lil Tecca,4
125,3RznzRnsl8mzP63l4AF2M7,Dream Sweet in Sea Major,Miracle Musical,4
125,20zQZVyUNPbq8kZACdgYrh,On The Floor,Jennifer Lopez,3
125,2bcvooA6HEmVUneEGJnNZD,Everybody Here Wants You,Jeff Buckley,4
125,1mXVgsBdtIVeCLJnSnmtdV,Too Good At Goodbyes,Sam Smith,4
125,2VyaGJJI8dOiv36F8vHZIL,Slow Down,Chase Atlantic,5
125,2d8JP84HNLKhmd6IYOoupQ,Trap Queen,Fetty Wap,4
125,6NKdgzbc4saTTaO0DkPAkJ,Don't Take the Night Away,Chris Rainbow,5
125,2Tc9VznHtQUmfOgE3L1RdN,If You Can't Hang,Sleeping With Sirens,4
125,1TnUURhehaoMWKAqQtirm6,Colors,Halsey,5
125,6RcAHyC5sAUIbPTkhOQwd8,Y LLORO,Junior H,5
125,2dLLR6qlu5UJ5gk0dKz0h3,Royals,Lorde,4
125,09riz9pAPJyYYDVynE5xxY,1000 Blunts,$uicideboy$,4
125,33nOHyNeOKwwjKMrF9VN4V,CSIRAC,Ninajirachi,5
125,6xdSzlVVKW3fQidPxBImTG,Running Away,Hoobastank,5
125,2hKdd3qO7cWr2Jo0Bcs0MA,Drops of Jupiter (Tell Me),Train,5
125,3BGzKSHUVJawX3x2z6W7js,You Missed My Heart,Phoebe Bridgers,4
125,6wNeKPXF0RDKyvfKfri5hf,Dollhouse,Melanie Martinez,4
125,35tWhD29yvWwB0IDRr6zsL,Yeah Right,Vince Staples,5
125,5vHyWEoEyIJT5RhR1fcN7y,Too Late For Love,Def Leppard,3
125,4MRT0dDbhqFKl67WzhUbSw,Only,Nicki Minaj,5
125,6lSr3iZTC144PKhvbPFzMp,Blurry,Puddle Of Mudd,5
125,40QrLHWdsxyXLAdjJG4Rxs,Chosen 1,Polo G,4
125,7AJ4RXkc0JWZqeQqzymSjv,Travesuras,Nicky Jam,4
125,05lLXO1gallwajxAD4aTvE,Christmas Dirtbag,Wheatus,4
125,0CbESIyx34Usxoy7emUEBd,All These Things I Hate (Revolve Around Me),Bullet For My Valentine,5
125,0u4N6w5lBw5xMrzJitRWUo,Corazón Sin Cara,Prince Royce,5
125,2SpEHTbUuebeLkgs9QB7Ue,Jolene,Dolly Parton,4
125,2AxCeJ6PSsBYiTckM0HLY7,Voodoo Child (Slight Return),Jimi Hendrix,5
125,2wUlYDGGXlSvm2NkGj0Qio,Personal Jesus,Depeche Mode,4
125,1IgePMOW0qEe1AViWgkal9,Pretty Little Birds (feat. Isaiah Rashad),SZA,5
125,5jZoYp0P8ML7AxkS3tQz3j,Seventeen,Sharon Van Etten,5
125,3BxWKCI06eQ5Od8TY2JBeA,Buttons,The Pussycat Dolls,4
125,7D0RhFcb3CrfPuTJ0obrod,Sparks,Coldplay,5
125,0k2GOhqsrxDTAbFFSdNJjT,Temperature,Sean Paul,4
125,41PeEqKytfuiA8qBe9WthK,Take It Back,She & Him,5
125,1i1fxkWeaMmKEB4T7zqbzK,Don't Let Me Down,The Chainsmokers,4
125,1tNJrcVe6gwLEiZCtprs1u,3 Nights,Dominic Fike,5
125,7MXVkk9YMctZqd1Srtv4MB,Starboy,The Weeknd,4
125,2IWtloZYQDcP8Ashwx8QEF,Black Out Days,Phantogram,5
125,4JGKZS7h4Qa16gOU3oNETV,Dreams,The Cranberries,5
125,3tYxhPqkioZEV5el3DJxLQ,Youngest Daughter,Superheaven,4
125,15nElWknZsgnSIfVihVCQf,DIVINE,Stray Kids,4
126,0qOnSQQF0yzuPWsXrQ9paz,Stereo Hearts (feat. Adam Levine),Gym Class Heroes,4
126,6Ac8Byr6GByGr3wDH7JjYh,white tee,Lil Peep,4
126,1xMPwgmLHVXkIFYL0rvGiZ,You Can Do It,Ice Cube,4
126,6mHOcVtsHLMuesJkswc0GZ,The Logical Song - Remastered 2010,Supertramp,4
126,5yc59J3MR3tVDPTOgwgRI5,Soul Meets Body,Death Cab for Cutie,4
126,4B0JvthVoAAuygILe3n4Bs,What Do You Mean?,Justin Bieber,4
126,0HDHY6RSHHG2ZTE0cMT4GJ,Los Infieles,Aventura,4
126,34dkZZNQJzEJRqPkywYmEY,A Quick One Before the Eternal Worm Devours Connecticut,Have A Nice Life,4
126,6gBFPUFcJLzWGx4lenP6h2,goosebumps,Travis Scott,5
126,6ToM0uwxtPKo9CMpbPGYvM,Break on Through (To the Other Side),The Doors,5
126,5qHirGR7M9tdm6C17DlzSY,REEL IT IN,Aminé,5
126,1gihuPhrLraKYrJMAEONyc,Feel So Close - Radio Edit,Calvin Harris,5
126,3dvXRk7TZ929m21p49RR5P,Mariella,Khruangbin,2
126,1wNspyFiI1E9YGhJzz3AoO,SLOWDIVE,Turnstile,4
126,4HyPxBQDLUnY3w7gukITrW,ROSITA,Tainy,5
126,4g0yqS7sBgZGA3VWBOj1Kk,How Can I Make It Ok?,Wolf Alice,4
126,6W21LNLz9Sw7sUSNWMSHRu,Freak On a Leash,Korn,4
126,1mRqeViSSY5ir944Xp9p2j,BOTA,LUDMILLA,5
126,6Ts5zvNORCcfLG7K5etvuA,DUH!,P1Harmony,5
126,24SUWisv2lYQiB3bVpE1sn,Virtual Insanity,Jamiroquai,3
126,3aQ9MHkMeL7Yu7jpyF62xn,Neverender,Justice,4
126,3hpm0fTeSqlhJbnqAgaLZs,Marlboro Rojo,Fuerza Regida,4
126,600s08VdbjiyAjDGDjYSFI,Interstate Love Song,Stone Temple Pilots,5
126,78lgmZwycJ3nzsdgmPPGNx,Immigrant Song - Remaster,Led Zeppelin,5
126,6kDyRP48g1KWahq8irqZF9,Sweet to Dream,Jordana,5
126,65vdMBskhx3akkG9vQlSH1,And I Love Her - Remastered 2009,The Beatles,4
126,1KMkcUvF7m3SDChDOa7i5L,WITHOUT YOU,The Kid LAROI,5
126,1D0QeY6vwnZcbiM6iBYYSj,Love Like Ghosts,Lord Huron,4
126,5hkdfA87RZvNaxl6XiveOA,Everybody's Changing,Keane,4
126,4lIAPwAU6R8PAy2WhykC4i,#menow,fromis_9,5
126,69xohKu8C1fsflYAiSNbwM,Run BTS,BTS,5
126,5Fhr3wqeieN5WDkAsqL1JJ,MONA LISA,j-hope,4
126,7x5RhTT2bzS6CCQFeNb5HU,What You Need,Tems,4
126,09VVtxc7My0NTuo7mf90gU,Gucci Mane,Jessie Murph,5
126,4eGHEHqoDMMejzPhRFTc7p,I Don't Wanna Be Me,Type O Negative,4
126,2mv1gGdqFpNNMJn93ZBpvQ,When You Sleep,Banjo Two Zero,4
126,73CMRj62VK8nUS4ezD2wvi,Set Fire to the Rain,Adele,4
126,3SBhQh5X7tO8ejCMUdjSRu,Pandora,Wisp,5
126,27RYrbL6S02LNVhDWVl38b,Happy Xmas (War Is Over) - Remastered 2010,John Lennon,4
126,4aVuWgvD0X63hcOCnZtNFA,Hold the Line,TOTO,4
126,54bzhkAeWNCzl6Reh4h8pV,The Kill (Bury Me),Thirty Seconds To Mars,5
126,0QCuMBeqdWkwFUTO1WlAjH,Seaside,The Kooks,4
126,6GJdFTOm23lC5bqjYSMJTj,Prom Queen,Beach Bunny,5
126,1a7onn7lPqqRWul5ogyMyX,ANSIEDAD,Fuerza Regida,4
126,51rfRCiUSvxXlCSCfIztBy,"I Love You, I'm Sorry",Gracie Abrams,4
126,0eBFgRxyVSeuT4iyrbukdn,Where the Wild Things Are,Luke Combs,4
126,38xXr3MkiKNzNDv4JDJagF,$20,boygenius,4
126,3hQCHzkE5oSA3F1xM8bpcM,Hustlin',Rick Ross,5
126,1h3bcnnIm72UnemGIfm0iZ,Ebony And Ivory,Paul McCartney,4
126,1JNsKjaCFgTxjP3EkKfYZo,LOOP (feat. Lil Cherry),Yves,5
126,4iZ4pt7kvcaH6Yo8UoZ4s2,Snooze,SZA,5
126,5GyEbpUAN4ErmlPOxKgODR,BILLY,6ix9ine,5
126,56sk7jBpZV0CD31G9hEU3b,Animal I Have Become,Three Days Grace,4
126,56KqaFSGTb7ifpt16t5Y1N,Rock the Casbah - Remastered,The Clash,4
126,3xiKmrnBK71IZ78foAIiRv,Starting to Fall,Duster,5
126,13toFl1UwJPsRxDiD9jgtn,As,Stevie Wonder,3
126,4TwEdnSiTPDR1vg1QZ5K8W,Beautiful People,David Guetta,4
126,3fqwjXwUGN6vbzIwvyFMhx,Tennessee Whiskey,Chris Stapleton,5
126,0w3Mfe4PIVjuFjJbe3OlYv,8am in Charlotte,Drake,4
126,45hOioMDJktr86iKDHC8gr,Girlfriend,Avril Lavigne,3
126,1jypmXUJgxWKWJZdDsJiXQ,Why Not,Hilary Duff,4
126,0PsFsv5xUyX06ZhIEtFkeA,End of You,Poppy,4
126,21JL0gpeAYgbSUmzhgSPJz,Souvenir,boygenius,4
126,4Q5LWPIKCuV6LRdDeqOYM7,Pretty In Possible,Caroline Polachek,4
126,7wLShogStyDeZvL0a6daN5,TEXAS HOLD 'EM,Beyoncé,4
126,6etwirSInfuJrSOlogS6Sh,American Boy,Estelle,5
126,230wNo1dnexltKYQbsW7oD,772 Love,YNW Melly,5
127,1ZBqJilDGBVYktvlCEo9jC,Obstacle 1,Interpol,4
127,1gXIOLjnh36fww7bdZ1NhK,Mice on Venus,C418,3
127,762B4bOcXF7I2Y8UlKTyTy,Chiquitita,ABBA,3
127,2297mxrYLBAC4XkhXs39If,Armed & Dangerous,King Von,4
127,2pA4ip3VIEVcIa3qE02oAX,"10,000 Emerald Pools",BØRNS,4
127,4yNk9iz9WVJikRFle3XEvn,golden hour,JVKE,3
127,15nElWknZsgnSIfVihVCQf,DIVINE,Stray Kids,4
127,4tKGFmENO69tZR9ahgZu48,Murder On The Dancefloor,Sophie Ellis-Bextor,5
127,6tndztSp95N6ufMfqFRBHi,Faucet Failure,Ski Mask The Slump God,4
127,4VxTzYm00mg82MuoT35Ja7,CHANEL,Tyla,5
127,7HacCTm33hZYYN8DXpCYuG,I Like It,Enrique Iglesias,5
127,0vBpyfpW2lARGh3AZFtWRi,Heads Will Roll - A-Trak Remix Radio Edit,Yeah Yeah Yeahs,5
127,4ABzNwtzvzvXsQMBIrdF39,Pontos De Luz,Gal Costa,3
127,5WtfUKzXircvW8l5aaVZWT,What A Time (feat. Niall Horan),Julia Michaels,5
127,41omgwj9Hoqy8B7ApXX6Zf,Superscar,ADÉLA,4
127,4fsQ0K37TOXa3hEQfjEic1,ANTIFRAGILE,LE SSERAFIM,4
127,6KtLECDztnah63TNmV4Plw,Wish You Were Here,Incubus,4
127,2tej1KSqNuxwywIpY1rDRc,Hide and Seek,Imogen Heap,3
127,6oCXDaFZYL7sHnowv6pdXb,Spring Into Summer,Lizzy McAlpine,3
127,0HfU5n8xDZP3VCQTJ0pDx1,Clap,Waka Flocka Flame,5
127,66UbHESsyfaXdoxlqVBa1T,Song For The Dead,Queens of the Stone Age,4
127,2u7mxWSeoqTXndK5e08jMp,Nowadays (feat. Landon Cube),Lil Skies,5
127,5SoKCTxPvWYSK9A5jNniP7,Life Goes On,The Sundays,4
127,4Xtlw8oXkIOvzV7crUBKeZ,Rompe,Daddy Yankee,5
127,65vdMBskhx3akkG9vQlSH1,And I Love Her - Remastered 2009,The Beatles,4
127,2oRNyf4qlAzGz6LljMcDJp,cliche,2hollis,3
127,4pAl7FkDMNBsjykPXo91B3,Needed Me,Rihanna,5
127,3ld1FzyNgpZwGn4h9cOXrq,Love Me Not (feat. Rex Orange County),Ravyn Lenae,4
127,47oS7xB31QQUyPCgHpM3VZ,Canned Heat,Jamiroquai,3
127,047fCsbO4NdmwCBn8pcUXl,Marvins Room,Drake,4
127,19Dhj2zNpcTX2mBYrxlkax,TMW,Avenoir,4
127,5U0AcKclgf0AbG11AUFLht,Down By The River,Milky Chance,4
127,34WePpH1av2xmrlU2xUqmQ,Can't Do A Thing,Chris Isaak,5
127,76TZCvJ8GitQ2FA1q5dKu0,The Boxer,Simon & Garfunkel,3
127,68hYdj3GepWm2R202KhJT7,1901,Phoenix,5
127,2wUlYDGGXlSvm2NkGj0Qio,Personal Jesus,Depeche Mode,4
127,2AY1UAimvTqjJC8vDJsOyy,Mayores,Becky G,4
127,50nfwKoDiSYg8zOCREWAm5,Shivers,Ed Sheeran,5
127,1tkMs9wDPknQ3ZHcKDw1ES,Buy U a Drank (Shawty Snappin') (feat. Yung Joc),T-Pain,5
127,3jhyw60F61gc7nC4dblqtC,JETSKI,PEDRO SAMPAIO,5
127,6QcOEPC0bX799hITIgj3vU,Bad Omens,5 Seconds of Summer,4
127,21IYMdzTrzSe191Cy5eMap,Sailor Song,Gigi Perez,4
127,0Nux6Q8aJZ1i4vUpPDBvlX,What Is Life - 2014 Remaster,George Harrison,4
127,5u5qlnyVaewWugJIjzilIc,Smokin',Boston,3
127,7k6IzwMGpxnRghE7YosnXT,Me & U,Cassie,4
127,3gjRRs7gmh3Euynu1cau1d,This December,Ricky Montgomery,5
127,4wd09wCccmxUB7XVJp0RNn,"Jesus, Etc.",Wilco,4
127,4xVmPboqdKG78mkqZ0sn1m,What You Know Bout Love,Pop Smoke,5
127,2m1hi0nfMR9vdGC8UcrnwU,All The Small Things,blink-182,5
127,1Ahp4PZ1vzdbzBCedUrsqI,The One,Jorja Smith,4
127,53PkA8aXiwH4ppa0V0iO7o,oh baby,LCD Soundsystem,5
127,2yXyz4NLTZx9CLdXfLTp5E,I Will Not Bow,Breaking Benjamin,5
127,3SUusuA9jH1v6PVwtYMbdv,Last Nite,The Strokes,3
127,6jmTHeoWvBaSrwWttr8Xvu,I Mean It (feat. Remo),G-Eazy,5
127,6PNvv1dmDbOWrAYwEcuKBX,Criminal,Fiona Apple,4
127,1ia019RqDK2o4QiANR1Dyn,Moment 4 Life,Nicki Minaj,4
127,5ry2OE6R2zPQFDO85XkgRb,Money In The Grave (Drake ft. Rick Ross),Drake,5
127,4F8xzq2XQ82zMBypnQ3gvB,Clap Snap,Icona Pop,4
127,22skzmqfdWrjJylampe0kt,Can't Hold Us (feat. Ray Dalton),Macklemore,5
127,72sfmdpuO5r8cBDgs7MqZZ,UNDERSTAND,keshi,5
127,1kADZJDyRUbmlLxYiqi077,fuck this town,glaive,5
127,5XeFesFbtLpXzIVDNQP22n,I Wanna Be Yours,Arctic Monkeys,3
127,0lwkzF4dDxLp8HMVSQjpFf,HOOLIGANG,Joey Valence & Brae,4
127,75ZvA4QfFiZvzhj2xkaWAh,I Fall Apart,Post Malone,5
127,5aJOyuvqhcCRpaUCubwXk9,The Ballad of Eddie Jabuley,Hotel Ugly,4
127,1Sgj10byiGzPpI2IrXSFEn,Protect Ya Neck,Wu-Tang Clan,4
127,4v2r3H6YEQIlxS4Z1njwoe,"Trunks (From ""Highest 2 Lowest"")",A$AP Rocky,5
127,6E7oFW7xTK6Ghucsq6tMUj,Emergency,Icona Pop,4
127,6sKGGi2pVKXR69s1SNdhGv,Black&Blue,Vince Staples,5
127,1AqemxWsT0iGg5Lvkm16Bt,Fukk Sleep (feat. FKA twigs),A$AP Rocky,5
127,2flxduIqEbsicdmPyj1WVW,Imagination,Foster The People,4
127,0oIgtBMz4hFHBROA619JdS,Navidad Sin Ti - En Vivo,Marco Antonio Solís,5
127,1ibeKVCiXORhvUpMmtsQWq,Pieces,Sum 41,4
127,5fEB6ZmVkg63GZg9qO86jh,Break from Toronto,PARTYNEXTDOOR,5
127,6XHNIbru8xGohLzHNgxQvF,Forever Young - 2019 Remaster,Alphaville,4
127,7EDcAz6iuKSkxH4VcC3Oko,I Wait for You,alex_g_offline,4
127,3znSvEwBq09We4cxxmwlZM,Chains & Whips,Clipse,4
127,5ocSQW5sIUIOFojwXEz9Ki,Supernatural,NewJeans,4
127,2RlgNHKcydI9sayD2Df2xp,Mr. Blue Sky,Electric Light Orchestra,5
128,01aNqddaggrPJYUIdRApRD,bad enough,Madison Beer,4
128,7FUNGlYkniRH0qhSHWU5HK,Like A Virgin (Glee Cast Version) (feat. Jonathan Groff),Glee Cast,4
128,3vtFowc9zcQfvqsLAZ9Cx2,Shadows,Pastel Ghost,4
128,6wOYnPq1hPihRepcDClPUw,Meet Me Halfway,Black Eyed Peas,4
128,4mOLsya7jOsaONExOxpryV,Out of Touch,Daryl Hall & John Oates,4
128,1WoOzgvz6CgH4pX6a1RKGp,My Way (feat. Monty),Fetty Wap,5
128,5cQU9P6Ak8rJ9Cwy3gHd1k,Home Alone,Glokk40Spaz,5
128,5jsw9uXEGuKyJzs0boZ1bT,Stitches,Shawn Mendes,5
128,2rVa6UVT2f95l3bGcMGCWQ,What Hurts The Most,Cascada,5
128,0IkKz2J93C94Ei4BvDop7P,Party Rock Anthem,LMFAO,5
128,7w0BDcq8qFMzlw6Uh5pM80,Blue Oyster Cult,Shonen Knife,3
128,5c0LlTO3yRYMkElrZCByjy,Sleep Well,CG5,5
128,6i18oi8cbvlv9Y2QVBSzkB,Frou-frou Foxes in Midsummer Fires,Cocteau Twins,4
128,6435Ra0NWQzPyZAcd1ojWI,Tension,Kylie Minogue,5
128,3SKH53SPQbEnZR4cJPVaz2,Messy,Lola Young,4
128,2TfSHkHiFO4gRztVIkggkE,"Sugar, We're Goin Down",Fall Out Boy,5
128,58ge6dfP91o9oXMzq3XkIS,505,Arctic Monkeys,5
128,3qhlB30KknSejmIvZZLjOD,End of Beginning,Djo,5
128,1BDRKVuooLvqayamtAEV4z,Need 2,Pinegrove,5
128,0ey0KwCzoUdjvPzbLX8qSa,In On It,Superheaven,4
128,7iFmqWr2KDvNJt9ZCm7V21,Presumably Dead Arm (617 Sessions),Sidney Gish,4
128,2kdhiombBoiHjvSKG3EI0m,Blue Notes 2 (feat. Lil Uzi Vert),Meek Mill,5
128,2OQfyddAKv4FyelDJjGNHH,Rockstar,N.E.R.D,5
128,7E4qUlNYocWix5FKBdw5CN,OH! TENGO SUERTE,Masayoshi Takanaka,5
128,3zKQ3E91zCAS2mqfKwAuNl,Bad Girls - Verdine Version,Solange,5
128,0GjEhVFGZW8afUYGChu3Rr,Dancing Queen,ABBA,4
128,5KyOUICJIvO0z71MBdPGiX,BOUNCY (K-HOT CHILLI PEPPERS),ATEEZ,5
128,63LVYnGJmWjNnmHiOVsGhe,Iron Maiden,Ghostface Killah,4
128,6EQfvlAbsyOsBeM9gprOoU,Hotel Members Unite,Hotel Ugly,4
128,1ixbwbeBi5ufN4noUKmW5a,Paper Planes,M.I.A.,5
128,0dWOFwdXrbBUYqD9DLsoyK,BLEACH,BROCKHAMPTON,5
128,2fZ00UKwotKWzHPGdNtdK9,No. 9,YoungBoy Never Broke Again,5
128,0dFdGPVLs3k0z9ezYWZzUa,Intimidated (feat. H.E.R.),KAYTRANADA,5
128,2Lhdl74nwwVGOE2Gv35QuK,Cupid's Chokehold / Breakfast in America,Gym Class Heroes,4
128,2MJlhN2OockKCadeGS4AEP,Shameless,Avenoir,5
128,7qqixxBvZIGSep53Eh2o0b,Gauchinha,DJ Japa NK,4
128,0b6fNjbiW4uF0W01GAfRVg,Leave a Light On (Talk Away The Dark),Papa Roach,4
128,6JjPBQfI2Y8nIjnm65X6Pw,X (feat. Maluma & Ozuna) - Remix,Nicky Jam,5
128,34WePpH1av2xmrlU2xUqmQ,Can't Do A Thing,Chris Isaak,5
128,42GKyvz5KBsHTBaLpo3cqJ,Zombie,YUNGBLUD,5
128,3hql0mbMMRqo3V3XfrTu73,The Summoning,Sleep Token,5
128,7yiSvALPjMrBLDDrbcDRNy,Girls in the Hood,Megan Thee Stallion,4
128,5Y77SQxEr1eiofPeUTPHxM,You,Lloyd,4
128,7FwBtcecmlpc1sLySPXeGE,Dancing In the Dark,Bruce Springsteen,4
128,0EXm0iaB0CzqtsB3VaupXj,When the Last Time,Clipse,4
128,2yQZwi1P8AkkxxFhQ8rMEK,Greatest Love Story,LANCO,5
128,2o2hrOq3vuQh8jmyx5eST6,Point in My Life,Gucci Mane,5
128,119c93MHjrDLJTApCVGpvx,C.R.E.A.M. (Cash Rules Everything Around Me),Wu-Tang Clan,3
128,7k42ztYdHyKWrKrENxwjkV,Atmosphere - 2020 Digital Remaster,Joy Division,4
128,57kR5SniQIbsbVoIjjOUDa,You Know You Like It,DJ Snake,5
128,4dxACyDS2DjvLwzMuHJLxm,Rise & Shine,The Cardigans,3
128,1NhPKVLsHhFUHIOZ32QnS2,Secrets,OneRepublic,5
128,7DbdUf8aHSYoliSjO6LZv6,"Sex, Drugs, Etc.",Beach Weather,5
128,5wbg8kepMFoMzHOEuxiI0q,Close To You,Gracie Abrams,4
128,2D4LEUzvLRCQOLMxnajH72,"If I'm James Dean, You're Audrey Hepburn",Sleeping With Sirens,5
128,2MitriRScA3ZKpVd1lXAbm,Numa Ilha,Marina Sena,5
128,2YZa0dsV3xXGZ61XFYiRt8,Rewind,Wonder Girls,5
128,0QnONzv3TvHAWk294h6DaQ,Last Kiss,Pearl Jam,4
128,6n4U3TlzUGhdSFbUUhTvLP,Walk It Talk It,Migos,5
128,7MTX3vevnm41xuEoPxWT3j,Year of the Cat,Al Stewart,4
128,4emEXP671dnpn1thHrogSe,Julieta,LATIN MAFIA,5
128,1hBM2D1ULT3aeKuddSwPsK,STARSTRUKK (feat. Katy Perry),3OH!3,5
128,3bE5slaVEfaDreqARl6k4M,Yellow Ledbetter,Pearl Jam,3
128,1rqqCSm0Qe4I9rUvWncaom,High Hopes,Panic! At The Disco,5
128,7K6KRwyvE0plDEzxrVmCon,Come Back - Buddha Remastered 2001,The Five Stairsteps,4
128,0mw3zId9qOGkWlBogptIB1,CHICA ATRACTIVA,FloyyMenor,5
128,65H6t1WQBim6q93yM8fEwn,Obsesion,Aventura,4
128,2iehL6Q3m5NUDanDT2IKwT,No Doubt About It,Neal McCoy,4
128,45hOioMDJktr86iKDHC8gr,Girlfriend,Avril Lavigne,4
128,7M2tXmeS15NAzEn7ABFeBg,Homicide (feat. Eminem),Logic,4
128,4HyPxBQDLUnY3w7gukITrW,ROSITA,Tainy,5
129,0nq6sfr8z1R5KJ4XUk396e,Stay Schemin,Rick Ross,4
129,11hEwcy9LMEvzAlOYAFhkK,"not a lot, just forever",Adrianne Lenker,4
129,5L7MoCA875qqRJoKnGCxkE,TOMBOY,i-dle,4
129,3j49aLXWWkbjQyUyvngokI,"LOVE, LOVE, LOVE",Stephen Sanchez,5
129,4kNKL8kCCV3vt9U2k28Lyx,Finale,Toby Fox,3
129,0gmbgwZ8iqyMPmXefof8Yf,How You Remind Me,Nickelback,5
129,2DQ1ITjI0YoLFzuADN1ZBW,No Limit,G-Eazy,4
129,74sb4Gib0cL3TQeCjYF8vh,Lay Me Down,Sam Smith,4
129,44MuEHdlociG8KjhPhOVw5,Padam Padam,Kylie Minogue,4
129,6eD7yC9Z7pLlmF3D0cdBdE,Suggestion,Fugazi,3
129,3NUbc7wgzugfnw3kdzdH0I,2016 (feat. Laker),smokedope2016,5
129,3sRCesHh424gmCji7Fz9Gm,I Wonder If I Take You Home,Lisa Lisa & Cult Jam,4
129,60ZGteAEtPCnGE6zevgUcd,Mountain Sound,Of Monsters and Men,4
129,1hZSUavyxPq5oo0jOGBRSn,2 Fa 2,Glokk40Spaz,5
129,1pLCpA1RN8avJxSD3ZCwhj,Pa' Que La Pases Bien,Arcángel,4
129,5uZm7EFtP5aoTJvx5gv9Xf,Jungle,A Boogie Wit da Hoodie,3
129,24SUWisv2lYQiB3bVpE1sn,Virtual Insanity,Jamiroquai,4
129,47gmoUrZV3w20JAnQOZMcO,Blue Suede Shoes,Elvis Presley,3
129,6tWE2OefH4yqE2swmf1OkC,Sakura,Devon Hendryx,3
129,1oTo3ijRbaDAtrjJrGAPSw,I Miss You,blink-182,3
129,6uWp8yAt8dN5ZaT7REJ6RV,Jaded,Green Day,5
129,7EDcAz6iuKSkxH4VcC3Oko,I Wait for You,alex_g_offline,4
129,34Yl756FwYuZldE9xnshj5,if u think i'm pretty,Artemas,5
129,12oxsGACfwMozi4nK9noGQ,Suffocation,Crystal Castles,4
129,2ZgyzFYYOz21b2AhPPkWKF,Untitled,Interpol,5
129,6wOYnPq1hPihRepcDClPUw,Meet Me Halfway,Black Eyed Peas,4
129,0MXemkrh7WpAfiafcGQwZO,NOSTYLIST,Destroy Lonely,4
129,6HzZhqXNyfJxuvQ9zfCc1U,Faithfully,Journey,4
129,6NvRxjfYkkT2SpirAlmsjH,No One Knows,Queens of the Stone Age,5
129,3aHkbJXFYpPrup2K8wvDOV,We Still in this Bitch (feat. T.I. and Juicy J),B.o.B,5
129,5b1jZ9geGD4boxz24XgGPp,Run to the Hills (2015 Remaster),Iron Maiden,4
129,3Mcxi78U3lCjt8DMKa6YY4,Santé,Stromae,4
129,56nLHj9HJr3xpbLarnr0l4,Mtc,S3RL,5
129,4vtLSsKMHkgMFRPWW7DQr9,YOSHIMITSU,Cochise,5
129,7rvmQB9tqUHWO6weobTGPO,Mono (feat. skaiwater),i-dle,4
129,05CjWFAcAlY6O9po6Qwakk,Be Her,Ella Langley,4
129,1Q5kgpp4pmyGqPwNBzkSrw,Roadhouse Blues,The Doors,4
129,1JlssWnwFUiEzuSqw4H1V1,The Cave,Mumford & Sons,5
129,0PsFsv5xUyX06ZhIEtFkeA,End of You,Poppy,4
129,6t5G9AQWFjJYPtt1xra4r7,Poesia Acústica 17,Pineapple StormTv,5
129,2f2bUlgbvWizHPuhnoJEMs,We Want Mickey (I Want Candy),Julie Griffin,4
129,5TuTHrKzN6NweeQaKkBNb7,Relax,Vacations,5
129,6tAug9ksGLZb2z1RfPZJMo,Bem Que Se Quis - Ao Vivo,Marisa Monte,3
129,4UEo1b0wWrtHMC8bVqPiH8,Nightmare,Avenged Sevenfold,5
129,46S6HjiiqyMNwE3xXv1nPH,Wild Horses,Natasha Bedingfield,4
129,4DfCzjuGvK8xq6g6e1EpoE,Slow Down,Leon Thomas,3
129,3FP8A246XpuafFofRhDlWG,I'm So Sick,Flyleaf,5
129,5mR858YsHYG761aUqZoGkD,Symphony Of Destruction - Remastered 2012,Megadeth,5
129,3HE50TVRquwXe9yv2HFoNL,Never Too Late,Three Days Grace,5
129,1p80LdxRV74UKvL8gnD7ky,Blank Space,Taylor Swift,4
129,0mEdbdeRFQwBhN4xfyIeUM,Can't Tell Me Nothing,Kanye West,5
129,1ipSpQfzBbhPFhYm6tfVIz,Mr. Glock,Key Glock,5
129,5tFDgH6do20IXdSoNBAmXK,I Should Have Cheated,Keyshia Cole,3
129,5xrtzzzikpG3BLbo4q1Yul,LILAC,IU,5
129,2GYHyAoLWpkxLVa4oYTVko,Alors on danse - Radio Edit,Stromae,4
129,0iFOG4Ki9aDmJUYUFHQlPG,Frontin' (feat. JAY-Z) - Club Mix,Pharrell Williams,4
129,4wH4dJgrsxONID6KS2tDQM,Maneater,Nelly Furtado,3
129,4l7YIni9bAiGwWMqK5wvgV,You Learn - 2015 Remaster,Alanis Morissette,5
130,5JYPXqMwYc0zTODQdjMEZN,Deli,Ice Spice,5
130,47gmoUrZV3w20JAnQOZMcO,Blue Suede Shoes,Elvis Presley,4
130,6RmdFxrorNDmYJONH5tK0n,CRYST4L,DARKXHAWK,5
130,23jodDqm4GS27e7najRyvx,Steven Universe,Lofi Fruits Music,5
130,7jeOETwLUP84mPQzxlD5nh,Then He Kissed Me,The Crystals,5
130,0x2C3lTa6qfceRMAUuFHQU,Amor E Sexo,Rita Lee,5
130,5KyOUICJIvO0z71MBdPGiX,BOUNCY (K-HOT CHILLI PEPPERS),ATEEZ,5
130,0X2bh8NVQ8svDQIn2AdCbW,Consume (feat. Goon Des Garcons),Chase Atlantic,5
130,41omgwj9Hoqy8B7ApXX6Zf,Superscar,ADÉLA,4
130,44kUOVs16iRf11YjO7aaRW,Don't Leave,Jorja Smith,3
130,1T0CdfKPKb1gJi4vCKpZ9C,I Talk To The Wind,King Crimson,4
130,5W7xC99N2Zzfh69r7I7zWK,Aston Martin Music,Rick Ross,4
130,4Zwsj3E7vn1JMBIFjSWjKS,Now and then,Liana Flores,5
130,3clRihex2OF0QQbLctftag,Taxidermy,Clarion,5
130,7K8XoQXZBffc4xG2xIQHMO,Rock That Body,Black Eyed Peas,5
130,47Sa7pC00F7D5Z0i7HC5la,DOG HOUSE (feat. Julia Wolf & Yeat),Drake,5
130,7bUDqxOfZjVkp0f6vf3cGy,Out Of My Hands,Future,5
130,7DdXf9x75iEVCHWfoRwRuR,Fitzpleasure,alt-J,4
130,2o2hrOq3vuQh8jmyx5eST6,Point in My Life,Gucci Mane,4
130,6gSKswfcoWvaadqvuMF3Y7,Colours,GROUPLOVE,4
130,39LLxExYz6ewLAcYrzQQyP,Levitating,Dua Lipa,4
130,5gFoAVTN9YlM9uJCrFZtgl,Crooked Smile (feat. TLC),J. Cole,4
130,5h0M2GbBfvOj8GdG7sIDQT,Human,Sevdaliza,4
130,600s08VdbjiyAjDGDjYSFI,Interstate Love Song,Stone Temple Pilots,5
130,6KfoDhO4XUWSbnyKjNp9c4,Maniac,Conan Gray,4
130,2mv1gGdqFpNNMJn93ZBpvQ,When You Sleep,Banjo Two Zero,3
130,1CgmY8fVN7kstVDZmsdM5k,P.Y.T. (Pretty Young Thing),Michael Jackson,4
130,4OMLC6CWEqwCvfv289QNlw,C63,Werenoi,3
130,56hYeuutlZO5Pkm99FzLCW,Get Free,Major Lazer,5
130,4aVuWgvD0X63hcOCnZtNFA,Hold the Line,TOTO,4
130,5JVDIP9IBy6DJB6SVFTX5T,Muse Of History,Roland Toubin,3
130,2pX4FpOgwItRVPPUFdRcxA,Smooth (feat. Rob Thomas),Santana,4
130,2kHNRJGSuHz8Z3bUWl7Mo6,Blue Oyster Cult (Live),Shonen Knife,5
130,2CnjDMdpRjlWv04Xk3s6MW,Robin,Taylor Swift,4
130,3QcWzAQvI41KYheHtvsNoT,XXX,Kim Petras,5
130,2OA0iq9hGkvUcS5qA1ZJnU,Not Gon' Cry,Mary J. Blige,4
130,2ZgyzFYYOz21b2AhPPkWKF,Untitled,Interpol,5
130,5D2mYZuzcgjpchVY1pmTPh,Candy Shop,50 Cent,5
130,7MZA6HSmsPd6CIZG214MVx,Introduction,I DONT KNOW HOW BUT THEY FOUND ME,5
130,1iSqfoUFnQwV0QW1EfUit8,Suicidal,YNW Melly,5
130,6KRi6CBUitENJB4HQbSVSD,Escape,Enrique Iglesias,5
130,1xpXnpIpuvzpx9jz15baJF,Call Me,NAV,5
130,0IRZwSCWFdT5D8hNCXHzZX,More Than My Hometown,Morgan Wallen,5
131,3AJwUDP919kvQ9QcozQPxg,Yellow,Coldplay,3
131,7x5RhTT2bzS6CCQFeNb5HU,What You Need,Tems,4
131,55N0YHhO55Q1lWsc4dDPcI,A World Alone,Lorde,3
131,7KVPsVMOK3NL7subwJ0dZj,Who You Foolin,Gunna,4
131,2rAuR0YXkWfg1lWI1g0n5j,Player's Prayer,Lloyd,5
131,5xEM5hIgJ1jjgcEBfpkt2F,Complicated,Avril Lavigne,5
131,4w3R0GZ2rScJMKlgPJzHRq,Sonne,Rammstein,4
131,4MpketOLD5KhtgWWOBuk9w,SexOnTheBeat,ADÉLA,5
131,0J119Oas2ox6JTTHUGZxHN,Give You the World,Steve Lacy,4
131,6dOtVTDdiauQNBQEDOtlAB,BIRDS OF A FEATHER,Billie Eilish,4
131,0eDwzWuy2gf1RJzqWl0dkF,Something So Strong,Crowded House,5
131,2RTLIQRc8yogHh08waQDVa,I Know It's Over,Jeff Buckley,4
131,4QgMnTz4ceedQI3Ex6YkBT,King of Carrot Flowers Pt. 1,Neutral Milk Hotel,5
131,1gihuPhrLraKYrJMAEONyc,Feel So Close - Radio Edit,Calvin Harris,5
131,7lhkOb0VNnTlshwifCEoSr,Molasses (feat. RZA),Earl Sweatshirt,5
131,27yGzL2nQ3qj5l12Bni631,owls eye,ivri,5
131,7EqpEBPOohgk7NnKvBGFWo,Wait for It,Leslie Odom Jr.,4
131,1i1fxkWeaMmKEB4T7zqbzK,Don't Let Me Down,The Chainsmokers,4
131,2D1rYPinUnikGU9xNWylnN,Setting Sun,You'll Never Get to Heaven,3
131,3ia3dJETSOllPsv3LJkE35,California Love - Original Version,2Pac,5
131,5iALdwbhnUHa8zGStA3h1J,Parachute,Hayley Williams,4
131,4qDpLaFGf5ampf2DXD2TMA,Where You Are,John Summit,4
131,3ZtATjifj77MvRJbJQYJIt,Kick It,NCT 127,5
131,7oJrVhiTPZGBXWPwhxjy9S,Lust,Lil Skies,4
131,5qxPabNDnJQ551Tf4v6k3j,Catch My Breath,Kelly Clarkson,5
131,0ey0KwCzoUdjvPzbLX8qSa,In On It,Superheaven,4
131,5B6Kjha6RRIMWGN7zGsAaT,So Hot You're Hurting My Feelings,Caroline Polachek,4
131,6KfoDhO4XUWSbnyKjNp9c4,Maniac,Conan Gray,4
131,2ExpCKBxiHbgzepERl1t4D,Cuando Pase el Temblor,Soda Stereo,3
131,47BBI51FKFwOMlIiX6m8ya,I Want It That Way,Backstreet Boys,4
131,65X2koe1LhDgQmRkNdJFv9,AIZO,King Gnu,4
131,605hJIiMrdsUjr4Vx4BFD6,Demon Speeding,Rob Zombie,5
131,6NvRxjfYkkT2SpirAlmsjH,No One Knows,Queens of the Stone Age,5
131,20zQZVyUNPbq8kZACdgYrh,On The Floor,Jennifer Lopez,4
131,2297mxrYLBAC4XkhXs39If,Armed & Dangerous,King Von,4
131,11ozIUBoXAgRTVWelDn4pL,Lights,Ellie Goulding,5
131,5G1sTBGbZT5o4PNRc75RKI,Lonely Boy,The Black Keys,4
131,7ewI4ZKxRXrkESHB8eGBnO,Fire and the Flood,Vance Joy,5
131,0n63xAny4NjxRNgKnboEp8,Lucky Again,Lykke Li,4
131,6GtX0jaNL8IjVQfrDBx81z,Bullet With Butterfly Wings - Remastered 2012,The Smashing Pumpkins,4
132,6aybzjLxocD14YySwF3aus,Burning Down,Alex Warren,4
132,4tBl1xhBg5PETpBvFnQmGl,Cut Your Hair,Pavement,4
132,6F5c58TMEs1byxUstkzVeM,Roar,Katy Perry,4
132,2U5WueTLIK5WJLD7mvDODv,Wishing Well,Juice WRLD,5
132,6pL5MtUDvcszt8IK7u4AM2,ROAR (MINGI),ATEEZ,5
132,42GKyvz5KBsHTBaLpo3cqJ,Zombie,YUNGBLUD,5
132,1jYiIOC5d6soxkJP81fxq2,"I'm the One (feat. Justin Bieber, Quavo, Chance the Rapper & Lil Wayne)",DJ Khaled,4
132,25YlltWXRb9k7KbrEBRuhJ,Lo/Hi,The Black Keys,5
132,07n9sk2MGDjw0SHrSaxmog,Tu Tu Neurotic,The Hellp,4
132,4B0JvthVoAAuygILe3n4Bs,What Do You Mean?,Justin Bieber,4
132,4WmB04GBqS4xPMYN9dHgBw,Day One (Interstellar Theme),Hans Zimmer,3
132,5Z9KJZvQzH6PFmb8SNkxuk,INDUSTRY BABY (feat. Jack Harlow),Lil Nas X,5
132,0mROspyBziPHPyxTPFvKaH,God Is A Weapon,Falling In Reverse,5
132,4LwU4Vp6od3Sb08CsP99GC,The Next Episode,Dr. Dre,4
132,3Obu3jvFSfgLF3pSbi64Vj,This Fire,Franz Ferdinand,5
132,0uXO2GrNiIb1xHT9LUdxZE,Sexy Bitch (feat. Akon),David Guetta,4
132,4rUTAkOU7OkVGeQuyQCHhF,Sledgehammer,Fifth Harmony,5
132,1vcxF91pWs9uNwDROuiCPB,Savior,Rise Against,5
132,2vDC9iyQpY3EsioJD8pRiW,Fifty-fifty Clown,Cocteau Twins,3
132,1TPdMmb92BoWvDFQlCuVl0,Dying To Love,Bad Omens,5
132,4pNT8XTKWb2vhcsqwzdXCT,Survival Tactics,Joey Bada$$,5
132,3e9HZxeyfWwjeyPAMmWSSQ,"thank u, next",Ariana Grande,4
132,2yQZwi1P8AkkxxFhQ8rMEK,Greatest Love Story,LANCO,5
132,6Px7VvXLTjMP6J2nTQ6bIh,In Undertow,Alvvays,5
132,5iyZwawawLjHYpX4MxUKVF,Salt,Ava Max,5
132,34WePpH1av2xmrlU2xUqmQ,Can't Do A Thing,Chris Isaak,5
132,0InIeZW4P6VO7dUGRM4AKH,Sienna,The Marías,5
132,3D9iV6cYkYJRAPFO6DRKIE,Jealous Guy - Remastered 2010,John Lennon,4
132,5dnwXK73BDZ0H2L06ZrKcE,Dr. Feelgood,Mötley Crüe,5
132,3ckd4YA4LcD3j50rfIVwUe,Head Like A Hole,Nine Inch Nails,4
132,4cTSnpyaIR1qGaTOLJunDM,BTS Cypher 4,BTS,5
132,6393yGahSJ9slVdOwSxOVR,Pink Pony Club,Chappell Roan,4
132,13TtTCE6v8vwTSgWJPjwLl,girl you're taking home,Ella Langley,5
132,1CdqVF1ywD0ZO1zXtB9yWa,Break Your Heart,Taio Cruz,5
132,1G8jae4jD8mwkXdodqHsBM,Name,The Goo Goo Dolls,5
132,5wPnPIZS8wr4lPNLz4qvHK,Who,Jimin,5
132,1ehags7lQMM1qX94VJkoaf,Not Shy,ITZY,5
132,27sBcXtgTBSJRdUxei1a7J,Sexy Villain,Remi Wolf,4
132,2sVcBaVtBPM9vIFk1Jnbw8,Weak,AJR,4
132,5ASM6Qjiav2xPe7gRkQMsQ,Sleigh Ride,The Ronettes,3
132,4kJT7Yj6Za01KfKHjb7mZE,Fall in Love with You.,Montell Fish,4
132,4HyPxBQDLUnY3w7gukITrW,ROSITA,Tainy,5
132,3jhyw60F61gc7nC4dblqtC,JETSKI,PEDRO SAMPAIO,5
132,1Cbl3Yq8rHo7hhDQmLQagU,PUSH 2 START,Tyla,4
132,01aBUgzGC5798sm3oPqhVs,Kurxxed Emeraldz,Luci4,4
132,39exKIvycQDgs4T6uXdyu0,Harmony Hall,Vampire Weekend,4
132,5c0LlTO3yRYMkElrZCByjy,Sleep Well,CG5,4
132,0Dx352kZFiXR1NlcEMDJZx,Diplomat's Son,Vampire Weekend,4
132,6fybp4N6eW3bsFAvARxyVe,Ain't Talkin' 'Bout Love - 2015 Remaster,Van Halen,5
132,0VhgEqMTNZwYL1ARDLLNCX,Can I Be Him,James Arthur,4
132,5wvYib82q05wiNjLElD8GJ,Dig,Incubus,5
132,4qmT806nB5E33pZSYYqWcU,Stronger Than You (feat. Estelle),Steven Universe,4
132,5rb9QrpfcKFHM1EUbSIurX,Yeah! (feat. Lil Jon & Ludacris),USHER,4
132,0m2UVJS2dZjXtbi0tB2A0t,On Fye,The Simps,4
132,6fjl6Ekn2hE7U9TLJ8teY0,Some Protector,ROLE MODEL,4
132,7Laseg0WUtMJEHRv5A10T3,Tell Me,FIFTY FIFTY,4
132,5Ey7icpjKCGpi5oJi7VLdu,Die Your Daughter,Susannah Joffe,4
132,2KufM8PiQY4i52XhRL96Fd,Champagne Coast,Blood Orange,4
132,6KYOlIwDHbrbeBbJEtQ0Fj,オトノケ - Otonoke,Creepy Nuts,4
132,643gyipSU7dkmrFhJ8UAIm,Pulsewidth,Aphex Twin,5
132,1snNAXmmPXCn0dkF9DaPWw,You & Me - Flume Remix,Disclosure,5
132,55N0YHhO55Q1lWsc4dDPcI,A World Alone,Lorde,3
132,0p5eZCY0R7uNCZS1YDtIYI,Hey,Pixies,3
132,48vIfHaK7by6x0T6ucpODL,make you mine,Madison Beer,4
132,1zwMYTA5nlNjZxYrvBB2pV,Someone Like You,Adele,4
132,7fqjWHXf330QwnfaAWB2Dr,Dark Beach,Pastel Ghost,5
132,66ZcOcouenzZEnzTJvoFmH,The Sweet Escape,Gwen Stefani,5
132,35tWhD29yvWwB0IDRr6zsL,Yeah Right,Vince Staples,5
132,2bLqfJjuC5syrsgDsZfGmn,The Way I Are,Timbaland,5
133,3X6iIrFuQoCshIWBseEKPl,American Woman,Lenny Kravitz,3
133,4j3X4KX8rURekAVIFUhI23,Perfect,Simple Plan,5
133,4xVmPboqdKG78mkqZ0sn1m,What You Know Bout Love,Pop Smoke,5
133,73CMRj62VK8nUS4ezD2wvi,Set Fire to the Rain,Adele,3
133,5MvxeZPiiLAuB5gI8k3ynk,Can't Love You Anymore (With OHHYUK),IU,4
133,5ehgf6op0j2sE4lqjiTkMY,Ever Since U Left Me (I Went Deaf),French Montana,5
133,6bUNEbXT7HovLW6BgPCBsb,Roses,Outkast,5
133,2vzbU9nlpIMYxlt0FucOHi,&,Tally Hall,4
133,714Lw0m2SmCEhKSPw0Dn8J,Welcome to My Life,Simple Plan,5
133,3VdaHDwoSEnu3ahDahD0Ci,Waving My Dick in the Wind,Ween,5
133,4Yqy0GpeDEXLibWJCZyQew,Kickstart My Heart,Mötley Crüe,4
133,26fZwf1ImE4aUJ4XaqOkUg,No One Like You,Scorpions,4
133,6YbhspuOar1D9WSSnfe7ds,"Young, Wild & Free (feat. Bruno Mars)",Snoop Dogg,4
133,6eN1f9KNmiWEhpE2RhQqB5,Paradise City,Guns N' Roses,3
133,6Qyc6fS4DsZjB2mRW9DsQs,Iris,The Goo Goo Dolls,4
133,7EkWXAI1wn8Ii883ecd9xr,Freaks,Surf Curse,3
133,3mPAhyYswPqr9dCTAdCqyV,1-800,bbno$,5
133,65vdMBskhx3akkG9vQlSH1,And I Love Her - Remastered 2009,The Beatles,4
133,5pZupzhQ1KAq8sFtFxS3nG,Becky,Plies,4
133,2yPoXCs7BSIUrucMdK5PzV,Umbrella,Rihanna,4
133,3BovdzfaX4jb5KFQwoPfAw,Beat It,Michael Jackson,5
133,12VH4g5pTMZmrUVzfJq7F7,M a k e I t T o T h e M o r n i n g,PARTYNEXTDOOR,4
133,4EchqUKQ3qAQuRNKmeIpnf,The Kids Aren't Alright,The Offspring,4
133,4SQLQfcR0vhyIN4uPBlc0d,Bang!,AJR,4
133,2TMmxS4qWwfZ5h2xwaDFsY,George Bondo (feat. Conway the Machine & Benny The Butcher),Westside Gunn,5
133,5H1sKFMzDeMtXwND3V6hRY,JUMP,BLACKPINK,5
133,4WimB4Ei0LU3MotHhL3kBL,"Ooh Wee (feat. Ghostface Killah, Nate Dogg, Trife & Saigon)",Mark Ronson,4
133,6P8rBeOxn0ervew8cr0jcD,Randomly,LUCKI,4
133,3GPUHAJ9xvGGmikefENhgi,Jane!,The Long Faces,4
133,2nLtzopw4rPReszdYBJU6h,Numb,Linkin Park,4
133,2kKkl59fY6Cic1CmhvSEZK,Hayloft,Mother Mother,4
133,4fiOTntQKr24p07FvQDHZE,Raining Blood,Slayer,3
133,7w6PJe5KBPyvuRYxFkPssC,No More Tears,Ozzy Osbourne,4
133,2YvWonOJesvP0yu9IFJY7S,I Don't Know How To Love,The Drums,4
133,6fL8iaSdwmSTQiUv9K6L4h,Faneto,Chief Keef,4
133,5SkRLpaGtvYPhw02vZhQQ9,All Falls Down,Kanye West,4
133,5c0LlTO3yRYMkElrZCByjy,Sleep Well,CG5,4
133,5jE48hhRu8E6zBDPRSkEq7,All About That Bass,Meghan Trainor,4
133,2vWBUC9djv6BtiGlmKiQaH,YKWIM?,Yot Club,4
133,2GiJYvgVaD2HtM8GqD9EgQ,Electric Love,BØRNS,5
133,1CS7Sd1u5tWkstBhpssyjP,Take Me to Church,Hozier,4
133,1gugDOSMREb34Xo0c1PlxM,She Looks So Perfect,5 Seconds of Summer,5
133,3jfFw63n74qkinjHibNPMS,I miss the old u,blackbear,5
133,3H6xZgwRZx8McVUJzmMxWe,Headphones On,Addison Rae,4
133,4Lwm0XFseZ09OBdmUJlcYp,SEQUÊNCIA FEITICEIRA,PEDRO SAMPAIO,5
133,5Eh1nj7IjV9lwpcKAkidyY,One Of Your Girls,Troye Sivan,4
133,6jgkEbmQ2F2onEqsEhiliL,My Kind of Woman,Mac DeMarco,4
133,6PypGyiu0Y2lCDBN1XZEnP,Everybody Hurts,R.E.M.,3
133,7iZGpuboJPQQGH07EprPnR,Shut Up,Nettspend,5
133,4VUXAoJESfRV3ceUYtzfpQ,Endlessly,Omar Apollo,4
133,11ozIUBoXAgRTVWelDn4pL,Lights,Ellie Goulding,4
133,56lhDZNQ5J47aog6mGKeGk,Thunder Road,Bruce Springsteen,3
133,1d3iQh4fTm5D6iRtgrZPZ9,Megalomaniac,KMFDM,4
133,1CmUZGtH29Kx36C1Hleqlz,Thrift Shop (feat. Wanz),Macklemore & Ryan Lewis,4
133,4jLv3tDBu8ww2R07DvL12s,Man On The Moon,R.E.M.,4
133,3bR8wBqLky6b61ROJlaBEF,"Ai, Amor",ANAVITÓRIA,3
133,4vtLSsKMHkgMFRPWW7DQr9,YOSHIMITSU,Cochise,5
133,0X0LTI0MQG9S3FLSUvjrj5,Big Time Sensuality,Björk,4
133,4kpywGFDailKERiDjFUw5Y,The Game,Disturbed,3
133,0JJP0IS4w0fJx01EcrfkDe,"Dear Maria, Count Me In",All Time Low,4
133,7iXF2W9vKmDoGAhlHdpyIa,Forgot About Dre,Dr. Dre,5
133,7wwLxmUVLCfySaJ0fdyelI,Bitches,Mindless Self Indulgence,3
133,0Fs9cdPDhptWEDJmiCbkEW,She Knows (feat. Amber Coffman & Cults),J. Cole,5
133,0d2iYfpKoM0QCKvcLCkBao,Eastside (with Halsey & Khalid),benny blanco,5
133,52vA3CYKZqZVdQnzRrdZt6,The Times They Are A-Changin',Bob Dylan,5
133,6rW8q1p2GCjGMRAlnxBeo7,Hang With Me,Robyn,5
133,2tJulUYLDKOg9XrtVkMgcJ,Grenade,Bruno Mars,5
133,0ful4PHfTIxzXiZSZsXQ0H,Oxford Comma,Vampire Weekend,4
133,1i1fxkWeaMmKEB4T7zqbzK,Don't Let Me Down,The Chainsmokers,5
133,2QtJA4gbwe1AcanB2p21aP,Stay The Night - Featuring Hayley Williams Of Paramore,Zedd,5
133,0osPX8TruIebOhKuG6GK8C,On My Level (feat. Too $hort),Wiz Khalifa,5
133,2DBlfjL5chsdeULzhTp5K8,Waiting Room,Fugazi,5
133,3saKLLmgDVjgojwm3HB45i,BOAT,Trim,4
133,1djCoU5rvnq2zXFyD2iqq4,"recently,",Liana Flores,4
133,1YaVmBh7EAeR54FIjuFcb5,Naturally,Selena Gomez & The Scene,5
133,49X0LAl6faAusYq02PRAY6,Lady - Hear Me Tonight,Modjo,4
133,7qLs0IyUn6TrqgMzQ33SdH,Introduction to the Snow,Miracle Musical,5
133,33YwdmM6I1hBOT0ZQHSQW6,Freestyle,Westside Gunn,5
133,0faXHILILebCGnJBPU6KJJ,The Diary of Jane - Single Version,Breaking Benjamin,4
133,1v5cgIyffYtfEx0swttdoE,Bring Da Ruckus,Wu-Tang Clan,5
134,0qMip0B2D4ePEjBJvAtYre,紅蓮華,LiSA,5
134,2RUhtNBh43RtSg0WBPPq3m,Naive,The Kooks,5
134,3vkCueOmm7xQDoJ17W1Pm3,My Love Mine All Mine,Mitski,4
134,7CoiOXsrfI58wUZBt45HgL,Perfect Soul,Spiritbox,4
134,4LadsagnXZM7SEOpHjHIHA,Looking For The Hoes (Ain’t My Fault),Sexyy Red,5
134,2hCvWlSKO2VXrpYy864W5q,Aurora,A Slower Tempo,5
134,5vuJuBqwzHJgCA1ysRfwxZ,good kid,Kendrick Lamar,4
134,4R4tfhmLBLzBQNmsvxArKZ,bipolar,wifiskeleton,5
134,2uHFNcejEAp2Y7ouMl0bT3,Wet,Dazey and the Scouts,4
134,5TuTHrKzN6NweeQaKkBNb7,Relax,Vacations,5
134,2RPbEp0DyBVlkRvvYKopO7,Wat's Wrong (feat. Zacari & Kendrick Lamar),Isaiah Rashad,4
134,0X2bh8NVQ8svDQIn2AdCbW,Consume (feat. Goon Des Garcons),Chase Atlantic,5
134,7nD9nN3jord9wWcfW3Gkcm,All In My Head (Flex) (feat. Fetty Wap),Fifth Harmony,4
134,6E7oFW7xTK6Ghucsq6tMUj,Emergency,Icona Pop,5
134,4HuiEuJ7ZW8jewUuZBg6sk,Sarah,Alex G,4
134,1OH6a1mLSOeTxDeqN0jrxu,Blue Dream,Dance Gavin Dance,5
134,3JsydWaf2Ev4ehaLUjj3SY,Confident,Justin Bieber,5
134,2A5cwtDZpk7RvsPolrF4UL,Excavator,Don Toliver,5
134,5krhWYmWIKJhI96deUujm8,Specter,Bad Omens,5
134,1MoA0TNVdveasxnR6c2JqZ,Jackie Down The Line,Fontaines D.C.,3
134,1KiAtMAGayStCuLCH6EJAw,Hello?,Clairo,5
134,5M1YHV0Elt7gRVbqBH2CUS,Home,Bassvictim,5
134,5RRqi6hjlM18s7lFkmyA0x,..FEISTY,Fred again..,4
134,7xLfmCx9jcZNgzlIK7NupN,Stress Relief,late night drive home,5
134,2DQ1ITjI0YoLFzuADN1ZBW,No Limit,G-Eazy,4
134,6NK9sI0Lnsiwn6I0MbWWxn,Take On Me - 2017 Acoustic,a-ha,4
134,6Dc23uTvKTKbyDfZ3WAzEO,Blind Spots,C418,4
134,5TKTBDb9p1npApJLuQLd7M,BACKSTAGE,Matuê,5
134,35bgx24EQeW7IiA4nFXivH,WWE: The Game (Triple H),WWE,4
134,3LI4MmibTkXH5cGpCGZgyw,Teenage Dirtbag,Wheatus,4
134,09ttHg3ZNVgDlYBZa1ZBw0,Starburster,Fontaines D.C.,4
134,4rugSJgsPQ1KlbWYZnoEsa,KEHLANI (REMIX) [feat. Kehlani],Jordan Adetunji,5
134,6VK8OMA2FhX4KoS3QCH7rL,Aria Math,C418,4
134,2Ijitr9PXxd3iSwrnK3eAE,One Minute More,Capital Cities,5
134,1kPpge9JDLpcj15qgrPbYX,Good Time,Owl City,4
134,3xmL9LoL5tl9KYqWIbxQRN,MachineGirl,ADÉLA,5
134,7ge7BHazYbVKi8qyZUX1Bm,Emotionally Scarred,Lil Baby,3
134,3dPQuX8Gs42Y7b454ybpMR,Seven Nation Army,The White Stripes,4
134,73vfMXcXa6iY1E3lpf2fZO,Pussy Palace,Lily Allen,5
134,0qvzXomUDJVaUboy2wMfiS,This Town,Niall Horan,4
134,4Aocy7YAyOYf5YHj18Vfj3,Charmander,Aminé,5
134,4iEOVEULZRvmzYSZY2ViKN,Left Hand Free,alt-J,4
134,3h9124hfEaxR5gQHKOO3ym,Journey,Calmly,4
134,3nI0piSOxAik2RCpHGloB7,Só Os Loucos Sabem,Charlie Brown Jr.,4
134,2NyrXRn4tancYPW6JwtTl2,From The D To The A (feat. Lil Yachty),Tee Grizzley,4
134,7j7ud2oFTJ8BjmeI8bjkQm,Texas,BigXthaPlug,5
134,3LlmKSHR3Rs0Y3KHQLAYDk,Alone,Alan Walker,4
134,3V0nnQhqvbE3JmiDdnzQFQ,July (feat. Leon Bridges),Noah Cyrus,3
134,3jxExv27cf3OSt0BXtAR6Z,Chewing Gum,Blood Orange,4
134,2a03afRiyAbNAleOByVju4,Get It Shawty,Lloyd,4
134,6mFkJmJqdDVQ1REhVfGgd1,Wish You Were Here,Pink Floyd,4
134,1CTKOebrJpEDHaSwM8QTlk,Without You,Leslie Odom Jr.,4
134,3ZtATjifj77MvRJbJQYJIt,Kick It,NCT 127,5
134,3ixYkZI6rGk3ktisaIQrh0,Starlight,Dave,5
134,0PgsB53yhlKs8D19LgYU4i,Se...,Djavan,4
134,2Gt7fjNlx901pPRkvBiNBZ,Take Me Back To Eden,Sleep Token,4
134,2VYqgye3Wf9ySE4qYM3iJn,Everyday,Weyes Blood,4
134,0bfvHnWWOeU1U5XeKyVLbW,Can't Take My Eyes off You,Frankie Valli,3
134,70C4NyhjD5OZUMzvWZ3njJ,Piano Man,Billy Joel,5
134,14gdERIqymApVn9vcsbmZ3,Never Be Like You (feat. Kai),Flume,4
134,3djWekEDgbhAtkXGdFNbFt,BALD!,JPEGMAFIA,5
134,0BKXZkU8oGad58MyTFyFXu,Blunt Blowin,Lil Wayne,5
134,51YZAJhOwIC5Gg3jMbAmhZ,For Whom The Bell Tolls (Remastered),Metallica,4
134,1lbNgoJ5iMrMluCyhI4OQP,Victory Lap,Fred again..,5
134,5OjCsHeByDYEGxMrb1z8KQ,Flying Whales,Gojira,4
134,63Pi2NAx5yCgeLhCTOrEou,Headlock,Imogen Heap,4
134,2nLtzopw4rPReszdYBJU6h,Numb,Linkin Park,5
134,70v5mCvyPRquTyU7qTIU81,Everything Is Embarrassing,Sky Ferreira,4
134,0hlzl6zaN6misc6V0JbhaP,I Don't Care,VIOLENT VIRA,4
134,3LmlegS3av5opwiIMVDbgI,Liquorice,Azealia Banks,5
135,1UREw2MCfU0xwBzCAjxlUD,Scars,Papa Roach,4
135,1RGidCmtrqER8GBs8TnG9C,Everything is romantic featuring caroline polachek,Charli xcx,5
135,2INUkDPCO1eQlOFmIN5VAC,Shampoo Bottles,Peach Pit,4
135,63xdwScd1Ai1GigAwQxE8y,Let's Stay Together,Al Green,4
135,0zO8ctW0UiuOefR87OeJOZ,Collard Greens,ScHoolboy Q,5
135,2AMQnMIjzzh86WVV6TIctl,Why Is It So Hard To Say Goodbye?,Vundabar,2
135,5QO79kh1waicV47BqGRL3g,Save Your Tears,The Weeknd,5
135,34oWbFBfGEElvgO0a5c9V4,No Flockin',Kodak Black,5
135,1V4jC0vJ5525lEF1bFgPX2,Shots,LMFAO,5
135,3fvY2U1AzW0diYF0hnBbKt,Rockabye (feat. Sean Paul & Anne-Marie),Clean Bandit,5
135,7s8VgA8OjvwBUuigKzEGBx,This Is Home,Cavetown,4
135,5sE9XpE2ukIwC2sYhIvUrs,Made Sum Plans,OsamaSon,5
135,2UAWVtEwFLJqdJsT8FCzKX,Flashed Junk Mind,Milky Chance,3
135,5zPTc1mblCrVgMmPzrTMfQ,"Better Off (Alone, Pt. III)",Alan Walker,4
135,2NPxL1QqPrD1a7OLHjVcAP,I Can,Nas,4
135,3hBzKgqQKkChH9hyb3MhmT,I Think I Like You Better When You’re Gone,Reneé Rapp,3
135,3AJwUDP919kvQ9QcozQPxg,Yellow,Coldplay,3
135,3eBHh35RljNlNtM3KhKhmM,Everyone Adores You (quiet),Matt Maltese,3
135,4dc3j2N9wh8H7EcidQV3p8,11:11,Devi McCallion,4
135,3sslYZcFKtUvIEWN9lADgr,First Love/Late Spring,Mitski,4
135,0UV5zxRMz6AO4ZwUOZNIKI,Where'd All the Time Go?,Dr. Dog,5
135,0eDwzWuy2gf1RJzqWl0dkF,Something So Strong,Crowded House,4
135,3rPtS4nfpy7PsARctAWpzd,Best Friend,Rex Orange County,5
135,0IsIY8pfu1yaGkPUD7pkDx,Guess featuring billie eilish,Charli xcx,5
135,3sLTYBYs6lJsFK84t2X7wt,Bathroom,Montell Fish,4
135,4csSjpkgRI06CpVeYfIjwM,Cico Buff,Cocteau Twins,5
135,7cpfn7H6WjSJseUyRacfUE,The Summer Ends,American Football,5
135,3EaJDYHA0KnX88JvDhL9oa,Dark Red,Steve Lacy,4
135,3LlAyCYU26dvFZBDUIMb7a,Demons,Imagine Dragons,4
135,6HExpZWT5QEDt0pFy6kEin,Baby again..,Fred again..,5
135,608gR8geDwag74CiyseUsH,HEAVY LOVE,Odetari,5
135,5kXIyjUqRZFAKtvqNI9zJR,I Want Things To Be Beautiful **INSTRUMENTAL**,Devi McCallion,5
135,7wfOwy1NErjzBYRf1HnDPb,Talk 2 Me,54 Ultra,3
135,5dTHtzHFPyi8TlTtzoz1J9,Helena,My Chemical Romance,5
135,0mYXRQpTGjaLJt1l9MY4ps,Man I Need,Olivia Dean,4
135,4qRaZYiaOsSvWC7VgcxrI0,HandClap,Fitz and The Tantrums,5
135,2QdSb68BzZGMgCbsrFmSLc,Higher,Tems,3
135,4bJygwUKrRgq1stlNXcgMg,All The Things She Said,t.A.T.u.,4
135,474uVhyGgK5MtY9gMcDgGl,It's Called: Freefall,Rainbow Kitten Surprise,4
135,0COqiPhxzoWICwFCS4eZcp,Bring Me To Life,Evanescence,5
135,0ey0KwCzoUdjvPzbLX8qSa,In On It,Superheaven,5
135,2DQ1ITjI0YoLFzuADN1ZBW,No Limit,G-Eazy,4
135,2Ud3deeqLAG988pfW0Kwcl,All My Friends,LCD Soundsystem,4
135,0k2GOhqsrxDTAbFFSdNJjT,Temperature,Sean Paul,4
135,1HDaENkQhUMm16pjdxZvHn,Please Forgive Me,Bryan Adams,4
135,74sb4Gib0cL3TQeCjYF8vh,Lay Me Down,Sam Smith,4
135,4ZtqsOdBbS6GoedzzRGSo9,Breathe,The Prodigy,5
135,0jfuRiv6Ku16cub4xZkTz4,Silver Screens,The Walters,3
135,7JZP7kQsuFFWOrtAI7uNiW,Persiana Americana,Soda Stereo,4
135,4cyYC67XY3weSVmSLdKLP8,Taboo,Don Omar,4
135,1158ckiB5S4cpsdYHDB9IF,My Own Summer (Shove It),Deftones,5
135,4Pz6g1Ss4Kh2ovHckaRg2q,Take It With You,Cameron Winter,4
135,2iUXsYOEPhVqEBwsqP70rE,Youngblood,5 Seconds of Summer,5
135,6nRvgo4ySezQKD1D7NIqAu,I Will Always Love You,Dolly Parton,4
135,5iXD5rOKV99XGtkaiucHpM,BEBE,STAYC,5
135,3bbfY8yDDwzLvvx3tFwy8i,Starless,King Crimson,4
135,08PdFBcXzpkn1cWNgmKqhn,Promise,Laufey,3
135,11hEwcy9LMEvzAlOYAFhkK,"not a lot, just forever",Adrianne Lenker,4
135,1u2hPlWD5rlCzDa0X6zHaf,Cheerleader,OMI,4
135,6SNGzhVrisdq63Ndz58ovT,Luv (sic),Nujabes,4
135,0qi4b1l0eT3jpzeNHeFXDT,Just Can't Get Enough,Depeche Mode,4
135,1OH6a1mLSOeTxDeqN0jrxu,Blue Dream,Dance Gavin Dance,5
135,77FSmplFEEoyDMTu4xSm56,Hand Of Blood,Bullet For My Valentine,5
135,663Karu2rvKLdnY0eo1n3M,Call Me When You're Sober,Evanescence,4
135,3EXrtClWmgsM7dw75Mw2M1,When You're Gone,The Cranberries,4
135,5qiIxojpo8YTFgOOcDuOaB,Rock This Party (Everybody Dance Now),Bob Sinclar,5
135,7nD9nN3jord9wWcfW3Gkcm,All In My Head (Flex) (feat. Fetty Wap),Fifth Harmony,4
135,7j31rVgGX9Q2blT92VBEA0,Teenagers,My Chemical Romance,4
135,7MTX3vevnm41xuEoPxWT3j,Year of the Cat,Al Stewart,4
135,29gsi1zZrZxdStACmTQB0Z,Studio,ScHoolboy Q,5
135,415aR5b8Uws9UPGTsssWaS,Painkiller,Beach Bunny,4
135,6WGaVdhY8uMWMgxiKpdLVy,Mother Mother,Tracy Bonham,4
135,5jJ69cMDMC0aeWPjZo6VP2,Lampshades on Fire,Modest Mouse,4
135,3X04hhGLUCz86UwEAKSVAB,2hollis,Lelo,5
135,4hSTvY4GQrNDC2TsCwhEFc,Lift You Up,Danny Brown,4
136,2R4AlwtrrkMaRKojcTIzmL,For the First Time,Mac DeMarco,5
136,37xebnhvUyM8VyyDDeo65d,Never Let Go,LNGSHOT,5
136,41G5oiNumgRbt8fNZfncnN,Here I Am,The Hellp,5
136,7jhxagwOk9y1HC5ciRfmkQ,Invincible (feat. Daniel Caesar),Omar Apollo,3
136,2Iu15Xr1bSM6cP6WyZNtDT,I like to touch people,Audrey Hobert,4
136,3asFGFY3uLjMDmML1p0tYm,Savior,Rise Against,4
136,5op53ANI4exiWqFHKuwWxd,The World At Large,Modest Mouse,4
136,1L94M3KIu7QluZe63g64rv,Alive,Pearl Jam,5
136,7qcOkVPvlZUzY7FYlWIoct,Yves Saint Laurent,K1llbrady,5
136,1Tr4K5MU5XYE44umXGDndd,Once in a Lifetime,Talking Heads,4
136,1IgePMOW0qEe1AViWgkal9,Pretty Little Birds (feat. Isaiah Rashad),SZA,5
136,3xKTpGCsafXzV4muM1Hpl3,Let Go,Frou Frou,3
136,6o86CKQQc85ql8pMHrvJpo,Queen St,twentythree,4
136,7ncPjJBktLEOpstY5JOUMK,一途,King Gnu,5
136,2ejSYn4SfoE07mXPlnYVED,Ama Um Maloqueiro,Rafa e Junior,5
136,3FP8A246XpuafFofRhDlWG,I'm So Sick,Flyleaf,5
136,6PBPTmD3sBFt16vjSd4L5Q,TUDO,Liniker,4
136,0gY58y9Njc1tsVTu8eMrAy,O Camburão - Ao Vivo,Relespública,4
136,4DhTBCvoemYivBVHkk7RKI,Cafuné,Micro TDH,5
136,2HBtd9MYDd2xDVu8Zc6pwt,GUMMO,6ix9ine,4
136,5pMPNxZz50iup8cXchRHxm,Cupid - Twin Version,FIFTY FIFTY,4
136,2chbuybiy6aDDBC985tJcP,ZEN,JENNIE,4
136,2ySaltE2swk0QsimILPK05,Goodbye,Bo Burnham,3
136,3GVNp2UgIp2TN3ra67cxdg,Mirage,Creepy Nuts,5
136,4VXIryQMWpIdGgYR4TrjT1,All Girls Are The Same,Juice WRLD,5
136,6HU7h9RYOaPRFeh0R3UeAr,deja vu,Olivia Rodrigo,5
136,6NBZu27n3cxEk4y4c2Kxi8,1-800,bbno$,5
136,2mv1gGdqFpNNMJn93ZBpvQ,When You Sleep,Banjo Two Zero,4
136,2iUmqdfGZcHIhS3b9E9EWq,Everybody Talks,Neon Trees,5
136,5CZ40GBx1sQ9agT82CLQCT,traitor,Olivia Rodrigo,4
136,17YNmMy03QLPirmBzWxFa6,(dream),salvia palth,4
136,1rfofaqEpACxVEHIZBJe6W,Havana (feat. Young Thug),Camila Cabello,4
136,41P6Tnd8KIHqON0QIydx6a,the perfect pair,beabadoobee,5
136,6nek1Nin9q48AVZcWs9e9D,Paradise,Coldplay,5
136,7KwZNVEaqikRSBSpyhXK2j,Hypnotize - 2014 Remaster,The Notorious B.I.G.,4
136,6px1KhTqAfxdcF6A1JGSpx,Bull In The Heather,Sonic Youth,4
136,5UKj2UGT4AMc1GMLk5S5sw,Fall In Love,Phantogram,4
136,31Xa0SpE8683VhZXnJMjjn,Country Road,The Lacs,3
136,4IoYz8XqqdowINzfRrFnhi,You Found Me,The Fray,4
136,1bx6QL4eUThXV2jS3B9atn,SWEET LOVE,Stephen Sanchez,5
136,4zXuYQNDmw3dlauyc8q3Kd,We'll Never Have Sex,Leith Ross,5
136,73SBAGI4fPFm4VkB3NjXq8,I Want You To Love Me,Fiona Apple,4
136,4DojHzz18cPkQ7cv8dKIlc,OK OK - Hamdi remix,Hamdi,5
136,144adL7pGHEWRwute2wxzZ,Omen,The Prodigy,4
136,5Nt2FMqnKI2mlp7lztURNo,KEHLANI (REMIX) [feat. Kehlani],Jordan Adetunji,4
137,0rRjGruFonCGOt0S5zAJNQ,The Other Side Of Paradise,Glass Animals,5
137,1hJN8hZvzEvOvqX32jSSrw,where's my head at _,Basement Jaxx,4
137,6sfMU3Zx38YzBmv0QTQsH4,Amazing Grace,Forrest Frank,4
137,2LXISHBkx8FyoxCBkckh19,Do It Again,Steely Dan,4
137,6VnpKLtfNH4Dk09YSGPSyR,It Ain't Over 'Til It's Over,Lenny Kravitz,4
137,4gxEY3Mh5FZZDAJAKPNrCS,CRAZY,LE SSERAFIM,4
137,3THVfoVD5kdCxPviVaCPi7,Internet Girl,KATSEYE,5
137,0NaUT74rJ0NHS62fewzatU,I LOVE YOU HOE (w/ 9lives),Odetari,5
137,0KYOthr76o5GlmYLEfp9OX,Slomo,Slowdive,4
137,6L3VWDPDTQkQFkqvmpAUMU,Something to Believe In,Young the Giant,4
137,7iQXYTyuG13aoeHxGG28Nh,PERRO NEGRO,Bad Bunny,5
137,3ZUMC5OazTA8QtLpdlPdz9,Sleepyhead,Passion Pit,3
137,5BXr7hYZQOeRttkeWYTq5S,ASAP,STAYC,5
137,6rdkCkjk6D12xRpdMXy0I2,New Jeans,NewJeans,4
137,464XMdxuH3QmvwLpMrOhGj,girl,salvia palth,4
137,12bYYQaLqHliSXvRIYlq8G,I Just Might,Bruno Mars,4
137,1wlKw9NAWVWpx7OIAyg9EA,Fell On Black Days,Soundgarden,4
137,41p3hm5FlXD5PcQjCKwype,Jungle Juice (feat. LUCKI & Lil Crix),Lil Double 0,4
137,2GWCZJWundoYi5IloWIgTX,eyes don't lie,Isabel LaRosa,5
137,4KROoGIaPaR1pBHPnR3bwC,Pink Moon,Nick Drake,4
137,77q9G0H5wnXlT9OWm1QXTc,Blow Me,fakemink,4
137,2UuKZDzjZ7cVMOvpmuAMYj,Tell Me,Wonder Girls,5
137,0Gji3Cm4mRFYvXXtX82klr,Crumble,Lord's Child,2
137,3ZP1AbM0rurWtqQIhTVcln,Nasty Dog,Sir Mix-A-Lot,4
137,61MhXxcy6MUhrDeHCDE7AP,Sleep Well,d4vd,3
137,3oNQ6NkihVzQkV5qhk2Pbe,Something About You,Eyedress,4
137,4VFNyv0nVew5C878WDsPvE,Shout at the Devil,Mötley Crüe,4
137,3jAr9eD5SiwEOJS0EerIPq,LSD and the Search for God,The Blue Angel Lounge,4
137,3oiMJQAWVaxSubJ7b2VUtX,Fancy,Iggy Azalea,4
137,6Xc5cfbWz7MUxqAZpxj2bT,Alocate,Zion,5
137,5l3SLqtRpeU9F50GLFBRtG,Montana,French Montana,4
137,7KXjTSCq5nL1LoYtL7XAwS,HUMBLE.,Kendrick Lamar,5
137,0hFTdvxUbHl1CqrdZcbWtZ,Tummy Hurts,Reneé Rapp,5
137,0UV5zxRMz6AO4ZwUOZNIKI,Where'd All the Time Go?,Dr. Dog,5
137,6kn8q1Gzc1G2EBdpW9CnEE,Pinball Wizard - with Orchestra,The Who,4
137,2ToF4unFUMMKGfu7KYhy1j,MONSTRUO,Tainy,4
137,1u2hPlWD5rlCzDa0X6zHaf,Cheerleader,OMI,4
137,1kWVgfctc2JUKCqlsZGWbU,Numbers,Young Thug,4
137,0eO8MW9YSTK3CjdaTYKlhF,Who Am I (What’s My Name)?,Snoop Dogg,4
137,1TPdMmb92BoWvDFQlCuVl0,Dying To Love,Bad Omens,5
137,3H6xZgwRZx8McVUJzmMxWe,Headphones On,Addison Rae,4
137,09riz9pAPJyYYDVynE5xxY,1000 Blunts,$uicideboy$,4
137,0rLzyBecRbTpnBWvMtPVFR,Get Right,Jennifer Lopez,3
137,5UJbgR4XF4y1DvbkxEqe8S,Sports car,Tate McRae,5
137,4v5kAh2wWyCSuKuhMJK8u6,Long Way 2 Go,Cassie,5
137,5bJ1DrEM4hNCafcDd1oxHx,Self Care,Mac Miller,5
137,4HmE2Qs4HHAtqc1UBNIMtz,AINT NOTHING,Rich Amiri,5
137,6NBZu27n3cxEk4y4c2Kxi8,1-800,bbno$,5
137,5PclMa9Pxs1OFWSAS6Nid9,I DO ME,KiiiKiii,4
137,7Ewz6bJ97vUqk5HdkvguFQ,Heaven,Bryan Adams,3
137,5aJOyuvqhcCRpaUCubwXk9,The Ballad of Eddie Jabuley,Hotel Ugly,4
137,6IZvVAP7VPPnsGX6bvgkqg,PRIDE.,Kendrick Lamar,3
137,13lZDbwonGhOflQLQIfdtZ,We're Going to Be Friends,The White Stripes,5
137,4X2YuFX8I7FEVrXmV2w674,"Keep On Chooglin' - Remastered / Live At The Oakland Coliseum, Oakland, CA / January 31, 1970",Creedence Clearwater Revival,4
137,2EPr9Wx7e1cpGEbNAtuN7x,Surfin' U.S.A.,The Beach Boys,5
137,4k3xDpAdBuM17mNNHhOZkK,nuts,Lil Peep,5
137,0IY5lHDP46LTWfEwu66TZd,Que Beleza,Tim Maia,4
137,1f1wT6Q7Buxb3OD0BqMW8O,I See Fire,Ed Sheeran,2
137,0HDHY6RSHHG2ZTE0cMT4GJ,Los Infieles,Aventura,4
137,3kTVKRzfYb7zqz56thbKrj,Entertainment,Phoenix,5
137,7CxFWAnQ8eqiRL4W12Xzb6,Avalon,$uicideboy$,5
137,0U1nO2frLx8w2dIsfvlP1d,Hell At Night (feat. Ella Langley),BigXthaPlug,5
137,4eNnMvUrSu2TRpySjVC0Pv,Superbeast,Rob Zombie,5
137,1xzsEmaU4IXjvxxwQlA8Lz,Crimewave,Crystal Castles,4
138,524yEMK9wdiqPMqkE9kd9H,Sorry 4 The Wait,Lil Wayne,4
138,3xKsf9qdS1CyvXSMEid6g8,Pink + White,Frank Ocean,5
138,6wJwkMo278iWVlWl1XQ4WA,The Heart Wants What It Wants,Selena Gomez,4
138,5lJx5eiSahFfsqkMJVlkDN,I'm Still in Love with You (feat. Sasha),Sean Paul,5
138,5vHyWEoEyIJT5RhR1fcN7y,Too Late For Love,Def Leppard,4
138,2lE7oRoKssULAtbWViL385,Hand in My Pocket - 2015 Remaster,Alanis Morissette,4
138,5krhWYmWIKJhI96deUujm8,Specter,Bad Omens,5
138,0M955bMOoilikPXwKLYpoi,I Hate Everything About You,Three Days Grace,4
138,2TofEeQobQ9YoK7EFds698,You Give Love A Bad Name,Bon Jovi,5
138,1MXOWbSCEjoGwivtIMnlBV,Constellations,Duster,4
138,0gpFiquPvir7e3RrM4kii9,"IT G MA REMIX (feat. A$AP Ferg, Father, Dumbfoundead, Waka Flocka Flame)",Keith Ape,4
138,1Qdnvn4XlmZANCVy3XjrQo,Show Me How to Live,Audioslave,3
138,1TfqLAPs4K3s2rJMoCokcS,Sweet Dreams (Are Made of This) - 2005 Remaster,Eurythmics,4
138,0eZmBWVC1HYayrP2fqQ7nu,Colorado,Milky Chance,4
138,2mxPSHEwjJWOQS7lGw6btF,Lucky Man,The Verve,5
138,5NQbUaeTEOGdD6hHcre0dZ,679 (feat. Remy Boyz),Fetty Wap,4
138,3ld1FzyNgpZwGn4h9cOXrq,Love Me Not (feat. Rex Orange County),Ravyn Lenae,4
138,4q2lRiodoQnyFO65watkse,True,Spandau Ballet,4
138,6YXOWhiHHnywkCNKJTdGNj,Raw (Might Just),Young Thug,5
138,0Tq7v8YAmwdnAYBwyR1pZ4,"Earth, Wind & Fire",BOYNEXTDOOR,5
138,6shRGWCtBUOPFLFTTqXZIC,Upside Down,Jack Johnson,5
138,0jaFQzTV7zKwuys2YGLpaC,People Everywhere (Still Alive),Khruangbin,3
138,7ihVeKd4RjiZ3y12nDhPZO,Sunshine Baby,The Japanese House,4
138,1QFw2xxyQtgKjlrMCEqsNj,Papaoutai,Stromae,5
138,3kb38wezoUA8ki5jPYy3t5,Little Secrets,Passion Pit,5
138,2OMqSRS11ly56zg9u5za6c,Still Waiting,Sum 41,4
138,4yeILpRczJAXG6kAsE7pGk,Deceptacon,Le Tigre,5
138,4hrxPxnI4hCZdUusjcGaXh,Clouds,Pastel Ghost,4
138,5gmf93vJq4IFwRP5GnA6oW,Meet Me in the Woods,Lord Huron,5
138,6bDbJk0jL03jh5owo7YTXe,Tsunami,Suzuki Saint,4
138,7sMZ7doYb71bHK8tqviTCu,The Rolling Stones,Cameron Winter,4
138,1JY6B9ILvmRla2IKKRZvnH,Sad Machine,Porter Robinson,3
138,7xVLFuuYdAvcTfcP3IG3dS,"Work REMIX (feat. A$AP Rocky, French Montana, Trinidad James & ScHoolboy Q)",A$AP Ferg,4
138,4frLb7nWtsz2ymBE6k2GRP,Earned It (Fifty Shades Of Grey),The Weeknd,4
138,5KONnBIQ9LqCxyeSPin26k,Trumpets,Jason Derulo,4
138,2nNBdv2vcJZuWOZ06nNF62,Fact Check,NCT 127,5
138,44hqFxUWsADWewEJELnncj,No Doubt,ENHYPEN,5
138,5QDGKcQLqOJvoiu8eScEaM,Let Em' Know,Bryson Tiller,3
138,6L3VWDPDTQkQFkqvmpAUMU,Something to Believe In,Young the Giant,5
138,1FkoVC85Ds3mFoK0fVqEqP,Self Esteem,The Offspring,4
138,55OQnFxrtwV4hSBAbeqId7,Freaks (feat. Travis Barker),Surf Curse,5
138,4UFj2SLrRhYDPedJWO5bwk,What they say,Nettspend,4
138,3w3y8KPTfNeOKPiqUTakBh,Locked out of Heaven,Bruno Mars,5
138,2AYS46aVNyzEG0nsWwr8y6,Killer,Mareux,4
138,2ExpCKBxiHbgzepERl1t4D,Cuando Pase el Temblor,Soda Stereo,4
138,4wSmqFg31t6LsQWtzYAJob,Genesis,Justice,5
138,4tCtwWceOPWzenK2HAIJSb,Work from Home (feat. Ty Dolla $ign),Fifth Harmony,4
138,11iIikXxC6NP0Ma8vMD27x,Alien Blues,Vundabar,5
138,57uX2vR9j9DNiANDYfXw1i,Never Say Never,The Fray,4
138,2K7xn816oNHJZ0aVqdQsha,Softcore,The Neighbourhood,5
138,69psOP7O7y7QOV0dVisyNk,Midnight Sun - Super Loud,Zara Larsson,5
138,2JvzF1RMd7lE3KmFlsyZD8,MIDDLE CHILD,J. Cole,5
138,7iDa6hUg2VgEL1o1HjmfBn,Meant to Be (feat. Florida Georgia Line),Bebe Rexha,4
138,1eUGmzzvahJjOSWgDHuRlv,Girl With The Tattoo Enter.lewd,Miguel,4
138,2IOeOJyiuzwF8BRAK9jJyj,The Logical Song,Supertramp,4
138,5xA5MggKc3aQxuOzNzPUWB,Apple Cider,beabadoobee,4
138,41Fflg7qHiVOD6dEPvsCzO,Worth It (feat. Kid Ink),Fifth Harmony,4
138,2qKkC9cODRjIlsdyEkSJLQ,Only You,Portishead,4
138,2F6FfZ4w8z3eJpSxPotVO5,Falling Away from Me,Korn,4
138,39j1lrsLa9jZ72Qx6PxJ2r,Estelle,Samara Milli,3
138,2ax1vei61BzRGsEn6ckEdL,Straight to Hell - Remastered,The Clash,5
138,4vsoWZcvtvSsE0OiVvDDvX,Harness Your Hopes - B-side,Pavement,4
138,0tZ3mElWcr74OOhKEiNz1x,Bulls On Parade,Rage Against The Machine,3
138,0dFdGPVLs3k0z9ezYWZzUa,Intimidated (feat. H.E.R.),KAYTRANADA,4
138,0otRX6Z89qKkHkQ9OqJpKt,Car's Outside,James Arthur,4
138,1PJRDeZSoZk7gtisdTYfLi,Crawling In The Dark,Hoobastank,4
138,6GT0EGXSMiS4s5X9v0EvfG,"Escapism (feat. AJ Michalka, Zach Callison & Grace Rolek)",Steven Universe,4
138,6ZAuQOgLrNQb9s7BXheuTy,Sue me,Audrey Hobert,5
138,3oiMJQAWVaxSubJ7b2VUtX,Fancy,Iggy Azalea,4
138,2a1o6ZejUi8U3wzzOtCOYw,Danza Kuduro,Don Omar,4
138,1EuqRlDP9RuzeCRVcjr1PY,Jungle Love,Steve Miller Band,5
139,3oBNQdDbNrs8wQbcZ3BXwP,Velvet Ring - 2023 Remaster,Big Thief,5
139,67Ca21PiqjzovVSAwBMwUf,IDK WHAT TO TELL YOU,BKTHERULA,5
139,2PzU4IB8Dr6mxV3lHuaG34,(I Can't Get No) Satisfaction - Mono,The Rolling Stones,5
139,5IyL3XOaRPpTgxVjRIAxXU,Ziggy Stardust - 2012 Remaster,David Bowie,4
139,5yVIlYEHZxQVLyInCdldoS,Impossible,James Arthur,3
139,2g1KggY9PKvsoEAOaiz4xx,Daisy,Ashnikko,4
139,60TThBDrPpek5k520l0W0L,Black Sheep - Brie Larson Vocal Version,Metric,4
139,2PljnVsnl2PRwCvfhbdQup,Plan B,Megan Thee Stallion,5
139,15nElWknZsgnSIfVihVCQf,DIVINE,Stray Kids,4
139,6RcAHyC5sAUIbPTkhOQwd8,Y LLORO,Junior H,5
139,53PkA8aXiwH4ppa0V0iO7o,oh baby,LCD Soundsystem,5
139,2oENJa1T33GJ0w8dC167G4,Fire Burning,Sean Kingston,5
139,3GXSywNvYLAVUCtjMHkKDh,E. Coli (feat. Earl Sweatshirt),The Alchemist,3
139,1DqdF42leyFIzqNDv9CjId,Dynamite,Taio Cruz,5
139,1BwhFXqoIsePt21WyWIttb,I Wanna Get Better,Bleachers,4
139,2cEnKRR4dYBB2VA1mjlb1z,Nevada,YoungBoy Never Broke Again,4
139,4hrxPxnI4hCZdUusjcGaXh,Clouds,Pastel Ghost,4
139,5L95vS64rG1YMIFm1hLjyZ,Rollercoaster,Bleachers,4
139,7ppPZa3TRUSGKaks9wH7VT,Don't Look Back In Anger,Oasis,3
139,44KWbTVZev3SWdv1t5UoYE,How Much Is Weed?,Dominic Fike,5
139,3BdHMOIA9B0bN53jbE5nWe,Blue Light,Mazzy Star,4
139,09xhawlPUifhftf8zuie7w,Fever,Buckshot,5
139,78aWIBZMTcqg4mvPpUdhss,Can't Hold We Down (feat. Popcaan),Kano,5
139,7fcfNW0XxTWlwVlftzfDOR,Walk,Pantera,4
139,0bmm9xZUJQDR1tBhWtIXVM,Wild Things,Alessia Cara,5
139,7pdmBld4yW3WIUkrxHyb5r,Northern Sky,Nick Drake,4
139,5i0eJv1DzuyhaYnro4wTKg,Crazy Story (feat. King Von),Only The Family,5
139,5AGQSF0ytihJyt96K5vW9d,Heartbeat,Childish Gambino,4
139,0eDwzWuy2gf1RJzqWl0dkF,Something So Strong,Crowded House,5
139,6miqdoICzUXCL5UHCuucjK,Clothes Off!!,Gym Class Heroes,4
139,3e2Bo9TD1mtlqysEJa7Mep,Use Your Heart - Interlude,SWV,4
139,4WFgvKVfEhb3IUAFGrutTR,Love Me Not,Ravyn Lenae,4
139,0ERnYArznxdTBEIj1VSta8,man i is,Logic,5
139,5cjagrNaegv6IQZKflkPTf,I Love You So - Acoustic,The Walters,5
139,5WDLRQ3VCdVrKw0njWe5E5,Careless Whisper,George Michael,4
139,7ET4Mfy67MafiK8D37Y4zN,Xilofone,D$ Luqi,4
139,2aoo2jlRnM3A0NyLQqMN2f,All Along the Watchtower,Jimi Hendrix,4
139,6MExehlWTF49eRhXAXRpB1,Edward 40hands,Mom Jeans.,4
139,6JuEshIRliNXRU1LXctRjZ,Halah,Mazzy Star,4
139,0nwygFtUBQiDA9iFIrZGR9,bing bong,bbno$,5
139,5gmv3BgePSYiHnPJgY7oTJ,Home,LCD Soundsystem,3
139,3YkGm3sFBBjSDMoxGPM2PZ,Steven Universe,Lofi Fruits Music,5
139,6DH13QYXK7lKkYHSU88N48,Who Knows,Daniel Caesar,4
140,3DBFOXJKitLKUjlyOCX7ow,Chapter Six,Kendrick Lamar,5
140,4mVZ9cv6pGt36VNjm6CTue,fml .,fakemink,4
140,2Ud3deeqLAG988pfW0Kwcl,All My Friends,LCD Soundsystem,4
140,1eUGmzzvahJjOSWgDHuRlv,Girl With The Tattoo Enter.lewd,Miguel,4
140,2n4CKcjm30m0Be4ZwdcaUV,Catch a Kill,Summrs,4
140,1gZ7i4qxXkHZb1r6eioaAP,Don't Cha,The Pussycat Dolls,4
140,2zvDnNLW4yZ4a0YcGiOEBX,GOOBA,6ix9ine,3
140,3e7sxremeOE3wTySiOhGiP,Dusk Till Dawn (feat. Sia) - Radio Edit,ZAYN,4
140,27v8QdBidbC5idqWHqPBBj,Do It (Yves Remix),underscores,3
140,1A2EHsaElnVL6Mc4apEY0v,The Alchemist,HAARPER,4
140,1kWVgfctc2JUKCqlsZGWbU,Numbers,Young Thug,4
140,0GXwlEXCO8qeeeOIYpsR3m,Rain,Sleep Token,4
140,5Y77SQxEr1eiofPeUTPHxM,You,Lloyd,4
140,3gmcDVzsWcnLJyxpwOkMJq,Your Love,She Wants Revenge,5
140,3PLaKiMLIlrjvPoPlYK7sT,Angel,Alice Phoebe Lou,3
140,4DpNNXFMMxQEKl7r0ykkWA,Play Date,Melanie Martinez,5
140,17sOAutZqK3xM5O6Cc2pMj,Abracadabra - Gesaffelstein Remix,Lady Gaga,3
140,0WAEGVylZjbe2mQ6Or6HxY,Cannock Chase,Labi Siffre,4
140,40a82F3K2UTbeoLlXXXZBd,"Lo Que Pasó, Pasó",Daddy Yankee,5
140,0Fs9cdPDhptWEDJmiCbkEW,She Knows (feat. Amber Coffman & Cults),J. Cole,4
140,0UEnHE0X3DO3vv8TzQm0Sw,Wet,Dazey and the Scouts,3
140,44aTAUBF0g6sMkMNE8I5kd,Every Little Thing She Does Is Magic,The Police,4
140,4TVwt7y1zyMFITBRkss72f,Milk Town / Mr. Carter,Nep,4
140,1a7onn7lPqqRWul5ogyMyX,ANSIEDAD,Fuerza Regida,4
140,3f0OEJd7mlPNhmH3fUOrqy,"Mention Me - From The Movie ""GOAT""",CORTIS,5
140,4uUG5RXrOk84mYEfFvj3cK,I'm Good (Blue),David Guetta,5
140,13toFl1UwJPsRxDiD9jgtn,As,Stevie Wonder,3
140,6CC5XSjHTTG3X3MmtLjvXx,Golden Brown - Sped Up Version,The Stranglers,3
140,6ZaiqbV2GfUtrUlhsu58fN,Step On Me,The Cardigans,4
140,6974s3EIddg6dK8U7ycAMR,READY TO FLY,Masayoshi Takanaka,5
140,66ZcOcouenzZEnzTJvoFmH,The Sweet Escape,Gwen Stefani,5
140,3n69hLUdIsSa1WlRmjMZlW,Breezeblocks,alt-J,4
140,6II8HGRVkvVUy0uIM4X5Qq,Lua Cheia,Marina Sena,4
140,5qHirGR7M9tdm6C17DlzSY,REEL IT IN,Aminé,4
140,5eqK0tbzUPo2SoeZsov04s,Bank Account,21 Savage,5
140,3bbfY8yDDwzLvvx3tFwy8i,Starless,King Crimson,4
140,5iXD5rOKV99XGtkaiucHpM,BEBE,STAYC,5
140,41IShViF79gmulEkIHAjcb,The Game of Love (feat. Michelle Branch) - Main / Radio Mix,Santana,5
140,4zetUxeSCCDwrr1jJT0SuD,Miss Misery,Elliott Smith,4
140,0HEmnAUT8PHznIAAmVXqFJ,Faith - Remastered,George Michael,4
140,303ccTay2FiDTZ9fZ2AdBt,Music Sounds Better With You,Stardust,5
140,5KgbyD2lQQlIupAaPjgiXg,"Night Fever - From ""Saturday Night Fever"" Soundtrack",Bee Gees,4
140,7o2AeQZzfCERsRmOM86EcB,Xtal,Aphex Twin,4
140,1L5tZi0izXsi5Kk5OJf4W0,Rehab,Amy Winehouse,5
140,1y4eb6hmAvsqlDOl3fx9kk,Hot N Cold,Katy Perry,4
140,5aJOyuvqhcCRpaUCubwXk9,The Ballad of Eddie Jabuley,Hotel Ugly,4
140,18GiV1BaXzPVYpp9rmOg0E,Blowin' in the Wind,Bob Dylan,4
140,1KixkQVDUHggZMU9dUobgm,My Head & My Heart,Ava Max,5
140,22vgEDb5hykfaTwLuskFGD,Sucker,Jonas Brothers,5
140,5HNCy40Ni5BZJFw1TKzRsC,Comfortably Numb,Pink Floyd,4
140,4knL4iPxPOZjQzTUlELGSY,Rake It Up (feat. Nicki Minaj),Yo Gotti,5
140,76vnbFYXLxoaJq6ee2Q5VM,Another Life (Feat. Bryant Barnes),Chezile,5
140,7qLs0IyUn6TrqgMzQ33SdH,Introduction to the Snow,Miracle Musical,5
140,05CjWFAcAlY6O9po6Qwakk,Be Her,Ella Langley,4
140,286mFeYjBJ9fkioaIzaxoN,PDA,Interpol,5
140,4jLv3tDBu8ww2R07DvL12s,Man On The Moon,R.E.M.,4
140,67Tp0vRSc3yJU0z1UQMD7B,Here's Where The Story Ends,The Sundays,4
140,2n1MTLCis6qPSDKdr5XSDI,Oh Qué Será?,Willie Colón,5
140,4WHHXWMlTiLRaw37SbEvVr,Zerovinteum (feat. Fernanda Abreu),Planet Hemp,4
140,3DmW6y7wTEYHJZlLo1r6XJ,Shower,Becky G,4
140,5ZdzNVOmCSp5HFLk0EgvJS,Dirty Little Secret,The All-American Rejects,5
140,4NTWZqvfQTlOMitlVn6tew,The Show Goes On,Lupe Fiasco,5
140,46S6HjiiqyMNwE3xXv1nPH,Wild Horses,Natasha Bedingfield,4
140,6PBanBy8L1K2Ry4UN186XH,forwards beckon rebound,Adrianne Lenker,4
140,0bhudMmr0XdtBOjFbjq8R0,Jealous,Eyedress,5
140,2dBwB667LHQkLhdYlwLUZK,Summertime Sadness,Lana Del Rey,4
140,4LJhJ6DQS7NwE7UKtvcM52,What's My Age Again?,blink-182,4
140,0ofHAoxe9vBkTCp2UQIavz,Dreams - 2004 Remaster,Fleetwood Mac,4
140,5fJAYWoFgXm26HLNViFiUh,Porcelain,Moby,4
140,2ejSYn4SfoE07mXPlnYVED,Ama Um Maloqueiro,Rafa e Junior,4
140,1yCVsVH2hQ72SxNI8QTDaB,The Percocet & Stripper Joint,Future,3
140,1oTo3ijRbaDAtrjJrGAPSw,I Miss You,blink-182,3
141,7qLs0IyUn6TrqgMzQ33SdH,Introduction to the Snow,Miracle Musical,5
141,0m2UVJS2dZjXtbi0tB2A0t,On Fye,The Simps,4
141,4u8IPU322yG7mNrqv89GGL,Hey Sexy Lady,Shaggy,4
141,5GCU2LJWPzoP8Q6nexs61z,Let's Go,Key Glock,5
141,4wd09wCccmxUB7XVJp0RNn,"Jesus, Etc.",Wilco,4
141,2UWdUez9MB9yzL7Y81Mcip,The Suburbs,Arcade Fire,4
141,4vyQ2NdodXhtMGsaaMBqSt,M.I.A,KATSEYE,5
141,5bJ1DrEM4hNCafcDd1oxHx,Self Care,Mac Miller,5
141,5gFoAVTN9YlM9uJCrFZtgl,Crooked Smile (feat. TLC),J. Cole,4
141,0HNYsGGjrvPQsaXR6sFnVB,Quickest Routes,Shoreline Mafia,4
141,6glsMWIMIxQ4BedzLqGVi4,"So Fresh, So Clean",Outkast,5
141,1c8gk2PeTE04A1pIDH9YMk,Rolling in the Deep,Adele,4
141,2ax1vei61BzRGsEn6ckEdL,Straight to Hell - Remastered,The Clash,5
141,6eDMElxeeKXs4DHTb0dGP0,Gostava Tanto De Você,Tim Maia,5
141,2VYqgye3Wf9ySE4qYM3iJn,Everyday,Weyes Blood,4
141,7wLShogStyDeZvL0a6daN5,TEXAS HOLD 'EM,Beyoncé,4
141,5mSjVVGPv8zUsjfMuSxPRP,I'M SO IN LOVE WITH YOU,The Kid LAROI,5
141,3JvKfv6T31zO0ini8iNItO,Another Love,Tom Odell,3
141,4mQtXW0vrHC3oTkA1mQsb0,Operator (That's Not the Way It Feels),Jim Croce,4
141,57MflfPN3ObQQAQtPUp0WF,Romeo and Juliet,Dire Straits,3
141,2hns6Dv29Yrg68AVTJiAyA,Who Knew - Edit,P!nk,3
141,2TAKt1x0k9AltDJm31GhEu,Bleed (feat. Omar Apollo),Malcolm Todd,4
141,70wYA8oYHoMzhRRkARoMhU,When You Were Young,The Killers,5
141,1A6Kwtsg3JWKU2KWM2udpM,I'm Not In Love,10cc,4
141,6V4ntlX6608rd3Ec5SpVhj,Berghain,ROSALÍA,5
141,6w6SW8zyEcyxwSR7Wya45a,Blue Suede,Vince Staples,5
141,1uigwk5hNV84zRd5YQQRTk,Pocketful of Sunshine,Natasha Bedingfield,4
141,0Z2zNMZV5kuRIQzf9cOgZc,South Side,Moby,4
141,5td7LYTivVH0MXXwin8QvE,A Little Bit Harder Now,She Wants Revenge,4
141,6eBK3edMW7bEzecF1eCezc,(Everything I Do) I Do It For You,Bryan Adams,4
141,72gv4zhNvRVdQA0eOenCal,Symphony (feat. Zara Larsson),Clean Bandit,5
141,2nslVYxt22gZWqj5sdUDPG,Fuso,Duquesa,5
141,6S7mmHgyWOG6pIYuL4YrfQ,Right Here,Staind,4
141,48EjSdYh8wz2gBxxqzrsLe,Cranes in the Sky,Solange,4
141,56NEihhw1BsIgBBzfvcE76,Bags,Clairo,5
141,49wOjOkS4pBK3PQnPnNYjb,Zombie,The Cranberries,5
141,1JSTJqkT5qHq8MDJnJbRE1,Every Breath You Take,The Police,4
141,0n2SEXB2qoRQg171q7XqeW,Smooth (feat. Rob Thomas),Santana,4
141,6SmWHBXVdL14zir3Vzk0jH,Not Gonna Get Us,t.A.T.u.,4
141,3DK6m7It6Pw857FcQftMds,Runaway,Kanye West,5
141,0mYXRQpTGjaLJt1l9MY4ps,Man I Need,Olivia Dean,4
141,6jRq8gaZhMUyy5RclRPcAf,hot girl bummer,blackbear,5
141,3LVcKphzONOdQ2EATazlZq,Final Warning,NLE Choppa,5
141,0k2GOhqsrxDTAbFFSdNJjT,Temperature,Sean Paul,4
141,6t5G9AQWFjJYPtt1xra4r7,Poesia Acústica 17,Pineapple StormTv,5
141,66hayvUbTotekKU3H4ta1f,Where Are Ü Now (with Justin Bieber),Jack Ü,5
141,1RXEb6UTxJ05RffnAWfUOE,Player's Ball,Outkast,4
141,4e76Ss3ji7HQZ4qwcPNkNA,MIENTRAS DUERMES,Junior H,4
141,2gam98EZKrF9XuOkU13ApN,Promiscuous,Nelly Furtado,4
141,0kYMwaQWABTkFff8AZjmYI,Hayloft II,Mother Mother,4
141,4tU1vbxn9rvUv9VuAUXERx,Ain't it Funny,Danny Brown,4
141,7x8dCjCr0x6x2lXKujYD34,The Pretender,Foo Fighters,5
141,2TofEeQobQ9YoK7EFds698,You Give Love A Bad Name,Bon Jovi,5
141,2bdVgAQgosGUJoViVDNeOV,LIMBO,keshi,5
141,1c5CllrZr45UBhWpIqM332,Funny Thing,Thundercat,4
141,1mRqeViSSY5ir944Xp9p2j,BOTA,LUDMILLA,5
141,62eDE0RR8Sgh7yw8ZLeyAM,Ice On My Teeth,ATEEZ,4
141,5iR8v6fTc33LDo2t4w3342,Futile Devices (Doveman Remix),Sufjan Stevens,4
141,2bAQsNqdo62T8akkIvWzGl,RUDE!,Hearts2Hearts,5
141,1mh9eHVRdNhzryG43PXdW1,MUTT,Leon Thomas,5
141,2VyjK8wf0S6J8FgAgoqOkw,Wuthering Heights,Kate Bush,4
142,57MflfPN3ObQQAQtPUp0WF,Romeo and Juliet,Dire Straits,4
142,7bywjHOc0wSjGGbj04XbVi,LUNA,Feid,4
142,4sebUbjqbcgDSwG6PbSGI0,Come a Little Closer,Cage The Elephant,5
142,5lDixe3b2yQDQ18lAUoSWq,Wicked Game,Chris Isaak,4
142,5Dpryv5D5xUTMrqd82JwGD,southbound,Artemas,4
142,6SluaPiV04KOaRTOIScoff,Show Me Love - Radio Version,Robyn,4
142,7J1uxwnxfQLu4APicE5Rnj,Billie Jean,Michael Jackson,4
142,7EDcAz6iuKSkxH4VcC3Oko,I Wait for You,alex_g_offline,4
142,6kopmMZiyLmw7h66uXcXR7,Valerie (feat. Amy Winehouse) - Version Revisited,Mark Ronson,5
142,0ghq9ciZLPrFmlRCIUXgj0,Moby Dick,Jakey,5
142,2A5cwtDZpk7RvsPolrF4UL,Excavator,Don Toliver,5
142,14vmDsQzcgcObvshp3drhe,Alócate,Zion,5
142,499SvLeXfMRLhi6BSrPU3Y,Oulala,Vundabar,5
142,7hsulgRNgbyczeAg8tChCB,NEVER,JID,5
142,2YNJ2wMRwl2L2cudMQ0B6N,Acknowledgement,Modjo,4
142,0EtirusGt3LivUmALXSMVe,Role Model,Eminem,4
142,6VsqdsaY4oV06NODea0L0J,POR EL CONTRARIO (with Ángela Aguilar & Leonardo Aguilar),Becky G,5
142,7G7tgVYORlDuVprcYHuFJh,Don't Dream It's Over,Crowded House,4
142,37WUQa7Mcm3aGQOp2rwEZi,Bad Girls,Blood Orange,5
142,5QYUNHT2dQwoNHorXznygN,Army Dreamers - 2018 Remaster,Kate Bush,4
142,00WvmRXTkPBZNhhRK3xfdy,As Long as You Love Me,Backstreet Boys,3
142,3FdopY118eIYv5COjji7Sa,My Ordinary Life,The Living Tombstone,4
142,1h3bcnnIm72UnemGIfm0iZ,Ebony And Ivory,Paul McCartney,4
142,6Qn5zhYkTa37e91HC1D7lb,Whatever It Takes,Imagine Dragons,5
142,44KWbTVZev3SWdv1t5UoYE,How Much Is Weed?,Dominic Fike,5
142,60nZcImufyMA1MKQY3dcCH,"Happy - From ""Despicable Me 2""",Pharrell Williams,5
142,17YNmMy03QLPirmBzWxFa6,(dream),salvia palth,3
142,4k6Uh1HXdhtusDW5y8Gbvy,Bad Habit,Steve Lacy,4
142,0C13P4IghHNFPjt4zIJ8vX,Baby,Gal Costa,4
142,5i7fZq3chLyCHo3VeB6goD,First of the Year (Equinox),Skrillex,5
142,6LoaYlv0bC1TyctuADqNFh,$uicideboy$ Were Better In 2015,$uicideboy$,4
142,4ZT9FnbFu1PaBfV3itxiqT,I,Lil Skies,4
142,2NAT52rmZWuQWv3F3SolId,Chu~♡,f(x),5
142,0GegHVxeozw3rdjte45Bfx,White Winter Hymnal,Fleet Foxes,5
142,003FTlCpBTM4eSqYSWPv4H,"Swing, Swing",The All-American Rejects,5
142,7dt6x5M1jzdTEt8oCbisTK,Better Now,Post Malone,4
142,2d8JP84HNLKhmd6IYOoupQ,Trap Queen,Fetty Wap,4
142,7JZP7kQsuFFWOrtAI7uNiW,Persiana Americana,Soda Stereo,4
142,7sCHy8QQUz3CRvUMp53Cbm,Harvest Moon,Neil Young,4
142,1ObS8I1dTlxdYM59TsZAmi,Days,Ravyn Lenae,3
142,2TofEeQobQ9YoK7EFds698,You Give Love A Bad Name,Bon Jovi,4
142,6FOpPA0a80RuBqqgDozvja,So Far Away,Staind,5
142,0Z2J91b2iTGLVTZC4fKgxf,Hit 'Em Up - Single Version,2Pac,4
142,4IiKy6tbZkaGuqc80uIHcP,Cigana,Toco,4
142,5ovPv5nkmtM7fCPvr3OOE6,Here (with Chris Stapleton),Mumford & Sons,5
142,4p0uVFAXKUISu8yp9gNtWE,Billyeoon Goyangi (Do the Dance),ILLIT,5
142,34oWbFBfGEElvgO0a5c9V4,No Flockin',Kodak Black,4
142,2LEF1A8DOZ9wRYikWgVlZ8,Good Feeling,Flo Rida,5
142,4e76Ss3ji7HQZ4qwcPNkNA,MIENTRAS DUERMES,Junior H,4
142,6I9VzXrHxO9rA9A5euc8Ak,Toxic,Britney Spears,5
142,3AA8xNhDC0MpqwkGX3EP5V,If I Ever Feel Better,Phoenix,4
142,0lREs0EdgrMQQKw00yx0Ct,Una Noche en Medellín,Cris MJ,4
142,3hBzKgqQKkChH9hyb3MhmT,I Think I Like You Better When You’re Gone,Reneé Rapp,4
142,3cijWAljXxxJDco4N2aLQl,Lança Perfume,Rita Lee,4
142,7LRMbd3LEoV5wZJvXT1Lwb,T.N.T.,AC/DC,4
142,5zb7npjQqoJ7Kcpq4yD9qn,You Want It Darker,Leonard Cohen,3
142,4PkJ7c9y1CwpuVOiJODnCZ,Someday,Nickelback,5
142,2I9foKseoFQh07p6sD2voE,Many Men (Wish Death),50 Cent,4
142,0LN5gIsS5tQSmRzQrHSaTR,Eminence Front,The Who,4
142,5MUb136to9lnJLfIy5FZKI,優しい彗星,YOASOBI,4
142,2bJvI42r8EF3wxjOuDav4r,Time of Our Lives,Pitbull,4
142,6oCXDaFZYL7sHnowv6pdXb,Spring Into Summer,Lizzy McAlpine,4
142,48A0pIzaYUiYQmIa5wXTea,poison,jaydes,4
142,6xpDh0dXrkVp0Po1qrHUd8,Adam's Song,blink-182,5
142,5DJ0y9uatNMVRCqLtFxGPR,Rubber Band Man (with Hozier),Mumford & Sons,5
142,442lxJfyUbsOWAYFBxNDdL,OK,Joey Valence & Brae,5
142,3DamFFqW32WihKkTVlwTYQ,Fireflies,Owl City,3
143,39shmbIHICJ2Wxnk1fPSdz,Should I Stay or Should I Go - Remastered,The Clash,4
143,3okf8YVytf26gWSrBRHvJK,Sophie,Haute & Freddy,4
143,3umS4y3uQDkqekNjVpiRUs,El Amante,Nicky Jam,5
143,0Dw9z44gXhplDh5HCWZIxP,You Oughta Know,Alanis Morissette,4
143,5eWOsyHHic4vJP3LjTVhqv,"Sitting, Waiting, Wishing",Jack Johnson,4
143,3XVBdLihbNbxUwZosxcGuJ,If I Ain't Got You,Alicia Keys,4
143,6brl7bwOHmGFkNw3MBqssT,So Sick,Ne-Yo,4
143,1gyee1JuFFiP476LQpRMYU,The Red,Chevelle,5
143,1nLnpLXvl68RZCSjfkyiaa,Brain Stew,Green Day,3
143,3B0pDi9aLzcICJfBCA3Lgq,catch a kill,Destroy Lonely,5
143,4MSqgoFS7e8LpsxeeMMVMu,Paranoid,Black Sabbath,5
143,6CC5XSjHTTG3X3MmtLjvXx,Golden Brown - Sped Up Version,The Stranglers,4
143,5hlPrSCx9BvnQ3rCTkblMZ,High,Stephen Sanchez,5
143,69phA1R4gmQsBFRQ3INW8C,ONE CALL,Rich Amiri,5
143,43iIQbw5hx986dUEZbr3eN,From The Start,Laufey,5
143,0M9ydKzuF3oZTfYYPfaGX1,Bad and Boujee (feat. Lil Uzi Vert),Migos,5
143,2dono2Koz7DEvGwxUsmMLq,Linger - SiriusXM Session,Royel Otis,4
143,1Hvzgb3TxHHDOT7iBm0JIM,as i say,"Dream, Ivory",4
143,06ZX08uRQDK02emdw9mN28,Ensalada (feat. Anderson .Paak),Freddie Gibbs,3
143,4E5N0mYyYFf0QZs3XDeSIj,Summer's Over,Jordana,4
143,4oPLjuY1WgGTL0Ja1doDOn,Magic Johnson,ian,5
143,5QO79kh1waicV47BqGRL3g,Save Your Tears,The Weeknd,4
143,3j84U36KvLeXNDPv4t5pI8,Pure Water (with Migos),Mustard,4
143,57MflfPN3ObQQAQtPUp0WF,Romeo and Juliet,Dire Straits,3
143,3FI0iAAAjmR31xpZEwbdys,Circle With Me,Spiritbox,4
143,5td7LYTivVH0MXXwin8QvE,A Little Bit Harder Now,She Wants Revenge,5
143,7ihVeKd4RjiZ3y12nDhPZO,Sunshine Baby,The Japanese House,4
143,03tqyYWC9Um2ZqU0ZN849H,No Hands (feat. Roscoe Dash & Wale),Waka Flocka Flame,5
143,1VdJXG8vpORXyRiqQtL78M,Electric Disruption,Fuzzboar,4
143,2O2kaMSTwJqeKaE44YNthA,4AM,KID BRUNSWICK,5
143,7KVPsVMOK3NL7subwJ0dZj,Who You Foolin,Gunna,4
143,52okn5MNA47tk87PeZJLEL,Let You Down,NF,3
143,4l0Mvzj72xxOpRrp6h8nHi,Lose You To Love Me,Selena Gomez,5
143,7H7NyZ3G075GqPx2evsfeb,Chamber Of Reflection,Mac DeMarco,5
143,4zfQER4owi8q6NL8Gg63Ya,CRAZYZ,Fuerza Regida,4
143,225xvV8r1yKMHErSWivnow,"I Don't Want to Miss a Thing - From ""Armageddon"" Soundtrack",Aerosmith,4
143,2g5egJm0qwJPKgpblzIHlI,A Little More Love,Olivia Newton-John,4
143,0gEyKnHvgkrkBM6fbeHdwK,Linger,The Cranberries,3
143,5mSjVVGPv8zUsjfMuSxPRP,I'M SO IN LOVE WITH YOU,The Kid LAROI,5
143,6FOpPA0a80RuBqqgDozvja,So Far Away,Staind,5
143,11607FzqoipskTsXrwEHnJ,Sunday Morning,The Velvet Underground,3
143,2SgbR6ttzoNlCRGQOKjrop,Cowboys from Hell,Pantera,4
143,7nnWIPM5hwE3DaUBkvOIpy,Drive,Incubus,5
143,2HRgqmZQC0MC7GeNuDIXHN,Seven (feat. Latto) (Explicit Ver.),Jung Kook,5
143,3xmL9LoL5tl9KYqWIbxQRN,MachineGirl,ADÉLA,4
143,1gihuPhrLraKYrJMAEONyc,Feel So Close - Radio Edit,Calvin Harris,5
143,6QFCMUUq1T2Vf5sFUXcuQ7,Beauty And A Beat,Justin Bieber,5
143,42et6fnHCw1HIPSrdPprMl,Semi-Charmed Life,Third Eye Blind,4
143,6qJjgYxhZ3gBTm4TI8t41e,"FISH N STEAK (WHAT IT IS) (feat. Tyler, The Creator & Jozzy)",A$AP Rocky,5
143,5qGwqO0lkbBXw4xNfzT7SF,Spice Up Your Life,Spice Girls,5
143,6nek1Nin9q48AVZcWs9e9D,Paradise,Coldplay,5
143,2EqlS6tkEnglzr7tkKAAYD,Come Together - Remastered 2009,The Beatles,5
143,46clCWv55EyW1ZlOl796It,Cinderella,Remi Wolf,4
143,27L8sESb3KR79asDUBu8nW,Stacy's Mom,Fountains Of Wayne,4
143,1wlKw9NAWVWpx7OIAyg9EA,Fell On Black Days,Soundgarden,3
143,3a3dQOO19moXPeTt2PomoT,What You Heard,Sonder,5
143,3scptj8Idke3JxqmewOlJ9,Ray Mysterio (feat. Westside Gunn & Conway),The Alchemist,4
143,5KeZP79cY8HJpkrbPXEsNC,Aurora,Calmly,4
143,0fIDUXVyJ1JISqB4HP4D5H,Sweet Disposition,The Temper Trap,5
143,0tZ3mElWcr74OOhKEiNz1x,Bulls On Parade,Rage Against The Machine,3
143,6W9CY1yt4FoAi2vKiqQLz0,Misfits,Magnolia Park,5
143,0n63xAny4NjxRNgKnboEp8,Lucky Again,Lykke Li,4
143,34WePpH1av2xmrlU2xUqmQ,Can't Do A Thing,Chris Isaak,5
143,7CUkeiG7QtB7tPU9f8SANS,hand crushed by a mallet,100 gecs,5
143,3iykQUWC6xefpB0NS8NLlp,Boston,Kenny Chesney,4
143,6kn8q1Gzc1G2EBdpW9CnEE,Pinball Wizard - with Orchestra,The Who,5
143,2DlHlPMa4M17kufBvI2lEN,Chop Suey!,System Of A Down,5
143,2f8y4CuG57UJEmkG3ujd0D,NASTY GIRL / ON CAMERA,Gunna,5
143,1MJyiTlVdSLAjI9aclZ3hL,Scott and Zelda,BIBI,4
143,5MUb136to9lnJLfIy5FZKI,優しい彗星,YOASOBI,4
143,6RJdYpFQwLyNfDc5FbjkgV,Stricken,Disturbed,5
143,516v2eji9NjkmsYc9PErx4,Cha Cha,ZEDDY WILL,4
143,67awxiNHNyjMXhVgsHuIrs,Turn Down for What,DJ Snake,4
143,1Ahp4PZ1vzdbzBCedUrsqI,The One,Jorja Smith,4
143,3p84R45PM75ngq8XRoe45o,Nothing Matters,The Last Dinner Party,3
143,2GyA33q5rti5IxkMQemRDH,I Know What You Did Last Summer,Shawn Mendes,4
144,1qPbGZqppFwLwcBC1JQ6Vr,Wonderwall,Oasis,4
144,0ccoGCaOFCxI6pHixrQpKj,Neverender,Justice,4
144,2kdhiombBoiHjvSKG3EI0m,Blue Notes 2 (feat. Lil Uzi Vert),Meek Mill,5
144,3RXUgPNIbUgFxsDWuBQEt6,How It’s Done,HUNTR/X,5
144,2CEf2gU5ZJamLXa3NrgAvA,Desenfocao',Rauw Alejandro,5
144,6YvCWIlMBJgQEm6i0POVbZ,3.5,ian,4
144,488HG8lR11JswT2YgcWGRB,Blue Notes 2 (feat. Lil Uzi Vert),Meek Mill,4
144,61mWefnWQOLf90gepjOCb3,Duality,Slipknot,5
144,2dxjKgT0li4qBI3QwuN9Ih,Touch The Sky,Kanye West,4
144,0zWYyQbeEt30xkOxMWIqoN,Slayer,Bryce Savage,5
144,3FteycP8CaXS1MhjcXekVT,Stop,Spice Girls,5
144,608xszaAxVh4m7NcKJiAbF,One of These Nights - 2013 Remaster,Eagles,4
144,3scptj8Idke3JxqmewOlJ9,Ray Mysterio (feat. Westside Gunn & Conway),The Alchemist,5
144,1ixbwbeBi5ufN4noUKmW5a,Paper Planes,M.I.A.,5
144,2hX8rtWyNxYyaBT64H3LYU,Burn It (feat. MAX),Agust D,4
144,5Z3GHaZ6ec9bsiI5BenrbY,Young Dumb & Broke,Khalid,5
144,5sMEEjviCkH6Rp5X2ZvIIc,Everything is romantic,Charli xcx,4
144,7zsXy7vlHdItvUSH8EwQss,Cold Water,Major Lazer,4
144,7xQAfvXzm3AkraOtGPWIZg,Wow.,Post Malone,5
144,0mROspyBziPHPyxTPFvKaH,God Is A Weapon,Falling In Reverse,5
144,1uigwk5hNV84zRd5YQQRTk,Pocketful of Sunshine,Natasha Bedingfield,4
144,0qMZXgcLfkl5RI3q50KHMH,Dumbest Girl Alive,100 gecs,5
144,6owwZC8gUvrBuygvOHaYXb,Mania De Você,Rita Lee,4
144,1h6kgem1ai8vUgO1rZOwfB,I Don't Like,Chief Keef,5
144,4keclC0eBhQm8lFtYmX01K,4ÆM,Grimes,5
144,3mRM4NM8iO7UBqrSigCQFH,"Stayin' Alive - From ""Saturday Night Fever"" Soundtrack",Bee Gees,3
144,51EpFns3CG9taCMQz6XDom,INVISIBLE,Duran Duran,4
144,1UGD3lW3tDmgZfAVDh6w7r,Devil In A New Dress,Kanye West,5
144,6I86RF3odBlcuZA9Vfjzeq,Eres Mía,Romeo Santos,5
144,45J4avUb9Ni0bnETYaYFVJ,luther (with sza),Kendrick Lamar,5
144,794wvyVcaQpECvWCBQpaTB,*Sobs Quietly*,Mom Jeans.,4
144,0InIeZW4P6VO7dUGRM4AKH,Sienna,The Marías,5
144,79tsuz5Op5KSX58nST1BZT,Dreiton,C418,4
144,1g9GiiPPaL7KcDHlDzu7lT,Au Pays du Cocaine,Geese,4
144,7eWGnKg4B44sbBPpQp4y2c,Dragonball Durag,Thundercat,5
144,2FAZskT9yRjp2Oow9szJD8,The Days - NOTION Remix,Chrystal,4
144,5jE48hhRu8E6zBDPRSkEq7,All About That Bass,Meghan Trainor,4
144,4lIxdJw6W3Fg4vUIYCB0S5,Style,Taylor Swift,4
144,2UAWVtEwFLJqdJsT8FCzKX,Flashed Junk Mind,Milky Chance,3
144,04aAxqtGp5pv12UXAg4pkq,Centuries,Fall Out Boy,4
144,1cKHdTo9u0ZymJdPGSh6nq,I Was Never There,The Weeknd,4
144,5Z9KJZvQzH6PFmb8SNkxuk,INDUSTRY BABY (feat. Jack Harlow),Lil Nas X,5
144,2t7B8DDBgLbMcYVMTo8vd5,Seven Minutes in Heaven,Mindless Self Indulgence,5
144,69phA1R4gmQsBFRQ3INW8C,ONE CALL,Rich Amiri,5
144,0TOQQZVCZdMFMxzHT6WEtD,La Pantera,Marcos Villalobos,4
144,3cHyrEgdyYRjgJKSOiOtcS,Timber,Pitbull,5
144,5UWwZ5lm5PKu6eKsHAGxOk,Everlong,Foo Fighters,4
144,1fJFuvU2ldmeAm5nFIHcPP,First Date,blink-182,5
144,4eNnMvUrSu2TRpySjVC0Pv,Superbeast,Rob Zombie,5
144,4V9iVvsPL5cEQCxSYGBM88,We not like you,Nettspend,5
144,5Z01UMMf7V1o0MzF86s6WJ,Lose Yourself,Eminem,5
144,3PgcvLwiKyWeyCuUDpqbkk,Human Attire,Clarion,3
145,608gR8geDwag74CiyseUsH,HEAVY LOVE,Odetari,5
145,6sIMSl1n3KDPr03Fw8mujd,Next Lifetime,Erykah Badu,4
145,5TbDM1PBTyODDCTGEoDCxL,Carnival,The Cardigans,4
145,0LAcM6I7ijW4VVW0aytl1t,One (Remastered),Metallica,3
145,2gwkD6igEhQbDQegRCcdoB,Suge,DaBaby,5
145,62bOmKYxYg7dhrC6gH9vFn,Bye Bye Bye,*NSYNC,5
145,0rmGAIH9LNJewFw7nKzZnc,You Give Love A Bad Name,Bon Jovi,5
145,21IYMdzTrzSe191Cy5eMap,Sailor Song,Gigi Perez,4
145,55Am8neGJkdj2ADaM3aw5H,Train Wreck,James Arthur,4
145,0t2QiRkpag0fAgs9zuCPlH,Disparate Youth,Santigold,5
145,6epn3r7S14KUqlReYr77hA,Baby,Justin Bieber,5
145,5Cc0Pe8p7c2OJxMj07ywvc,Strangers,Ethel Cain,4
145,0cahtHEywK64NSWqm2SDTi,Help I'm Alive,Metric,4
145,6grFWYpLQul3nAHjzzPKT8,Old Man,Neil Young,4
145,3bidbhpOYeV4knp8AIu8Xn,Can't Hold Us (feat. Ray Dalton),Macklemore,5
145,1nFtiJxYdhtFfFtfXBv06s,Something In The Way,Nirvana,4
145,0i4qKfuKJ3juUsEwnJAxk3,"Ready, Steady, Go!",Harry Styles,5
145,4Q5LWPIKCuV6LRdDeqOYM7,Pretty In Possible,Caroline Polachek,4
145,5eStu4K63j7t3ZWGGUKR7X,Starstruck,Santigold,5
145,6ZAuQOgLrNQb9s7BXheuTy,Sue me,Audrey Hobert,5
145,3Z0qLOS0cqWKPHXkbTXmNF,Gilded Lily,Cults,5
145,7GVvj4zJNVuBJSl6StEfn5,Only A Fool Would Say That,Steely Dan,4
145,4feXcsElKIVsGwkbnTHAfV,Somethin' Stupid,Frank Sinatra,3
145,1ixbwbeBi5ufN4noUKmW5a,Paper Planes,M.I.A.,5
145,35ISBknsCeZQtq66xABI9g,Messy,Lola Young,5
145,4e76Ss3ji7HQZ4qwcPNkNA,MIENTRAS DUERMES,Junior H,4
145,3CObdifmIZWdZn4kPSbMCT,El Perdedor,Enrique Iglesias,4
145,3EYOJ48Et32uATr9ZmLnAo,Roxanne,The Police,4
145,5RmC5yrwoedDmlRKTL8tQp,Tried And True,Ween,4
145,0YHhpW8PnU0WNuAKAVuM70,Piss up a Rope,Ween,5
145,3AhXZa8sUQht0UEdBJgpGc,Like a Rolling Stone,Bob Dylan,3
145,2f2bUlgbvWizHPuhnoJEMs,We Want Mickey (I Want Candy),Julie Griffin,4
145,6KtLECDztnah63TNmV4Plw,Wish You Were Here,Incubus,5
145,2RTLIQRc8yogHh08waQDVa,I Know It's Over,Jeff Buckley,4
145,4Xtlw8oXkIOvzV7crUBKeZ,Rompe,Daddy Yankee,5
145,2RUhtNBh43RtSg0WBPPq3m,Naive,The Kooks,5
145,3ZtATjifj77MvRJbJQYJIt,Kick It,NCT 127,5
145,6VhuP99TE6gYNQRJIlAWFD,Until I Found You,Stephen Sanchez,4
145,4GvPlSOKfN7aXEuGW8zKUx,GOSSIP (feat. Tom Morello),Måneskin,5
145,1T0CdfKPKb1gJi4vCKpZ9C,I Talk To The Wind,King Crimson,4
145,4Ub8UsjWuewQrPhuepfVpd,Pompeii,Bastille,4
145,1MgEZRmIQ3DEmQYT9Gv7MM,Why Do You Let Me Stay Here?,She & Him,4
145,3h9124hfEaxR5gQHKOO3ym,Journey,Calmly,5
145,1w4JPzTHAcMdAGzDLzXCjF,Milk,Jack Stauber's Micropop,4
145,4FEr6dIdH6EqLKR0jB560J,Rosemary,Deftones,4
145,0AoNT5b3YYf28IIq6pGojV,Daisies,Black Gryph0n,4
145,6Ts5zvNORCcfLG7K5etvuA,DUH!,P1Harmony,5
145,4TRUsIZw92IhJjAtxtiC4e,Lift Off,JAŸ-Z,4
145,2EKL77lwxvo615Ga7VjEUl,him all along,Gunna,5
146,5AGQSF0ytihJyt96K5vW9d,Heartbeat,Childish Gambino,4
146,6tZdL3Zp8JgrfDbsSeSV1S,You Really Got Me,The Kinks,3
146,5IgjP7X4th6nMNDh4akUHb,Under The Influence,Chris Brown,5
146,5FZxsHWIvUsmSK1IAvm2pp,Best of You,Foo Fighters,5
146,2H1047e0oMSj10dgp7p2VG,I Gotta Feeling,Black Eyed Peas,4
146,35zkqY6kIGshmm8HhE3eSi,38 Baby,YoungBoy Never Broke Again,4
146,1D0QeY6vwnZcbiM6iBYYSj,Love Like Ghosts,Lord Huron,4
146,3439OLNIeD3y68kVuoZUO5,"Girls, Girls, Girls",Mötley Crüe,5
146,0ZRU3O6kVY8CgtYFYwjH4m,All The Things She Said,t.A.T.u.,4
146,3utisM1p90YUtH7yjXyrrY,Raydar,JID,5
146,3WibbMr6canxRJXhNtAvLU,B.O.B. - Bombs Over Baghdad,Outkast,5
146,5RhxBpoCwX2vLBcSJzYa5j,Round & Round,Selena Gomez & The Scene,4
146,3LmlegS3av5opwiIMVDbgI,Liquorice,Azealia Banks,5
146,4WFgvKVfEhb3IUAFGrutTR,Love Me Not,Ravyn Lenae,4
146,0gEyKnHvgkrkBM6fbeHdwK,Linger,The Cranberries,4
146,2Iu15Xr1bSM6cP6WyZNtDT,I like to touch people,Audrey Hobert,4
146,73CMRj62VK8nUS4ezD2wvi,Set Fire to the Rain,Adele,4
146,6RM6SBmaiv1ouUxh9nmQLj,Easter Pink,fakemink,5
146,4xXs19rQjd2qxa9OT5stfP,Milky Way,Ethan Feather,5
146,0AUvWawuP0ibk4SQ3sIZjk,Daisy,Ashnikko,4
146,0w3Mfe4PIVjuFjJbe3OlYv,8am in Charlotte,Drake,4
146,6snoOAATGyud5oaIT9gwws,The Happy Song,Imogen Heap,4
146,78bsqObGFUD5ntweePBhIY,Van Horn,Saint Motel,5
146,2qOm7ukLyHUXWyR4ZWLwxA,It Was A Good Day,Ice Cube,5
146,0lYBSQXN6rCTvUZvg9S0lU,Let Me Love You,DJ Snake,4
146,6quGF3Kvzd5WYEEuCmvCe1,"World, Hold On - FISHER Rework",Bob Sinclar,5
146,1TfqLAPs4K3s2rJMoCokcS,Sweet Dreams (Are Made of This) - 2005 Remaster,Eurythmics,5
146,3wGXyJGsCf1myH5MooQIqE,The Race,Tay-K,5
146,7gUpO6td4OOnu0Lf9vhcIV,Lights - Single Version,Ellie Goulding,5
146,5WbfFTuIldjL9x7W6y5l7R,Kingston,Faye Webster,5
146,4G8gkOterJn0Ywt6uhqbhp,Radioactive,Imagine Dragons,4
146,6GtX0jaNL8IjVQfrDBx81z,Bullet With Butterfly Wings - Remastered 2012,The Smashing Pumpkins,4
146,0a4MMyCrzT0En247IhqZbD,Hype Boy,NewJeans,4
146,0fMSB7zNZiaqQ44hDlzzsf,Launched,Korea Girl,5
146,4i0HNuFEH6P6K4UnsY5uUh,Blue Valentine,NMIXX,5
146,6NTCshSoJFNO35tFYZKiiY,So What?,Jane Remover,4
146,77q9G0H5wnXlT9OWm1QXTc,Blow Me,fakemink,3
146,6Y16szIjrhu91wNbHTDqhX,take me by the hand,Oklou,5
146,6q4zA7hWKFF6wsJ64DWdwU,Amor de Siempre,Cuco,5
146,3Blg6ZTHUJwPxP5CgUPvD8,Egg Beater,Royel Otis,5
146,6Ts5zvNORCcfLG7K5etvuA,DUH!,P1Harmony,4
146,1VGeBBGNjnscSsWToLV8cJ,Joy,Santana,5
146,5KyOUICJIvO0z71MBdPGiX,BOUNCY (K-HOT CHILLI PEPPERS),ATEEZ,5
146,1HDaENkQhUMm16pjdxZvHn,Please Forgive Me,Bryan Adams,4
146,2pB49wD5LpB8gYmqOIybTC,Runaway,AURORA,5
146,3ZgkHyoKfNMcHTXC0X1qQj,Cloud 9,Beach Bunny,5
146,4BM8yJ0PzBi2ZewpMTOxtx,Fernando,ABBA,4
146,04a44cx2PJthIbN2aLMXhl,TIT FOR TAT,Tate McRae,4
146,7B5Npv8NjjTCzk8PLpU66h,Love In The Dark,Adele,5
146,2DBlfjL5chsdeULzhTp5K8,Waiting Room,Fugazi,5
146,59hVbgr8rfYkDbHfr8RcGI,IRIS OUT,Kenshi Yonezu,5
146,1aKvZDoLGkNMxoRYgkckZG,Magnetic,ILLIT,5
146,1ObS8I1dTlxdYM59TsZAmi,Days,Ravyn Lenae,3
146,2t7B8DDBgLbMcYVMTo8vd5,Seven Minutes in Heaven,Mindless Self Indulgence,5
146,3rjM7GhxdVq1YySsHBs21i,Animals,Nickelback,5
146,7hKUH1NXQXOt6bQjHhRZQg,Princess,Feng,5
146,09ttHg3ZNVgDlYBZa1ZBw0,Starburster,Fontaines D.C.,4
146,1yTQ39my3MoNROlFw3RDNy,Say You'll Be There,Spice Girls,4
146,5g7uidL6cVNS7GxcCAXa19,Days,The Drums,3
146,5RKQ5NdjSh2QzD4MaunT91,Don't Stop Believin' (2022 Remaster),Journey,3
146,6gXrEUzibufX9xYPk3HD5p,Life in the Fast Lane - 2013 Remaster,Eagles,4
146,3AspYFTkJFk9lXyaa2xxjW,Gimme Chocolate!!,BABYMETAL,5
147,7ppPZa3TRUSGKaks9wH7VT,Don't Look Back In Anger,Oasis,3
147,6C2nVSSeXNqfoY8t6tliZ4,jeans,2hollis,5
147,4dc3j2N9wh8H7EcidQV3p8,11:11,Devi McCallion,4
147,7h2nmmoWDi2UpfYKLKWLYB,Sunflower,Rex Orange County,5
147,11VwZwNF29HrqwalYUMitb,Pale Blue Eyes,The Velvet Underground,5
147,0UzhQhSjlIiNHqozH0tKHl,Voodoo People,The Prodigy,5
147,3BdHMOIA9B0bN53jbE5nWe,Blue Light,Mazzy Star,4
147,7vpGKEUPrA4UEsS4o4W1tP,Amor de Que,Pabllo Vittar,4
147,0kdqcbwei4MDWFEX5f33yG,Bling-Bang-Bang-Born,Creepy Nuts,4
147,1XleasuIaliwmvxQ2EUhtq,Neon Kitchen,Devon Hendryx,5
147,7pdmBld4yW3WIUkrxHyb5r,Northern Sky,Nick Drake,4
147,4ltqfN12ohaVZdM6C45gMg,American Teenager,Ethel Cain,5
147,65krtHkaYLPr0mEbjL61UP,Kiss of Life,Sade,5
147,4iZxeyibg6w4EFCOoAQ6Eh,What You Know,Two Door Cinema Club,4
147,0JiY190vktuhSGN6aqJdrt,So What,P!nk,4
147,5fdhThPDe6jQQDqCyWrdAn,Jolene,Dolly Parton,4
147,1GCbc1vpkZA2zhjsSFhmHT,Fuck You,Lily Allen,5
147,2d8JP84HNLKhmd6IYOoupQ,Trap Queen,Fetty Wap,4
147,3agtg0x11wPvLIWkYR39nZ,Somewhere I Belong,Linkin Park,5
147,6t7WriKgVszATnrdBKSUAf,Just One Day,BTS,4
147,1Y373MqadDRtclJNdnUXVc,Paranoid - 2012 - Remaster,Black Sabbath,5
147,4Yqy0GpeDEXLibWJCZyQew,Kickstart My Heart,Mötley Crüe,4
147,1jYiIOC5d6soxkJP81fxq2,"I'm the One (feat. Justin Bieber, Quavo, Chance the Rapper & Lil Wayne)",DJ Khaled,3
147,2Lhdl74nwwVGOE2Gv35QuK,Cupid's Chokehold / Breakfast in America,Gym Class Heroes,3
147,3avYqdwHKEq8beXbeWCKqJ,Last Friday Night (T.G.I.F.),Katy Perry,5
147,0YVh3SyU4dS7jOWIFQ1tTf,LET THE WORLD BURN,Chris Grey,4
147,3nHuKdFJZm78CoeBnDcFKe,Bad Dreams,Teddy Swims,4
147,7ogpGbKc4Io6NCU6ydxXwZ,FEVER DREAM,Alex Warren,4
147,1SVhTS4l0sLFsP2Abme05l,Just Us (feat. Doja Cat),Jack Harlow,5
147,6zOg9gP62RJSsKFeOBAgvH,"Only You (feat. The Notorious B.I.G., Ma$e) - Bad Boy Remix",112,3
147,3ee8Jmje8o58CHK66QrVC2,SAD!,XXXTENTACION,5
147,5M1YHV0Elt7gRVbqBH2CUS,Home,Bassvictim,5
147,1Cbl3Yq8rHo7hhDQmLQagU,PUSH 2 START,Tyla,5
147,09zjfT7hie7d6OaCXTjZXX,(Interlude) Press Start - L.I.V.E. In São Paulo (Live Immersive Virtual Experiment),Bring Me The Horizon,4
147,66z5CuZkqkb18VhFTRwbZk,Hard To Choose One,Future,4
147,5g7uidL6cVNS7GxcCAXa19,Days,The Drums,4
147,6XHNIbru8xGohLzHNgxQvF,Forever Young - 2019 Remaster,Alphaville,4
147,5uCax9HTNlzGybIStD3vDh,Say You Won't Let Go,James Arthur,4
147,1MoA0TNVdveasxnR6c2JqZ,Jackie Down The Line,Fontaines D.C.,3
147,1JLn8RhQzHz3qDqsChcmBl,I Want to Know What Love Is - 1999 Remaster,Foreigner,3
147,181ez25DOmzsYfFtyHNK1x,when the world end,Lil Darkie,5
147,0cahtHEywK64NSWqm2SDTi,Help I'm Alive,Metric,5
147,1OXO0Onox9F26Pp732HnsI,2 Baddies,NCT 127,4
148,3h9124hfEaxR5gQHKOO3ym,Journey,Calmly,4
148,1yX9gy5fK02j6nBnGJ1S3k,Sweet Dreams (feat. Miguel),j-hope,4
148,4lIAPwAU6R8PAy2WhykC4i,#menow,fromis_9,4
148,3gmcDVzsWcnLJyxpwOkMJq,Your Love,She Wants Revenge,5
148,63LVYnGJmWjNnmHiOVsGhe,Iron Maiden,Ghostface Killah,3
148,2RkZ5LkEzeHGRsmDqKwmaJ,Ordinary,Alex Warren,4
148,2OZVUfl8K0Ijw32bUf1fG4,What Do You Want from Me Tonight?,Sidney Gish,4
148,7DTlsMOQjGysXHpwwpHuPl,Lifestyle,Rich Gang,4
148,5u6y4u5EgDv0peILf60H5t,Oye Como Va,Santana,5
148,44AyOl4qVkzS48vBsbNXaC,Can't Help Falling in Love,Elvis Presley,3
148,1qlTeIhNofXvNYy4appFOC,Rein raus,Rammstein,4
148,0AoNT5b3YYf28IIq6pGojV,Daisies,Black Gryph0n,4
148,2IRZnDFmlqMuOrYOLnZZyc,Going Bad (feat. Drake),Meek Mill,5
148,5KONnBIQ9LqCxyeSPin26k,Trumpets,Jason Derulo,4
148,7cpfn7H6WjSJseUyRacfUE,The Summer Ends,American Football,5
148,11hEwcy9LMEvzAlOYAFhkK,"not a lot, just forever",Adrianne Lenker,4
148,2x2olWuWXpqjoeE4bO1NFS,Never Lose Me,Flo Milli,5
148,5kXeXtMN1uqNXYoqJllQJU,Back 2 Da Basics,Summrs,5
148,7glKwbR1DyuIuE6XvZvJbQ,#3,Aphex Twin,4
148,4wCmqSrbyCgxEXROQE6vtV,Somebody That I Used To Know,Gotye,4
148,4QgMnTz4ceedQI3Ex6YkBT,King of Carrot Flowers Pt. 1,Neutral Milk Hotel,5
148,100Tm6z29RfHTdUQ6NIs0s,Me Voy,Julieta Venegas,4
148,3xKTpGCsafXzV4muM1Hpl3,Let Go,Frou Frou,3
148,5nNpVC9AC6DWgrT5RX0e0b,Hopelessly Devoted To You,Olivia Newton-John,3
148,6jG2YzhxptolDzLHTGLt7S,Drunk in Love (feat. JAY-Z),Beyoncé,3
148,3oNQ6NkihVzQkV5qhk2Pbe,Something About You,Eyedress,5
148,6q4zA7hWKFF6wsJ64DWdwU,Amor de Siempre,Cuco,5
148,42VsgItocQwOQC3XWZ8JNA,FE!N (feat. Playboi Carti),Travis Scott,5
148,1pr9TZGOXeJUggIal1Wq3R,Blind,Korn,4
148,6M1lGjZRnXL4vZvY0p3kTv,Turn To Dust,Wolf Alice,3
148,7K8XoQXZBffc4xG2xIQHMO,Rock That Body,Black Eyed Peas,5
148,0eDwzWuy2gf1RJzqWl0dkF,Something So Strong,Crowded House,5
148,7Kxir3VuFzvFDDsrUXuISf,not anywhere,alexgoffline,4
148,0XgbVlxJfHKLcnDSdf5774,Noise,Cody Johnson,4
148,6qqrTXSdwiJaq8SO0X2lSe,Ordinary,Alex Warren,5
148,452KBpASS5lZLeJWX9Ixub,Jailhouse Rock,Elvis Presley,3
148,2iUXsYOEPhVqEBwsqP70rE,Youngblood,5 Seconds of Summer,5
148,2N3U8uTYhjX2KwGT0pf5x0,"Everyday (feat. Rod Stewart, Miguel & Mark Ronson)",A$AP Rocky,5
148,2BndJYJQ17UcEeUFJP5JmY,Paradise Circus,Massive Attack,4
148,1I4xuytDJx2ykIWLx8bhOp,i don't want to ask your father or anything,salvia palth,5
148,7j31rVgGX9Q2blT92VBEA0,Teenagers,My Chemical Romance,4
148,5fbQCQt91LsVgXusFS0CCD,Disorder - 2007 Remaster,Joy Division,3
148,1Tr4K5MU5XYE44umXGDndd,Once in a Lifetime,Talking Heads,4
148,22W6wI4hDTjMAYKKBQW9dU,D-Day,Agust D,5
148,58RDwkonFMOkoytBtIQetc,Love You to Death,Type O Negative,4
149,4ISmCP4vmCPTW02dgh5rYN,The Smooth Kind,Larry June,4
149,6pmZMP2ET1OJi5rKfLO8jD,3:15,Bazzi,5
149,0O4sIQ728ugLlwBVaxF8UM,"Kokomo, IN",Japanese Breakfast,4
149,4RY96Asd9IefaL3X4LOLZ8,In Da Club,50 Cent,4
149,5QJuMhGWTUB4t9BqR7ndL3,Make Me Your Queen,Declan McKenna,4
149,3wogsSWyEEu5eVgLqUqySF,La Mentira,Luis Miguel,5
149,11M8c9SHQYpd8DOrmcu25k,Beg for You (feat. Rina Sawayama),Charli xcx,5
149,0rmGAIH9LNJewFw7nKzZnc,You Give Love A Bad Name,Bon Jovi,4
149,2Ud3deeqLAG988pfW0Kwcl,All My Friends,LCD Soundsystem,5
149,63xdwScd1Ai1GigAwQxE8y,Let's Stay Together,Al Green,4
149,4yXKLDrHYrffSVmQOFdbDA,Scott Pilgrim vs. My GPA,Mom Jeans.,4
149,3y2Y3Bc6GDxAWAMIpbW7RU,Into the Groove,Madonna,5
149,166u1Cs46FmXoOaTGxh8aB,Out Of Control,Hoobastank,4
149,14gdERIqymApVn9vcsbmZ3,Never Be Like You (feat. Kai),Flume,4
149,2HvuyQEnKR82zwfIuCBaWH,Caso Sério,Rita Lee,4
149,5veJDT0MLsLbhYsx42GXUD,Don't Stand So Close To Me,The Police,5
149,4koGF4vd2AV8pF7R3TVBVq,West End Girls,Pet Shop Boys,4
149,1EJIcDYXwSqipW5dFe4uJz,EVERY CHANCE I GET (feat. Lil Baby & Lil Durk),DJ Khaled,5
149,5oady7OSE7dH7LHiqmb3Cr,"Dreams, Fairytales, Fantasies (feat. Brent Faiyaz & Salaam Remi)",A$AP Ferg,3
149,0b9oOr2ZgvyQu88wzixux9,This Is America,Childish Gambino,5
149,5PUvinSo4MNqW7vmomGRS7,Blurred Lines,Robin Thicke,4
149,1O9D7P7Z1wMJXW19zTXrXi,Go Away,Weezer,4
149,6jG2YzhxptolDzLHTGLt7S,Drunk in Love (feat. JAY-Z),Beyoncé,3
149,0am001WwFBVGDGLwRh3ixi,Rather Be (feat. Jess Glynne),Clean Bandit,5
149,6qNB2ChCVPepl5ZjVJJTUW,STUPID (feat. Yung Baby Tate),Ashnikko,5
149,5tFDgH6do20IXdSoNBAmXK,I Should Have Cheated,Keyshia Cole,3
149,6dBUzqjtbnIa1TwYbyw5CM,Lovers Rock,TV Girl,5
149,4pvb0WLRcMtbPGmtejJJ6y,exile (feat. Bon Iver),Taylor Swift,3
149,3i3bvqktOJ88p7zqbaeTRk,Grok!,Autumn!,5
149,60nZcImufyMA1MKQY3dcCH,"Happy - From ""Despicable Me 2""",Pharrell Williams,5
149,3gjRRs7gmh3Euynu1cau1d,This December,Ricky Montgomery,5
149,5RmC5yrwoedDmlRKTL8tQp,Tried And True,Ween,4
149,7soJgKhQTO8hLP2JPRkL5O,One Call Away,Charlie Puth,4
149,1BSTT3sbQ1MVVacApHilK9,Feeling For You,Milky Chance,4
149,5BKKy9fIJL5uM9fz1SnqyP,Chicago,Michael Jackson,5
149,37ApccN7IgSrnuDYMbRNHU,Faço Acontecer,NandaTsunami,5
149,7ovUcF5uHTBRzUpB6ZOmvt,アイドル,YOASOBI,4
149,4mQtXW0vrHC3oTkA1mQsb0,Operator (That's Not the Way It Feels),Jim Croce,4
149,5VGlqQANWDKJFl0MBG3sg2,Use Somebody,Kings of Leon,4
149,1gXIOLjnh36fww7bdZ1NhK,Mice on Venus,C418,2
149,1hZSUavyxPq5oo0jOGBRSn,2 Fa 2,Glokk40Spaz,4
149,47xKMQCtAn2C4hL9h5EvQy,Get Used to It,Ricky Montgomery,5
149,6MtKObWYda2qnNIpJI21uD,Pursuit Of Happiness (Nightmare),Kid Cudi,4
149,65OVbaJR5O1RmwOQx0875b,Wants and Needs (feat. Lil Baby),Drake,5
149,1AJHaJFNM2Q4UpJ1fG1bIi,Ssx,The Hellp,5
149,327yGshtQlY2EER4LUAUBh,Heaven's Here on Earth,Tracy Chapman,3
149,2GyA33q5rti5IxkMQemRDH,I Know What You Did Last Summer,Shawn Mendes,4
149,16Ah4QqH4mgYVXqfC4mdSd,LUV,Tory Lanez,4
149,2y4lAQpi5VTNLu2ldeTdUH,We Can't Stop,Miley Cyrus,3
149,6SNGzhVrisdq63Ndz58ovT,Luv (sic),Nujabes,4
149,1vLqigPHwiFnXsfrLMehV1,Espresso,Sabrina Carpenter,4
149,1Bq65xKgu0kjSUMUlfWyPl,Transmission - 2020 Digital Remaster,Joy Division,5
149,62bOmKYxYg7dhrC6gH9vFn,Bye Bye Bye,*NSYNC,5
149,2VSNcIG1cSDoa9VJXwyBMK,WIRED,Basement,5
149,3xpdefOloYCBXd3UR6MVyM,Turn the Lights Off,Tally Hall,4
149,6kZqCqD1r08sJAQ1TjuEpM,Never Meant,American Football,4
149,50ARYbP5bKUn4YVKZIEfbS,EX,P1Harmony,4
149,6l8T96kpkx6RY9kFac7eMU,Blondie,Current Joys,4
149,5cQU9P6Ak8rJ9Cwy3gHd1k,Home Alone,Glokk40Spaz,5
149,5ubvP9oKmxLUVq506fgLhk,Stayin Alive,Bee Gees,4
149,1VLtjHwRWOVJiE5Py7JxoQ,Martin & Gina,Polo G,4
149,4y3l1Qk130C1ebtgIGxltq,Spaced Out,Young Nudy,5
149,6E1YebXpPPtujMUljDNlOo,Kerosene,Crystal Castles,5
149,03ThZweiBWFP8tOGsk6QMO,Russian Cream,Key Glock,4
149,4tGbZjNFJLPTtw5CAwRjUP,soulless,sosocamo,4
149,1gZ7i4qxXkHZb1r6eioaAP,Don't Cha,The Pussycat Dolls,4
149,3LrpT732y9nK2EZqjjEiox,Cookie Jar (feat. The-Dream) - STRESSed out Remix [STRESSed Out Remix],Gym Class Heroes,4
149,0lRnxwJeUOxwEvWMw4uQKj,Think About Us,Sonny Fodera,5
149,54bm2e3tk8cliUz3VSdCPZ,Master of Puppets (Remastered),Metallica,3
149,4rugSJgsPQ1KlbWYZnoEsa,KEHLANI (REMIX) [feat. Kehlani],Jordan Adetunji,4
149,7nDXmx3FuyeX7FI7PFl2iX,The Wisp Sings,Winter Aid,4
150,0COqiPhxzoWICwFCS4eZcp,Bring Me To Life,Evanescence,4
150,33ZOUzkmTrwfA1TsW6421d,Honey,Disco Lines,4
150,1Q1b8eVkUPGlpSArl8JAVw,Heart of Gold - 2009 Remaster,Neil Young,5
150,2P3SLxeQHPqh8qKB6gtJY2,Poetic Justice,Kendrick Lamar,5
150,15lV6FJ46eb756jcKTGp7p,Love Generation,Bob Sinclar,5
150,3kUHIvjJ8p9UzeaeeqHkfg,The Fall-Off is Inevitable,J. Cole,3
150,3fRIuTih8bzc0vtY9fHhvF,Talento De Televisión,Willie Colón,3
150,1PxKsGzQcmiwDHvA9ig5gv,Witchy (feat. Childish Gambino),KAYTRANADA,4
150,7qEHsqek33rTcFNT9PFqLf,Someone You Loved,Lewis Capaldi,4
150,41G5oiNumgRbt8fNZfncnN,Here I Am,The Hellp,5
150,7aKe0HwSETaLXjsgDnWJup,27,Kerchak,5
150,2xxjQg2hh2Rjm7EY9OhZXY,Agony,Yung Lean,3
150,1BxfuPKGuaTgP7aM0Bbdwr,Cruel Summer,Taylor Swift,4
150,7ghKr0pCYyPPyp7t1FH8k4,Les,Childish Gambino,3
150,08PdFBcXzpkn1cWNgmKqhn,Promise,Laufey,4
150,4ykQ18swXrkrrbwsZKxQo7,Old Friends,Pinegrove,5
150,4vLqN0bIxIQjlet2mIMBnx,Ring Ding Dong,SHINee,5
150,3HHTqTM0Bgjs6ABUOwA5Ju,wonder wander,Bella Kay,5
150,2xsTsnA5QOFCnFXdEHGkli,STAY HERE 4 LIFE (feat. Brent Faiyaz),A$AP Rocky,5
150,2cX2coZS1PYBfPs8wgbdWE,More Than A Woman,Bee Gees,3
150,5BXr7hYZQOeRttkeWYTq5S,ASAP,STAYC,5
150,5ruzrDWcT0vuJIOMW7gMnW,The Adults Are Talking,The Strokes,5
150,003FTlCpBTM4eSqYSWPv4H,"Swing, Swing",The All-American Rejects,5
150,0Fs9cdPDhptWEDJmiCbkEW,She Knows (feat. Amber Coffman & Cults),J. Cole,5
150,1kdiiFGX1Htx0aVZYaDwEJ,Tears Don't Fall,Bullet For My Valentine,4
150,2G2YzndIA6jeWFPBXhUjh5,Be My Baby,The Ronettes,4
150,2wGSgTmgSF3xjRrHkTc25R,Hate It Or Love It,The Game,5
150,0eDwzWuy2gf1RJzqWl0dkF,Something So Strong,Crowded House,4
150,1e1JKLEDKP7hEQzJfNAgPl,Magnolia,Playboi Carti,5
150,7falOwHJ9MjskdcNehIh79,Nothing In My Way,Keane,4
150,4RY96Asd9IefaL3X4LOLZ8,In Da Club,50 Cent,4
150,0rWrkMbMzsv3VoHWQ3Gn4I,lovefool demo,wifiskeleton,5
150,7M9pPyt8Gr41THLhbz4NSB,Don't Let Me Be Misunderstood,Nina Simone,5
150,4PAXJNRDrMFHvufmszPyDI,MAKE THE ANGELS CRY,Chris Grey,4
150,64D3dzWyj0GpQT1AHx4kbK,Panic - 2011 Remaster,The Smiths,4
150,6xpDh0dXrkVp0Po1qrHUd8,Adam's Song,blink-182,4
150,0dr0OZdQlpGhQizJSm0gMr,All Hail King Jesus (Live),Bethel Music,4
150,1cKHdTo9u0ZymJdPGSh6nq,I Was Never There,The Weeknd,4
150,5frIKPPZpsKYguxGCKs9xT,migraine,jaydes,5
150,3LtpKP5abr2qqjunvjlX5i,Doja,Central Cee,4
150,61Q9oJNd9hJQFhSDh6Qlap,House Of The Rising Sun,The Animals,4
150,2OMqSRS11ly56zg9u5za6c,Still Waiting,Sum 41,4
150,6xQM5T7xmEpbnuxGeAWL6g,Odyssey,ILLENIUM,5
150,3oiMJQAWVaxSubJ7b2VUtX,Fancy,Iggy Azalea,4
150,1wlKw9NAWVWpx7OIAyg9EA,Fell On Black Days,Soundgarden,4
150,21pySLskKIKrhDziCX5ojQ,When I Grow Up,The Pussycat Dolls,5
150,6RcAHyC5sAUIbPTkhOQwd8,Y LLORO,Junior H,5
150,6px1KhTqAfxdcF6A1JGSpx,Bull In The Heather,Sonic Youth,4
150,1AJHaJFNM2Q4UpJ1fG1bIi,Ssx,The Hellp,5
150,44XPRtWVxzV9F7QcqdF9xU,KISS OF LIFE,Ken Hirai,3
150,6eLQXa6uk2EW8drsiKbABZ,TU SANCHO,Fuerza Regida,4
150,2Z8WuEywRWYTKe1NybPQEW,Ride,Twenty One Pilots,5
150,0PgsB53yhlKs8D19LgYU4i,Se...,Djavan,3
150,3uwnnTQcHM1rDqSfA4gQNz,Cool for the Summer,Demi Lovato,5
150,6E7oFW7xTK6Ghucsq6tMUj,Emergency,Icona Pop,4
150,5xA5MggKc3aQxuOzNzPUWB,Apple Cider,beabadoobee,4
150,4AniPkv5vgdE1n6VKreiyI,Big Girls Don't Cry (Personal),Fergie,4
150,3G9ETaH55bMQx8hwNhAgbU,The Stable Song,Gregory Alan Isakov,4
150,2QdSb68BzZGMgCbsrFmSLc,Higher,Tems,3
150,6FCfj69zzQHnrx4fTukhfo,Bulls on Parade - triple j Like A Version,Denzel Curry,5
150,0KpIXnC0uUnlGZDhwISGzc,Strut,Ayanna Ife,5
150,1OXO0Onox9F26Pp732HnsI,2 Baddies,NCT 127,4
150,4pt5fDVTg5GhEvEtlz9dKk,I WANNA BE YOUR SLAVE,Måneskin,4
151,62eDE0RR8Sgh7yw8ZLeyAM,Ice On My Teeth,ATEEZ,3
151,2UAWVtEwFLJqdJsT8FCzKX,Flashed Junk Mind,Milky Chance,3
151,1BLfQ6dPXmuDrFmbdfW7Jl,A Little Piece of Heaven,Avenged Sevenfold,3
151,5QYUNHT2dQwoNHorXznygN,Army Dreamers - 2018 Remaster,Kate Bush,3
151,3Vo4wInECJQuz9BIBMOu8i,Finesse - Remix; feat. Cardi B,Bruno Mars,3
151,3mFzIFFFmEXTQs6BDAK2ZZ,Dance Me to the End of Love,Leonard Cohen,3
151,1OxL1FWSEd7QmJoWLRP2NO,On My Mind (Jorja Smith X Preditah),Jorja Smith,3
151,2aI21FnmY7TJVKeMaoQZ0t,Say It Right,Nelly Furtado,3
151,15kuqWifv5GzGq3A2P6EbC,"Anthems For A Seventeen Year-Old Girl - From ""I Saw the TV Glow""",yeule,3
151,5mvKuE9Lf9ARVXVXA32kK9,Price Tag,Jessie J,3
151,2ihCaVdNZmnHZWt0fvAM7B,Little Talks,Of Monsters and Men,3
151,36F2K4UDhheP6UWu1rOK9d,Hourglass,Lamb of God,3
151,47gmoUrZV3w20JAnQOZMcO,Blue Suede Shoes,Elvis Presley,3
151,6FZDfxM3a3UCqtzo5pxSLZ,Without Me,Halsey,3
151,7HacCTm33hZYYN8DXpCYuG,I Like It,Enrique Iglesias,3
151,7dJYggqjKo71KI9sLzqCs8,Agora Hills,Doja Cat,3
151,4xqrdfXkTW4T0RauPLv3WA,Heather,Conan Gray,3
151,6Yj8kVuVR3UPxx9r5eFEoV,Miniskirt,AOA,3
151,5BOc5jsPrA7qvjjSTSJ74f,Here I Am,The Hellp,3
151,1jDMi92a9zNQuPD3uPMkla,Fallen Down,Toby Fox,3
151,3LVcKphzONOdQ2EATazlZq,Final Warning,NLE Choppa,3
151,0X2bh8NVQ8svDQIn2AdCbW,Consume (feat. Goon Des Garcons),Chase Atlantic,3
151,2yySWxfeRN2QRZnFMnYMQl,hole in the bottle,Kelsea Ballerini,3
151,7Gk5OrMYaMRtT2JmgJVAfk,Pupila,ANAVITÓRIA,3
151,2AY1UAimvTqjJC8vDJsOyy,Mayores,Becky G,3
151,08PdFBcXzpkn1cWNgmKqhn,Promise,Laufey,3
151,4RAR8g8fZNB106ezUurnE0,Dancing Feet (feat. DNCE),Kygo,3
151,00AAP0UYSQsvVboXEJ3n6h,Voltei Pra Mim,Marina Sena,3
151,6xqCTPxYnRf8X0p6N5Vw2T,Ooh La,The Kooks,3
151,5BXr7hYZQOeRttkeWYTq5S,ASAP,STAYC,3
151,6Ts5zvNORCcfLG7K5etvuA,DUH!,P1Harmony,3
151,0v9Wz8o0BT8DU38R4ddjeH,No Problem (feat. Lil Wayne & 2 Chainz),Chance the Rapper,3
151,0JiY190vktuhSGN6aqJdrt,So What,P!nk,3
151,1Jmqubf9kGkWeYQXQKImL5,People Are Strange,The Doors,3
151,1mvfvDZOybiEgS1ecJxt9W,Somewhere Only We Know,Lily Allen,3
151,7E4qUlNYocWix5FKBdw5CN,OH! TENGO SUERTE,Masayoshi Takanaka,3
151,4absiGHMelB8eH976ytjBj,Evil,Interpol,3
151,38zsOOcu31XbbYj9BIPUF1,Your Song,Elton John,3
151,5WtfUKzXircvW8l5aaVZWT,What A Time (feat. Niall Horan),Julia Michaels,3
151,2ewEh7LuvToYyGHq7yT8N1,Shelter,Porter Robinson,3
151,5floNyItopWZyB4IzKrJtW,トーキョーレギー,Masayoshi Takanaka,3
151,0eEXcw3JLVXcRxYrVYMy68,Electric Relaxation,A Tribe Called Quest,3
151,5SruEBX3KpgpDvEcIuN53P,Baby Steps,Olivia Dean,3
151,3wBeIjb0vtiTwIQPce2stZ,Love Language,TOMORROW X TOGETHER,3
151,5l0uFjA731wPYH8CkR7K1Y,Mood Swings,Pop Smoke,3
151,3JsydWaf2Ev4ehaLUjj3SY,Confident,Justin Bieber,3
151,1v5cgIyffYtfEx0swttdoE,Bring Da Ruckus,Wu-Tang Clan,3
151,43NqTeL8pgBxKHPMiJKUP5,Girl,Myke Towers,3
151,71EHOyEOhNx1SzTebRRyng,Weak,SWV,3
151,5sdQOyqq2IDhvmx2lHOpwd,Super Shy,NewJeans,3
151,5r5cp9IpziiIsR6b93vcnQ,Walking On A Dream,Empire Of The Sun,3
151,2rVa6UVT2f95l3bGcMGCWQ,What Hurts The Most,Cascada,3
151,7EkWXAI1wn8Ii883ecd9xr,Freaks,Surf Curse,3
151,0Yp3wCUpjrG7NWWPDpmQXm,Paranoid (feat. B.o.B),Ty Dolla $ign,3
151,6AknCCsxOsrJ2mkSdCtET1,Agust D,Agust D,3
151,5HQEmiV2lKnSO6qa2fsR7x,I'm Not In Love,10cc,3
151,3clRihex2OF0QQbLctftag,Taxidermy,Clarion,3
151,0c4IEciLCDdXEhhKxj4ThA,Madness,Muse,3
151,3gbBpTdY8lnQwqxNCcf795,Pompeii,Bastille,3
151,6CC5XSjHTTG3X3MmtLjvXx,Golden Brown - Sped Up Version,The Stranglers,3
152,5Pg8MZDBD6sNsnV3miq2jo,Rack,callmestevieray,3
152,3dj4wgM3cPeuLwMNHDuBon,The Door,Teddy Swims,3
152,4mOLsya7jOsaONExOxpryV,Out of Touch,Daryl Hall & John Oates,3
152,2zwmugV2IbUwKq5JgOWEpv,Mary Jane (All Night Long),Mary J. Blige,3
152,1AWQoqb9bSvzTjaLralEkT,Rock Your Body,Justin Timberlake,3
152,4SqWKzw0CbA05TGszDgMlc,I Love You So,The Walters,3
152,5oO3drDxtziYU2H1X23ZIp,Love On The Brain,Rihanna,3
152,7rt7ywY9yekwaYXk2Zt4Q5,Fool,Fitz and The Tantrums,3
152,6IAgarq2wDeYzpsY2Kx0Hw,Almeda,Solange,3
152,13r5JSQ9i1ID0ZqMSDbi4s,"Only You (feat. The Notorious B.I.G., Ma$e) - Bad Boy Remix",112,3
152,63xdwScd1Ai1GigAwQxE8y,Let's Stay Together,Al Green,3
152,0bMoNdAnxNR0OuQbGDovrr,ANTIFRAGILE,LE SSERAFIM,3
152,41IShViF79gmulEkIHAjcb,The Game of Love (feat. Michelle Branch) - Main / Radio Mix,Santana,3
152,398wIEUnHVOnTEMnxOHiY9,God Complex,VIOLENT VIRA,3
152,4pvb0WLRcMtbPGmtejJJ6y,exile (feat. Bon Iver),Taylor Swift,3
152,7xLfmCx9jcZNgzlIK7NupN,Stress Relief,late night drive home,3
152,1Dp7ASSZVVOPJ85VdLpjOX,Seventeen Going Under,Sam Fender,3
152,7eBqSVxrzQZtK2mmgRG6lC,Murder on My Mind,YNW Melly,3
152,2oSpQ7QtIKTNFfA08Cy0ku,It's The End Of The World As We Know It (And I Feel Fine),R.E.M.,3
152,6EsH66Uto1zwZlDGQ6RokU,Forbidden Voices,Martin Garrix,3
152,0JXXNGljqupsJaZsgSbMZV,Sure Thing,Miguel,3
152,7qdFz1dTJqgdVe6NA4F4DP,Beef FloMix,Flo Milli,3
152,1YaVmBh7EAeR54FIjuFcb5,Naturally,Selena Gomez & The Scene,3
152,2wBCrtJS3E3TimRZ5MElTI,The Worst,Jhené Aiko,3
152,22skzmqfdWrjJylampe0kt,Can't Hold Us (feat. Ray Dalton),Macklemore,3
152,6ZDAwdhazkWaqEDk0bj1OU,Slipping Through My Fingers,Declan McKenna,3
152,0ghq9ciZLPrFmlRCIUXgj0,Moby Dick,Jakey,3
152,43z6scIZU2QcEieMQFAJRG,There She Goes,Sixpence None The Richer,3
152,0oufSLnKQDoBFX5mgkDCgR,Trust,Brent Faiyaz,3
152,4w552MI4k7dwPHLjI8YOBy,Love Scars,Trippie Redd,3
152,5JVbvCHX10U2pLa5DEqGav,Safe and Sound,Capital Cities,3
152,7k42ztYdHyKWrKrENxwjkV,Atmosphere - 2020 Digital Remaster,Joy Division,3
152,5u5qlnyVaewWugJIjzilIc,Smokin',Boston,3
152,41bIQPBE1lFN0mmw6Lmssz,21 Questions,50 Cent,3
152,5Wj1rJnCLpMHdLaxsFtJLs,Bennie And The Jets - Remastered 2014,Elton John,3
152,5MUb136to9lnJLfIy5FZKI,優しい彗星,YOASOBI,3
152,4h9wh7iOZ0GGn8QVp4RAOB,I Ain't Worried,OneRepublic,3
152,1D066zixBwqFYqBhKgdPzp,Fergalicious,Fergie,3
152,4zDhFZz6XsyUGFNduYb2nR,A Trophy Fathers Trophy Son,Sleeping With Sirens,3
152,7yq4Qj7cqayVTp3FF9CWbm,Riptide,Vance Joy,3
152,4VUwkH455At9kENOfzTqmF,Beautiful (feat. Camila Cabello),Bazzi,3
152,1yX9gy5fK02j6nBnGJ1S3k,Sweet Dreams (feat. Miguel),j-hope,3
152,3j49aLXWWkbjQyUyvngokI,"LOVE, LOVE, LOVE",Stephen Sanchez,3
152,3yfqSUWxFvZELEM4PmlwIR,The Real Slim Shady,Eminem,3
152,4wEbikMfcSFAukCbbL06si,No Vaseline,Ice Cube,3
152,7MTX3vevnm41xuEoPxWT3j,Year of the Cat,Al Stewart,3
152,467t3218y3yihFcyDGWjr0,Skin,Dijon,3
152,5SHpuW2qjkQtFRpE6P9Nks,The 30th,Billie Eilish,3
152,7lv4SU2ATVjQJp6Jia0x7N,Dark Thoughts,Lil Tecca,3
152,1CdqVF1ywD0ZO1zXtB9yWa,Break Your Heart,Taio Cruz,3
152,4qvUtYRNwmFzfJ2loWkQCH,Vilarejo,Marisa Monte,3
152,4FNFhDMEj39Tf6is8RvZ4A,I Like Ur Look,Kim Petras,3
152,5cZqsjVs6MevCnAkasbEOX,Break Stuff,Limp Bizkit,3
152,3evG0BIqEFMMP7lVJh1cSf,Don't Let Me Down - Remastered 2009,The Beatles,3
152,55lijDD6OAjLFFUHU9tcDm,WHERE IS MY HUSBAND!,RAYE,3
152,5hnyJvgoWiQUYZttV4wXy6,Chasing Cars,Snow Patrol,3
152,7K8XoQXZBffc4xG2xIQHMO,Rock That Body,Black Eyed Peas,3
152,5GKwq4sO5ZHKuWaDmdwMQc,Bad Boy,Red Velvet,3
152,4NiehSBQthimPzRsVeOgCT,My My My!,Troye Sivan,3
152,4wEuNvb7oG8oZYrZPZ9rPr,Me and the Birds,Duster,3
152,3d0WouFnFmr0K3kjeza3fF,Hips Don't Lie (feat. Wyclef Jean),Shakira,3
152,1BZG99C7Co1r6QUC3zaS59,Same Old Love,Selena Gomez,3
152,53uhTsdGotEgrDAJydRSov,27a Pitfield St,Bassvictim,3
153,2LMq1O0NiqGhPOlXo3McYQ,Icky Thump,The White Stripes,3
153,781V2Y5LPtcpgONEOadadE,Get Got,Death Grips,3
153,13toFl1UwJPsRxDiD9jgtn,As,Stevie Wonder,3
153,4O2rRsoSPb5aN7N3tG6Y3v,Northern Attitude,Noah Kahan,3
153,6naxalmIoLFWR0siv8dnQQ,Oops!...I Did It Again,Britney Spears,3
153,2BrzlUj1u1CtvaJDGIKpsP,Make Me (Cry),Noah Cyrus,3
153,4MSj19TwYBLgDFj3ddEeco,Black Friday (pretty like the sun),Lost Frequencies,3
153,5djCX0bDd96N89Ayv5Y8Y2,It's Okay To Cry,SOPHIE,3
153,2pYCyEwJ0xKnWbuQkqNHgp,Love and Happiness,Al Green,3
153,6gXFJfFXak5OWHXh6Raf8H,Desert Rain (feat. Vika Jigulina),Edward Maya,3
153,1wszdDUhlil6EH3SRkmTZL,Embrace,Pastel Ghost,3
153,3zwMVvkBe2qIKDObWgXw4N,right where you left me - bonus track,Taylor Swift,3
153,5geF5xzPGHxpmk9BDBHphZ,We Gotta Get Out Of This Place - UK Single Version,The Animals,3
153,5vtRk4rYxiy4cj95cmJ5Ma,Dramamine,Modest Mouse,3
153,4Aocy7YAyOYf5YHj18Vfj3,Charmander,Aminé,3
153,5RmC5yrwoedDmlRKTL8tQp,Tried And True,Ween,3
153,7jhxagwOk9y1HC5ciRfmkQ,Invincible (feat. Daniel Caesar),Omar Apollo,3
153,3hEfpBHxgieRLz4t3kLNEg,About You,The 1975,3
153,1NiAMp0CzUdG6e97VYRB1a,In the Aeroplane Over the Sea,Neutral Milk Hotel,3
153,2gYTC8DsplN3RNdpdBcCOQ,Die On This Hill,SIENNA SPIRO,3
153,4kNKL8kCCV3vt9U2k28Lyx,Finale,Toby Fox,3
153,1WRzux3cJRM9xRNN99QKgR,M.... She Wrote,Tay-K,3
153,5L7MoCA875qqRJoKnGCxkE,TOMBOY,i-dle,3
153,4VUXAoJESfRV3ceUYtzfpQ,Endlessly,Omar Apollo,3
153,1iEwyiSLAunPR6uouANE0O,El Perdedor,Maluma,3
153,45LwOlqL3HOEQkPjjHpu7U,blade bird,Oklou,3
153,5BKKy9fIJL5uM9fz1SnqyP,Chicago,Michael Jackson,3
153,1PxKsGzQcmiwDHvA9ig5gv,Witchy (feat. Childish Gambino),KAYTRANADA,3
153,3TCauNPqFiniaYHBvEVoHG,Beautiful,Christina Aguilera,3
153,2aGw77pZqli064JiPuXYRi,I'm Like A Bird,Nelly Furtado,3
153,6SluaPiV04KOaRTOIScoff,Show Me Love - Radio Version,Robyn,3
153,2yDQVcj26tpi9IUJhw9xDs,My Eyes Adored You,Frankie Valli,3
153,52vA3CYKZqZVdQnzRrdZt6,The Times They Are A-Changin',Bob Dylan,3
153,69psOP7O7y7QOV0dVisyNk,Midnight Sun - Super Loud,Zara Larsson,3
153,7s8VgA8OjvwBUuigKzEGBx,This Is Home,Cavetown,3
153,6XRjI89oGBRJe0etKtI04L,BOTA,LUDMILLA,3
153,2RlgNHKcydI9sayD2Df2xp,Mr. Blue Sky,Electric Light Orchestra,3
153,4wd09wCccmxUB7XVJp0RNn,"Jesus, Etc.",Wilco,3
153,4QgrmawwnTaHnK3Hbcg3Aa,Kunst,KMFDM,3
153,0Tq7v8YAmwdnAYBwyR1pZ4,"Earth, Wind & Fire",BOYNEXTDOOR,3
153,6MzofobZt2dm0Kf1hTThFz,Diet Pepsi,Addison Rae,3
153,3BdHMOIA9B0bN53jbE5nWe,Blue Light,Mazzy Star,3
153,612bl0KHzyyxEhPzuMqM6e,Golden Brown - Slowed Down Version,The Stranglers,3
153,1WSGTYKLEpKfNQYYW5Oymt,"I Can’t Get Enough (benny blanco, Selena Gomez, J Balvin, Tainy)",benny blanco,3
153,0gY58y9Njc1tsVTu8eMrAy,O Camburão - Ao Vivo,Relespública,3
153,6H3kDe7CGoWYBabAeVWGiD,Gimme Shelter,The Rolling Stones,3
153,0DWdj2oZMBFSzRsi2Cvfzf,TQG,KAROL G,3
153,2aI21FnmY7TJVKeMaoQZ0t,Say It Right,Nelly Furtado,3
153,3sRCesHh424gmCji7Fz9Gm,I Wonder If I Take You Home,Lisa Lisa & Cult Jam,3
153,5jgFfDIR6FR0gvlA56Nakr,Blackbird - Remastered 2009,The Beatles,3
153,7rR1msZYCT2MlrssnJMYgw,Pro: Lov: Ad,Sweet Trip,3
153,6TfBA04WJ3X1d1wXhaCFVT,"You're Gonna Go Far, Kid",The Offspring,3
153,5qdQPrWmZv8xYhMJCDrdHF,Heartache Medication,Jon Pardi,3
153,7dUrhEQguPAglRgnACCzYw,Ponyboy,SOPHIE,3
153,6BJHsLiE47Sk0wQkuppqhr,From the Start,Good Kid,3
153,0puf9yIluy9W0vpMEUoAnN,Bang Bang,Jessie J,3
153,0q1NTsO5b93R97JdQxtFGx,THAT’S A NO NO,ITZY,3
153,2zYBRyHAy6dv1wb53JXFD7,Laputa,Panchiko,3
153,7BgyWwbbybJr2IbQoI1gzH,Stevie Doesn't Wonder,Hotel Ugly,3
153,31TVho4kOuAeRmLYGIEuWn,TGIF,GloRilla,3
153,12hVQgYR254ZziANtiKVWQ,Hatchback,Cochise,3
153,5zCJvrT3C7cIfHsR5iG95l,Lean on Me,Bill Withers,3
153,2dono2Koz7DEvGwxUsmMLq,Linger - SiriusXM Session,Royel Otis,3
153,3aAnwyBJY9OLNLqSgd4fZU,Deja Vu,TOMORROW X TOGETHER,3
153,0V2passWyAXnON67kfAj7y,ABCD,NAYEON,3
153,6I86RF3odBlcuZA9Vfjzeq,Eres Mía,Romeo Santos,3
153,5g0afUZsh5hiXBOT3eXuwd,Set The Fire To The Third Bar,Snow Patrol,3
153,22hh7XuHzMYw7u6uqS4xcE,The Internet is Where We Met,Kempachii,3
153,0HDHY6RSHHG2ZTE0cMT4GJ,Los Infieles,Aventura,3
153,5A7ldx7fFEEsHvl5XEnGUA,Winter Snakes,Joy Again,3
153,4pteEcX2rHSJXK8XSOtWP8,To Love,Suki Waterhouse,3
153,0lRnxwJeUOxwEvWMw4uQKj,Think About Us,Sonny Fodera,3
153,3yOlyBJuViE2YSGn3nVE1K,My Oh My (feat. DaBaby),Camila Cabello,3
153,0nwygFtUBQiDA9iFIrZGR9,bing bong,bbno$,3
153,7qshYIOUFQAGgYfWXg1m9N,Velvet Ring,Big Thief,3
153,2tpfxAXiI52znho4WE3XFA,Talking Body,Tove Lo,3
153,3ibGmT0ZC3ywCKfQ6xVBnf,IMNOTYOURBOYFRIENDBABY,3OH!3,3
153,0u8rZGtXJrLtiSe34FPjGG,Like Crazy (English Version),Jimin,3
153,13lZDbwonGhOflQLQIfdtZ,We're Going to Be Friends,The White Stripes,3
154,0uQhDYHyoZe5DpncrPolb6,LAS NOCHES,Junior H,3
154,5FZxsHWIvUsmSK1IAvm2pp,Best of You,Foo Fighters,3
154,3NqCEpT8xsHdzpiRlM1kpS,Through Da Storm,Polo G,3
154,5BUTPG0Csnl1fF5RFg5lUH,How To Teleport,Jane Remover,3
154,4Ic6LC7I1xNPK1eLrX0qY8,you can't eat cats kevin,Mom Jeans.,3
154,0dgZLS9ZtrMVEzZqezmkmy,27,Title Fight,3
154,6I9VzXrHxO9rA9A5euc8Ak,Toxic,Britney Spears,3
154,5uZm7EFtP5aoTJvx5gv9Xf,Jungle,A Boogie Wit da Hoodie,3
154,7JmJp9PARHAgJIo4Fd0kUl,Know My Name,Snow Strippers,3
154,7FUNGlYkniRH0qhSHWU5HK,Like A Virgin (Glee Cast Version) (feat. Jonathan Groff),Glee Cast,3
154,0MSTxF501TyzjuRTHZz46g,DON'T YOU LIE,Offset,3
154,5iAE3uBqaZm9aHUx9yy6a0,KATAMARI,femtanyl,3
154,2mWfVxEo4xZYDaz0v7hYrN,Juna,Clairo,3
154,78bsqObGFUD5ntweePBhIY,Van Horn,Saint Motel,3
154,469RmLzEsicj8VSn9aIuKV,Cool,Gwen Stefani,3
154,3RznzRnsl8mzP63l4AF2M7,Dream Sweet in Sea Major,Miracle Musical,3
154,3v5TVqzUKg2n8bEmzsfryU,reprise,salvia palth,3
154,38xXr3MkiKNzNDv4JDJagF,$20,boygenius,3
154,1H5N26VqHR4JhuaRKY2I0u,Heaven Knows I'm Miserable Now - 2011 Remaster,The Smiths,3
154,6WK9dVrRABMkUXFLNlgWFh,Enjoy the Silence,Depeche Mode,3
154,51rfRCiUSvxXlCSCfIztBy,"I Love You, I'm Sorry",Gracie Abrams,3
154,66Ae3p10Em3KdTaM787Ptx,this is what heartbreak feels like,JVKE,3
154,3Gdb4inHtK8UT1MyswIXla,Always a Relief,The Radio Dept.,3
154,4jPy3l0RUwlUI9T5XHBW2m,Mood (feat. iann dior),24kGoldn,3
154,6fKIyDJHZ9m84jRhSmpuwS,Sun Bleached Flies,Ethel Cain,3
154,3QxKpdTB8ZSFn8MGeCCpsQ,Crazy,Aerosmith,3
154,4eqajlNmGZTmwUxd0BIBSH,What A Beautiful Name,Hillsong Worship,3
154,57Xjny5yNzAcsxnusKmAfA,Reptilia,The Strokes,3
154,4w3tQBXhn5345eUXDGBWZG,9 to 5,Dolly Parton,3
154,7wfOwy1NErjzBYRf1HnDPb,Talk 2 Me,54 Ultra,3
154,18d1pubaNYUpaKIeSoxPFA,The Sick,Bella Kay,3
154,1TE8AAk9koG0UJco6ZAUfx,Rock and A Hard Place,Bailey Zimmerman,3
154,73scB4Q4fcOmnsBVZPmk32,Si Antes Te Hubiera Conocido,KAROL G,3
154,57kR5SniQIbsbVoIjjOUDa,You Know You Like It,DJ Snake,3
154,2FTeQQ5Rg9tBpgpTF5mnhE,Still Think About You,A Boogie Wit da Hoodie,3
154,4NJqAk406Ro7MGxXsYRMaZ,Angelina,Pinegrove,3
154,2Lumsra3kuU61wXkEKzKaK,Disco,Surf Curse,3
154,026wpXkLAjImiWOzzcJBHj,Good Looking,Suki Waterhouse,3
154,0ofHAoxe9vBkTCp2UQIavz,Dreams - 2004 Remaster,Fleetwood Mac,3
154,37vVp2sWHuuIBOSl1NswP6,i'm yours,Isabel LaRosa,3
154,5ohfpKB5tt275f4Y4lQ9F7,Angel Of Death,Slayer,3
154,3oNQ6NkihVzQkV5qhk2Pbe,Something About You,Eyedress,3
154,4Xtlw8oXkIOvzV7crUBKeZ,Rompe,Daddy Yankee,3
154,1SAkL1mYNJlaqnBQxVZrRl,Baby Got Back,Sir Mix-A-Lot,3
154,2ejSYn4SfoE07mXPlnYVED,Ama Um Maloqueiro,Rafa e Junior,3
154,3aHkbJXFYpPrup2K8wvDOV,We Still in this Bitch (feat. T.I. and Juicy J),B.o.B,3
154,762B4bOcXF7I2Y8UlKTyTy,Chiquitita,ABBA,3
154,4c2xt1trwYZpMqPWY35Xi9,Jaded,Drake,3
154,7yoXY59Fon8io1k2lir2z3,Dog Tag freestyle,Bassvictim,3
154,2o2xhyri4aJUtgMGkf5P0J,Lisboa,ANAVITÓRIA,3
154,0zo5H2QWXCkarmPSK2KJvH,Something Good Can Work,Two Door Cinema Club,3
154,0DWdj2oZMBFSzRsi2Cvfzf,TQG,KAROL G,3
154,3KxVQPuy6nYpm3lnAc6j37,Galice,Dean Blunt,3
154,5eqK0tbzUPo2SoeZsov04s,Bank Account,21 Savage,3
154,1yvMUkIOTeUNtNWlWRgANS,Unstoppable,Sia,3
154,2BndJYJQ17UcEeUFJP5JmY,Paradise Circus,Massive Attack,3
154,1XD4K4CGAKTIBmFpvuaFru,Dancing with your eyes closed,Jane Remover,3
154,1c5CllrZr45UBhWpIqM332,Funny Thing,Thundercat,3
154,7CUkeiG7QtB7tPU9f8SANS,hand crushed by a mallet,100 gecs,3
154,4KROoGIaPaR1pBHPnR3bwC,Pink Moon,Nick Drake,3
154,1xxKHsbfPc2xzGLpEXpt55,20201203,Mac DeMarco,3
154,2MLHyLy5z5l5YRp7momlgw,Island In The Sun,Weezer,3
154,0hta2Lb2zKJ7kEnAEZEE3G,Nope your too late i already died,wifiskeleton,3
154,6Szgu8v7CAapag3XuuJX0b,Too Well,Reneé Rapp,3
154,6bxUnsSGZCmoHHU5auwtps,Beware,Big Sean,3
154,6andWFPbmPzbgdKcEamIq9,Your Mother's Name,Susannah Joffe,3
154,2cEnKRR4dYBB2VA1mjlb1z,Nevada,YoungBoy Never Broke Again,3
154,5xrtzzzikpG3BLbo4q1Yul,LILAC,IU,3
154,6ls5ulRydoPE7oWGPGBqFA,Lonely,Akon,3
154,6AknCCsxOsrJ2mkSdCtET1,Agust D,Agust D,3
154,5OuJTtNve7FxUX82eEBupN,Tommy's Party,Peach Pit,3
154,0ErK6K0kYr0Ow2RkPMhmMs,Shout Out to My Ex,Little Mix,3
154,3PBFvQMIbEe2nT569OyI9w,"Kapitel 8.2 - Der Tote vom Maschsee (Hannover-Krimis, Band 1)",Susanne Mischke,3
154,1xzsEmaU4IXjvxxwQlA8Lz,Crimewave,Crystal Castles,3
154,51YZAJhOwIC5Gg3jMbAmhZ,For Whom The Bell Tolls (Remastered),Metallica,3
154,17YNmMy03QLPirmBzWxFa6,(dream),salvia palth,3
154,0JKGe340YJwfDrpXqPQ8sw,Daechwita,Agust D,3
154,76Ku9OBFK1NjMylR8r4WLK,Gang Baby,NLE Choppa,3
154,710B9xFjNOisQtKtppZE9p,Black No. 1 (Little Miss Scare -All),Type O Negative,3
155,0aD8W0ChzDgEKpB1zsJ8zv,Crystal Blue Persuasion,Tommy James & The Shondells,3
155,10V8XpuyMoEcSMfM79WDET,Living Dead Girl,Rob Zombie,3
155,2ZRo7axmMPeSVUvDbGkJah,Hope,XXXTENTACION,3
155,2dgCHhgB4zsvKB8qcjHF7i,JAM !,BETWEEN FRIENDS,3
155,5QJuMhGWTUB4t9BqR7ndL3,Make Me Your Queen,Declan McKenna,3
155,4IadxL6BUymXlh8RCJJu7T,Too Sweet,Hozier,3
155,6rW8q1p2GCjGMRAlnxBeo7,Hang With Me,Robyn,3
155,0mROspyBziPHPyxTPFvKaH,God Is A Weapon,Falling In Reverse,3
155,4nVBt6MZDDP6tRVdQTgxJg,Story of My Life,One Direction,3
155,2pA4ip3VIEVcIa3qE02oAX,"10,000 Emerald Pools",BØRNS,3
155,5BsGmbPJyupA70FlD7NtbS,Luxury,Azealia Banks,3
155,0CbESIyx34Usxoy7emUEBd,All These Things I Hate (Revolve Around Me),Bullet For My Valentine,3
155,1VuBmEauSZywQVtqbxNqka,Beautiful Day,U2,3
155,5c1QJAiC3773EwiZLwHf5x,Again,Lenny Kravitz,3
155,4BP3uh0hFLFRb5cjsgLqDh,Fortunate Son,Creedence Clearwater Revival,3
155,4o05DiC0RQ9DNtGJGauwna,Queen of Mean,Sarah Jeffery,3
155,5Lu0RsvwyI37fzUAjIb6RL,Stay With Me,Nessa Barrett,3
155,4tqcoej1zPvwePZCzuAjJd,Wet Dreamz,J. Cole,3
155,37qlkp5VImuuYcXZI6aiam,#thatPOWER,will.i.am,3
155,3A02hWQ2ebOFDWSbAMNnpw,bittersweet,Madison Beer,3
155,0k9JIBszlCqCa4SpXI353F,BIRDS,Turnstile,3
155,4DhTBCvoemYivBVHkk7RKI,Cafuné,Micro TDH,3
155,4pt5fDVTg5GhEvEtlz9dKk,I WANNA BE YOUR SLAVE,Måneskin,3
155,3zb6SWbtSON0DGs7xPibeY,"Fine, Great",Modern Baseball,3
155,7cjoZVmWe2xsGR4wcXiV2v,What You Saying,Lil Uzi Vert,3
155,1cOyWWUr3oXJIxY0AjJEx9,YOUTH,Troye Sivan,3
155,3v5o91PrUtf0nmO6j8J7dZ,LEFT RIGHT,XG,3
155,41IShViF79gmulEkIHAjcb,The Game of Love (feat. Michelle Branch) - Main / Radio Mix,Santana,3
155,2PljnVsnl2PRwCvfhbdQup,Plan B,Megan Thee Stallion,3
155,18GiV1BaXzPVYpp9rmOg0E,Blowin' in the Wind,Bob Dylan,3
155,3AoEQRuFf8zVXWqSLo2UOi,CRAZY,LE SSERAFIM,3
155,0fVL6EBaQ2X12qQLiFgyg2,You Owe Me,Malcolm Todd,3
155,1RkJs3Tyq9kbtrc01uWw2v,Reunion,Korea Girl,3
155,6dRAAG4sB71NAtVCHJep7s,Send the Pain Below,Chevelle,3
155,10AgTGL39iIHuDGBEqBni8,HUNTING FOR YOUR DREAM! - TV Size,GALNERYUS,3
155,1MgEZRmIQ3DEmQYT9Gv7MM,Why Do You Let Me Stay Here?,She & Him,3
155,5mtTAScDytxMMqZj14NmlN,love.,wave to earth,3
155,5HiSc2ZCGn8L3cH3qSwzBT,러시안 룰렛 Russian Roulette,Red Velvet,3
155,2o2hrOq3vuQh8jmyx5eST6,Point in My Life,Gucci Mane,3
155,3clIHVzJ9J2rvvrFUKLICo,She Bangs the Drums - Remastered 2009,The Stone Roses,3
155,4UQijskfH7GRycjz77buzW,Yummy - Righteous Remix,Ayesha Erotica,3
155,1KDYN3odJHnj9pqGHN3FVs,My Body,Young the Giant,3
155,14XWXWv5FoCbFzLksawpEe,Riders on the Storm,The Doors,3
155,6Ko6VLnveSju6IZiwONLTt,Baby Blue,King Krule,3
155,65lIGCfW59BxcEJnnIOCq3,Who You Are,Jessie J,3
155,1f5cbQtDrykjarZVrShaDI,Drowning (feat. Kodak Black),A Boogie Wit da Hoodie,3
155,6MAev6g8Vz8UF7QfFlb6JD,White Blank Page,Mumford & Sons,3
155,7uv632EkfwYhXoqf8rhYrg,Angel,Massive Attack,3
155,2oSpQ7QtIKTNFfA08Cy0ku,It's The End Of The World As We Know It (And I Feel Fine),R.E.M.,3
155,6Yj8kVuVR3UPxx9r5eFEoV,Miniskirt,AOA,3
155,4KlL5Bwlm4yHYxr0B2rHci,Heal,Tom Odell,3
155,0nj9Bq5sHDiTxSHunhgkFb,squabble up,Kendrick Lamar,3
155,0PDUDa38GO8lMxLCRc4lL1,PILLOWTALK,ZAYN,3
155,1auxYwYrFRqZP7t3s7w4um,Ni**as In Paris,JAŸ-Z,3
155,3HylLGErIQEIuJgHovdHio,EAST LA,will.i.am,3
155,0eKyHwckh9vQb8ncZ2DXCs,With Arms Wide Open,Creed,3
155,2ENexcMEMsYk0rVJigVD3i,Only Girl (In The World),Rihanna,3
155,5hTpBe8h35rJ67eAWHQsJx,Caroline,Aminé,3
155,6U0FIYXCQ3TGrk4tFpLrEA,SUGAR,BROCKHAMPTON,3
155,14qNHvX8h6HoynFuV0RxWS,Far Away (feat. A$AP Rocky),Yebba,3
155,5RFtsabobtfrzWzDEpJrI2,Jingle Bells,Super Simple Songs,3
155,54bm2e3tk8cliUz3VSdCPZ,Master of Puppets (Remastered),Metallica,3
155,5BDo6TzD8q0oNtqhhXU3nx,Do It,underscores,3
155,1WSGTYKLEpKfNQYYW5Oymt,"I Can’t Get Enough (benny blanco, Selena Gomez, J Balvin, Tainy)",benny blanco,3
155,5Qy6a5KzM4XlRxsNcGYhgH,6 Foot 7 Foot,Lil Wayne,3
155,3iA4foXIFpekwHyma7pRs1,Overkill,Men At Work,3
156,11M8c9SHQYpd8DOrmcu25k,Beg for You (feat. Rina Sawayama),Charli xcx,3
156,2u7mxWSeoqTXndK5e08jMp,Nowadays (feat. Landon Cube),Lil Skies,3
156,61Q9oJNd9hJQFhSDh6Qlap,House Of The Rising Sun,The Animals,3
156,0LdIVAcALGjlmKnwN36WMg,Fall Back,Lithe,3
156,6kcHg7XL6SKyPNd78daRBL,Sweet Talk,Saint Motel,3
156,2DQ1ITjI0YoLFzuADN1ZBW,No Limit,G-Eazy,3
156,0Ui05Ov0s4PnRc4JI3Pilg,My Favourite Game,The Cardigans,3
156,2zvDnNLW4yZ4a0YcGiOEBX,GOOBA,6ix9ine,3
156,42VsgItocQwOQC3XWZ8JNA,FE!N (feat. Playboi Carti),Travis Scott,3
156,6mapJIPnQ23RTAevUoE0DL,Swang,Rae Sremmurd,3
156,2ZqTbIID9vFPTXaGyzbb4q,Neva Play (feat. RM of BTS),Megan Thee Stallion,3
156,1wNspyFiI1E9YGhJzz3AoO,SLOWDIVE,Turnstile,3
156,64sn7wgJfeQKY3Jisnl59w,Tuesday's Gone,Lynyrd Skynyrd,3
156,4hBW3h6FnQNh7NRmyxLLG7,Valerie - Cover of Mark Ronson feat. Amy Winehouse,Glee Cast,3
156,1Oi2zpmL81Q0yScF1zxaC0,"Bills, Bills, Bills",Destiny's Child,3
156,5Bpc360LNUScK53FrM8nvB,Hole in the Earth,Deftones,3
156,4qG7hWhljsqqENL5PaLA2z,Let The Light In (feat. Father John Misty),Lana Del Rey,3
156,6q4zA7hWKFF6wsJ64DWdwU,Amor de Siempre,Cuco,3
156,27L8sESb3KR79asDUBu8nW,Stacy's Mom,Fountains Of Wayne,3
156,3lWtkjh2tstrANQyNchyK1,Time Machine,Miracle Musical,3
156,0nbXyq5TXYPCO7pr3N8S4I,The Box,Roddy Ricch,3
156,6L3VWDPDTQkQFkqvmpAUMU,Something to Believe In,Young the Giant,3
156,10AgTGL39iIHuDGBEqBni8,HUNTING FOR YOUR DREAM! - TV Size,GALNERYUS,3
156,7a86XRg84qjasly9f6bPSD,We Are Young (feat. Janelle Monáe),fun.,3
156,2XPxacir3WoMtJ2pbTd240,24 Hours,Sky Ferreira,3
156,4AZk9awBXJRVaLS7gOsaMO,Talk Down,Dijon,3
156,0V8FYVlBFuXXTIvRnMbZyS,The Climb,Miley Cyrus,3
156,5l0uFjA731wPYH8CkR7K1Y,Mood Swings,Pop Smoke,3
156,3DzlR0kXE6shimFVhSwI4A,Trouble on My Mind,Pusha T,3
156,0uiHiwJzQvWLTETzEZRxFG,Co-Star,Amaarae,3
156,141hcjVM8lNPxi4wjNLgdX,I Want,Mk.gee,3
156,6nzXkCBOhb2mxctNihOqbb,Bad Girls,M.I.A.,3
156,7htt7UuxHL5wneOcMWJP5E,Take On Me - MTV Unplugged,a-ha,3
156,7lrhugjSbiImrNSLIFIq0c,Not,Big Thief,3
156,0uQhDYHyoZe5DpncrPolb6,LAS NOCHES,Junior H,3
156,3cJSJTrEKNfm1TmoswErkW,Happy Birthday,Stevie Wonder,3
156,6QgjcU0zLnzq5OrUoSZ3OK,Feel It Still,Portugal. The Man,3
156,4HW5kSQ8M2IQWZhSxERvla,Spice Girl,Aminé,3
156,6otiaV2fagE3s8IvP6WkwG,I'm Just a Kid,Simple Plan,3
156,3URTzK0Qv13ppTwsQNtDtk,Go Crazy,Leslie Odom Jr.,3
156,05oETzWbd4SI33qK2gbJfR,Rhiannon,Fleetwood Mac,3
156,1gooIGZGh22TOPqaogU9bs,Love Lost,Mac Miller,3
156,6974s3EIddg6dK8U7ycAMR,READY TO FLY,Masayoshi Takanaka,3
156,2SGBEDwsOAOAHrrdAd304i,She Moves In Her Own Way,The Kooks,3
156,5hVghJ4KaYES3BFUATCYn0,EARFQUAKE,"Tyler, The Creator",3
156,5FZxsHWIvUsmSK1IAvm2pp,Best of You,Foo Fighters,3
156,3kUHIvjJ8p9UzeaeeqHkfg,The Fall-Off is Inevitable,J. Cole,3
156,2RtOnuOdBiecnBoX8x9uoO,When I'm Thinking About You,The Sundays,3
156,1qA7crrPzO702kDZgRAhyk,HOTEL LOBBY (Unc & Phew) - A COLORS SHOW,Quavo,3
156,3HGwI9qwq5XqBDeZBV3zti,World Hold On (Children of the Sky) - Radio Edit,Bob Sinclar,3
156,4qS2KPWvsQzLvRa9oCHw41,You (feat. Travis Scott),Don Toliver,3
156,5Wj1rJnCLpMHdLaxsFtJLs,Bennie And The Jets - Remastered 2014,Elton John,3
156,0JiY190vktuhSGN6aqJdrt,So What,P!nk,3
156,6GNBpdqvyzEGUTOFmjz2MV,Euphoria,late night drive home,3
156,3bg2qahpZmsg5wV2EMPXIk,Forever Young,David Guetta,3
156,7H5Bv8j9chJ4CWTuoXF4EK,Different Species (feat. Gunna),Offset,3
156,3kc4WVsSWOqTE3jtPH94io,Two Occasions,The Deele,3
156,5CCr8msaN3MhgqBoa9yWhH,Boy's a liar Pt. 2,PinkPantheress,3
156,3d8zIv577en5PxwwAzadN2,Untrust Us,Crystal Castles,3
156,2WdAV1VqmllcEznKlVOFxG,Paris in the Rain,Lauv,3
156,0YUrjFy4qFKOO5NhM9tYdV,Locked Up,Akon,3
156,42UBPzRMh5yyz0EDPr6fr1,Manchild,Sabrina Carpenter,3
156,3XQY8kDjI8LARMIC9xkxQk,Hard in Da Paint,Waka Flocka Flame,3
156,75zIfJpcYFYHSBMVlmdiYc,Slow Dancing in a Burning Room,John Mayer,3
156,5fVZC9GiM4e8vu99W0Xf6J,How to Save a Life,The Fray,3
156,5e9TFTbltYBg2xThimr0rU,The Chain - 2004 Remaster,Fleetwood Mac,3
156,5xeSd4HgzrYpNLEf3LfYLK,WHATCHU KNO ABOUT ME (feat. Sexyy Red),GloRilla,3
156,6brl7bwOHmGFkNw3MBqssT,So Sick,Ne-Yo,3
156,2IO7yf562c1zLzpanal1DT,Gasoline,Halsey,3
156,4eTIe5eqds88bA9ua6p5p6,Fine Again,Seether,3
156,6tXnRSvuNgOq4QcxpIN54r,Weather With You,Crowded House,3
156,1Qdnvn4XlmZANCVy3XjrQo,Show Me How to Live,Audioslave,3
156,4xVmPboqdKG78mkqZ0sn1m,What You Know Bout Love,Pop Smoke,3
156,2CnjDMdpRjlWv04Xk3s6MW,Robin,Taylor Swift,3
156,4wDgL9CFL7ee8Z7gwQCXJW,At Home,Slow Pulp,3
156,66dQdXAbtuPdSasezCQVZE,SUMMER,BROCKHAMPTON,3
156,0ghq9ciZLPrFmlRCIUXgj0,Moby Dick,Jakey,3
156,6rjuKpPydT2SxN15TZpV7r,500lbs,Lil Tecca,3
156,56hYeuutlZO5Pkm99FzLCW,Get Free,Major Lazer,3
156,7KXjTSCq5nL1LoYtL7XAwS,HUMBLE.,Kendrick Lamar,3
157,6andWFPbmPzbgdKcEamIq9,Your Mother's Name,Susannah Joffe,3
157,6ToM0uwxtPKo9CMpbPGYvM,Break on Through (To the Other Side),The Doors,3
157,2vfPsGhqMbqmhjMGQ52dYf,Locket,Crumb,3
157,2SGWuJ7lQGhLCsTdK7Ur2I,Pet,xaviersobased,3
157,00kIWJu9IHiQ6i0qJAU0Z9,Amor Completo,Mon Laferte,3
157,3wBeIjb0vtiTwIQPce2stZ,Love Language,TOMORROW X TOGETHER,3
157,1L5tZi0izXsi5Kk5OJf4W0,Rehab,Amy Winehouse,3
157,5XWlyfo0kZ8LF7VSyfS4Ew,Drama,aespa,3
157,4kCkgD1ITALBjzBwGsf6tW,wgft (feat. Burna Boy),Gunna,3
157,4wO2JlPZw72Xlu6dGUW4Ce,Pushing It Down and Praying,Lizzy McAlpine,3
157,4LJhJ6DQS7NwE7UKtvcM52,What's My Age Again?,blink-182,3
157,1ZozJfi8u9cO2Ob8KwiwNT,Higher,Creed,3
157,7mDKRYiqejoHzP7dQGxLys,212,Azealia Banks,3
157,2MfrET7Nc3StKQcGoZKqr9,"21st Century Schizoid Man - Including ""Mirrors""",King Crimson,3
157,11ZulcYY4lowvcQm4oe3VJ,Slumber Party (feat. Princess Nokia),Ashnikko,3
157,39exKIvycQDgs4T6uXdyu0,Harmony Hall,Vampire Weekend,3
157,41TXadM22OIJY04xSW9iuv,collage,Gunna,3
157,6t6oULCRS6hnI7rm0h5gwl,Some Nights,fun.,3
157,6uWp8yAt8dN5ZaT7REJ6RV,Jaded,Green Day,3
157,3HylLGErIQEIuJgHovdHio,EAST LA,will.i.am,3
157,2Ejyg4CavumEr7lFUkk9aF,Rendezvous (feat. Yeat),Don Toliver,3
157,2hOLXSlqiVH3im0oCPoMa5,TWICE SONG,POOKIELUV,3
157,0NaUT74rJ0NHS62fewzatU,I LOVE YOU HOE (w/ 9lives),Odetari,3
157,5zwwW9Oq7ubSxoCGyW1nbY,Pink Venom,BLACKPINK,3
157,4gRA0i5sxx3jAhHaVjPnUN,Use Me,Bill Withers,3
157,1mKXFLRA179hdOWQBwUk9e,Just Give Me a Reason (feat. Nate Ruess),P!nk,3
157,166u1Cs46FmXoOaTGxh8aB,Out Of Control,Hoobastank,3
157,7h2nmmoWDi2UpfYKLKWLYB,Sunflower,Rex Orange County,3
157,3QaPy1KgI7nu9FJEQUgn6h,WILDFLOWER,Billie Eilish,3
157,0BKXZkU8oGad58MyTFyFXu,Blunt Blowin,Lil Wayne,3
157,7uzmGiiJyRfuViKKK3lVmR,Mine,Bazzi,3
157,7EySX8ldJHoeWjJhJyZ8Tq,Si Tú Me Quisieras,Mon Laferte,3
157,0ee1DiZF94NSqqpG0XHUzH,Livin' On A Prayer,Bon Jovi,3
157,1zwMYTA5nlNjZxYrvBB2pV,Someone Like You,Adele,3
157,3M8FzayQWtkvOhqMn2V4T2,Lean on Me,Bill Withers,3
157,1WSGTYKLEpKfNQYYW5Oymt,"I Can’t Get Enough (benny blanco, Selena Gomez, J Balvin, Tainy)",benny blanco,3
157,2HBtd9MYDd2xDVu8Zc6pwt,GUMMO,6ix9ine,3
157,3gdPwk2wyOXNRnTA1KXnEr,Wish You The Best,Lewis Capaldi,3
157,1TfqLAPs4K3s2rJMoCokcS,Sweet Dreams (Are Made of This) - 2005 Remaster,Eurythmics,3
157,2UQWW8rhNJo5tBt77LnbZH,I Need You,Lynyrd Skynyrd,3
157,7HKxTNVlkHsfMLhigmhC0I,Call Me,Blondie,3
157,67awxiNHNyjMXhVgsHuIrs,Turn Down for What,DJ Snake,3
157,2EqlS6tkEnglzr7tkKAAYD,Come Together - Remastered 2009,The Beatles,3
157,39shmbIHICJ2Wxnk1fPSdz,Should I Stay or Should I Go - Remastered,The Clash,3
157,5gmv3BgePSYiHnPJgY7oTJ,Home,LCD Soundsystem,3
157,2yySWxfeRN2QRZnFMnYMQl,hole in the bottle,Kelsea Ballerini,3
157,7x8dCjCr0x6x2lXKujYD34,The Pretender,Foo Fighters,3
157,3M0lSi5WW79CXQamgSBIjx,Swim,Chase Atlantic,3
157,3LmvfNUQtglbTrydsdIqFU,We Belong Together,Mariah Carey,3
157,7w6PJe5KBPyvuRYxFkPssC,No More Tears,Ozzy Osbourne,3
157,664gdARxaClFsoF5SXKOws,Here,Alessia Cara,3
157,56pHllZT7QOacB0bP56ofx,Chasing Pavements,Adele,3
157,7gSZkeBr9Koc9Rfm3pp769,Sweet Heat Lightning,Gregory Alan Isakov,3
158,12oxsGACfwMozi4nK9noGQ,Suffocation,Crystal Castles,3
158,51miVHNUDJK0EvAkwGnYQQ,Wake Up,Jeremih,3
158,03xX7PPVdCNzjlj4K4ftiz,Wok & Minute Maid,Loe Shimmy,3
158,2bl81llf715VEEbAx03yvB,Close To You,Gracie Abrams,3
158,6IdyYbGg1jxiWhfwm2Ykjn,Jaded,Spiritbox,3
158,4It00tEYLwpjQtAhqnjCPC,Beez In The Trap,Nicki Minaj,3
158,1BDRKVuooLvqayamtAEV4z,Need 2,Pinegrove,3
158,5nJ9WqiiVz9Rz6a2xLhHlZ,"Star Spangled Banner - Live at The Woodstock Music & Art Fair, August 18, 1969",Jimi Hendrix,3
158,0OMNQyneWmmZtTQpULYJcl,It's Oh So Quiet,Björk,3
158,0b4TKuvZ4eJ8eHgJgXaCnN,Two-Way Mirror,Loathe,3
158,4WmB04GBqS4xPMYN9dHgBw,Day One (Interstellar Theme),Hans Zimmer,3
158,53mNFIZypKLnQlQyw3DKAo,Too Late,Shankz,3
158,13lZDbwonGhOflQLQIfdtZ,We're Going to Be Friends,The White Stripes,3
158,26fZwf1ImE4aUJ4XaqOkUg,No One Like You,Scorpions,3
158,5dD0YyAhGmLmBgVYn2QB8f,2,Dean Blunt,3
158,1oAwsWBovWRIp7qLMGPIet,Apocalypse,Cigarettes After Sex,3
158,6KS5iyM4uDuJ6oAacMSXha,Princess Going Digital,Amaarae,3
158,75c2zaSdDBSX0A8Jyvm4fO,older,Isabel LaRosa,3
158,0JX23XA8E7aN1Chj32kgVn,Spitting Off the Edge of the World,Yeah Yeah Yeahs,3
158,7BgyWwbbybJr2IbQoI1gzH,Stevie Doesn't Wonder,Hotel Ugly,3
158,27qC3KK5wjQzyNenY53fep,F1,Hans Zimmer,3
158,03VzAAMs5PrLM42XR7ijuc,Pussy Liquor,Rob Zombie,3
158,7GxaIFqvSXvAg18ai8i0gT,Girls' Generation,Girls' Generation,3
158,1WIZiOuNO3woKfdlSK2gNn,Transportin',Kodak Black,3
158,3Ua0m0YmEjrMi9XErKcNiR,Like Crazy,Jimin,3
158,5Qnrgqy1pAm9GyNQOgyVFz,Fourth of July,Sufjan Stevens,3
158,0vLwL4xuJ3s7SeaCdvMqkY,Call Me,Blondie,3
158,67vrmPygrZ9giGqHUSReAT,Accordion,Madvillain,3
158,4y3l1Qk130C1ebtgIGxltq,Spaced Out,Young Nudy,3
158,3BWXNAPGGWhCJwsOFolnBB,Delulu,KiiiKiii,3
158,2NPxL1QqPrD1a7OLHjVcAP,I Can,Nas,3
158,5o7QnDznQZOHvtPZ2he6wE,Turbo,Glokk40Spaz,3
158,7k42ztYdHyKWrKrENxwjkV,Atmosphere - 2020 Digital Remaster,Joy Division,3
158,72sfmdpuO5r8cBDgs7MqZZ,UNDERSTAND,keshi,3
158,1auX4gkGe7hbrOH0BXdpV4,Firestarter,The Prodigy,3
158,2NyrXRn4tancYPW6JwtTl2,From The D To The A (feat. Lil Yachty),Tee Grizzley,3
158,4F8xzq2XQ82zMBypnQ3gvB,Clap Snap,Icona Pop,3
158,1LepWHpwtahzEQL0vNjpEt,Just The Way You Are,Milky,3
158,02sy7FAs8dkDNYsHp4Ul3f,Soda Pop,Saja Boys,3
158,0t2QiRkpag0fAgs9zuCPlH,Disparate Youth,Santigold,3
158,6yl8Es1tCYD9WdSkeVLFw4,You Shook Me All Night Long,AC/DC,3
158,5gHeUcDVjnDda7TABO9RYv,Dig Up Her Bones,Misfits,3
158,5OjCsHeByDYEGxMrb1z8KQ,Flying Whales,Gojira,3
158,51TG9W3y9qyO8BY5RXKgnZ,Symphony Of Destruction,Megadeth,3
158,4Sfa7hdVkqlM8UW5LsSY3F,Take a Walk,Passion Pit,3
158,0sci7ppTZFm4mjcH3nu8yO,nasty,Ariana Grande,3
158,286mFeYjBJ9fkioaIzaxoN,PDA,Interpol,3
158,086myS9r57YsLbJpU0TgK9,Why'd You Only Call Me When You're High?,Arctic Monkeys,3
158,6OiRh4kttAs1YWglvTcYkB,Alrighty Aphrodite,Peach Pit,3
158,3huV7eiNpaQlCB3LbZi9bB,Bad Habit,The Kooks,3
158,2BndJYJQ17UcEeUFJP5JmY,Paradise Circus,Massive Attack,3
158,3Ck96jIZdVzpWbbZ6mojsE,Mykonos,Fleet Foxes,3
158,3nJYcY9yvKP8Oi2Ml8brXt,Right Hand Man,Lin-Manuel Miranda,3
158,3SBhQh5X7tO8ejCMUdjSRu,Pandora,Wisp,3
158,6y6jbcPG4Yn3Du4moXaenr,idfc,blackbear,3
158,6fjl6Ekn2hE7U9TLJ8teY0,Some Protector,ROLE MODEL,3
158,25CMmGsl22APKhfuj4Tp7j,It's Been Awhile,Staind,3
158,3Oha4ppBoqoRQ0GkIJ5CVI,Future Tripping,Hilary Duff,3
158,0aVd7QiY8BstysHb62c5Fi,seasons,wave to earth,3
158,0NMC6aezcf1GItgscoiQCO,JPEGULTRA! (feat. Denzel Curry),JPEGMAFIA,3
158,0xta6Gah3inmeHbj0e3F9a,Headshots (4r da Locals),Isaiah Rashad,3
158,4RAR8g8fZNB106ezUurnE0,Dancing Feet (feat. DNCE),Kygo,3
158,100Tm6z29RfHTdUQ6NIs0s,Me Voy,Julieta Venegas,3
158,1tmRlF5pFo8G5OfJYUjWrR,Touch-Tone Telephone,Lemon Demon,3
158,2b7zdV4i5vEaRlZAkiIAR5,Falling Apart,Slow Pulp,3
158,0tyR7Bu9P086aWBFZ4QJoo,Monsters (feat. blackbear),All Time Low,3
158,047fCsbO4NdmwCBn8pcUXl,Marvins Room,Drake,3
158,51HiIbv8gO0HvwpmAxXAFe,Sleep to Dream,Fiona Apple,3
158,4Y8vb1uy9IjM2V1hqvrAid,You'll Be In My Heart,Phil Collins,3
159,6FOpPA0a80RuBqqgDozvja,So Far Away,Staind,3
159,16x4zrgor3ewwEbPgSrTAB,Creep,Stone Temple Pilots,3
159,0M9ydKzuF3oZTfYYPfaGX1,Bad and Boujee (feat. Lil Uzi Vert),Migos,3
159,57nNNkgk768QVXq3uHxu5e,Ways to Go,GROUPLOVE,3
159,2d8JP84HNLKhmd6IYOoupQ,Trap Queen,Fetty Wap,3
159,46clCWv55EyW1ZlOl796It,Cinderella,Remi Wolf,3
159,100Tm6z29RfHTdUQ6NIs0s,Me Voy,Julieta Venegas,3
159,4BnrGx9tWNF8aiXl1UhDBa,One Beer,MF DOOM,3
159,2fZ00UKwotKWzHPGdNtdK9,No. 9,YoungBoy Never Broke Again,3
159,1H5A1GNZUv4eUf1t9RFdid,Magic,Olivia Newton-John,3
159,74f0dpqHhTeTJzs4pmZ1yq,Pool House,The Backseat Lovers,3
159,3Ol2xnObFdKV9pmRD2t9x8,Look Back at It,A Boogie Wit da Hoodie,3
159,4h9wh7iOZ0GGn8QVp4RAOB,I Ain't Worried,OneRepublic,3
159,3YkGm3sFBBjSDMoxGPM2PZ,Steven Universe,Lofi Fruits Music,3
159,7oGZAicScQt96OAW4AruYy,Want to Want Me,Jason Derulo,3
159,7aHmvUghK3XCEqNRbUeAn4,This Hell,Rina Sawayama,3
159,6rmXhRIemCTPyMYZRDN7Qg,Black Magic,Little Mix,3
159,0C13P4IghHNFPjt4zIJ8vX,Baby,Gal Costa,3
159,59ywHNwwchG4nZJMLyxSzd,Clout (feat. Cardi B),Offset,3
159,4vyQ2NdodXhtMGsaaMBqSt,M.I.A,KATSEYE,3
159,620q3OKfZXyy4dstdxSi9K,Ebony Eyes,Stevie Wonder,3
159,6jRq8gaZhMUyy5RclRPcAf,hot girl bummer,blackbear,3
159,3B4cjvGlPvyBLNG3AzEgkZ,E85,Don Toliver,3
159,11hEwcy9LMEvzAlOYAFhkK,"not a lot, just forever",Adrianne Lenker,3
159,3t5GlWUzGSt2lPuiSEPBFG,Soft Spine,Spiritbox,3
159,5Xak5fmy089t0FYmh3VJiY,Black,Pearl Jam,3
159,1h3bcnnIm72UnemGIfm0iZ,Ebony And Ivory,Paul McCartney,3
159,7MZA6HSmsPd6CIZG214MVx,Introduction,I DONT KNOW HOW BUT THEY FOUND ME,3
159,4Bjwyj8KM85xblkSt5A24j,Run To The Sun,N.E.R.D,3
159,1pPqVrG2RCHXx81Aw4xp99,Gravity Rides Everything,Modest Mouse,3
159,2q4rjDy9WhaN3o9MvDbO21,Kiss Me Thru The Phone,Soulja Boy,3
159,0g5EKLgdKvNlln7TNqBByK,Middle,DJ Snake,3
159,36gcliMRX1vCpgnrZE3dFZ,10:35,Tiësto,3
159,4uUG5RXrOk84mYEfFvj3cK,I'm Good (Blue),David Guetta,3
159,2ENBaEOC0Jgi2au9Jt7y7d,Feel Right (feat. Mystikal),Mark Ronson,3
159,0620OecAlwJQxWieRW4L9s,Bless the Telephone,Labi Siffre,3
159,0grFc6klR3hxoHLcgCYsF4,Howlin' for You,The Black Keys,3
159,2c7sRekhMGlj7u1WIIzoQu,Fighting My Demons,Ken Carson,3
159,4jPy3l0RUwlUI9T5XHBW2m,Mood (feat. iann dior),24kGoldn,3
159,4OmfWzukSVD140NiAIEjem,Static,Steve Lacy,3
159,5oI9blwsXC8AkTWw6wASY8,Máquina do Tempo,Matuê,3
159,4UQijskfH7GRycjz77buzW,Yummy - Righteous Remix,Ayesha Erotica,3
159,4VP8QiCeaZq8BeTIUrMQOG,No You Girls,Franz Ferdinand,3
159,18lR4BzEs7e3qzc0KVkTpU,What I've Done,Linkin Park,3
159,4y3g40TWe7fCWCayJZuGvw,Good In Goodbye,Madison Beer,3
159,5qHirGR7M9tdm6C17DlzSY,REEL IT IN,Aminé,3
159,33HRECrmuelZxOpid6XTNX,Alison,Slowdive,3
159,2kHNRJGSuHz8Z3bUWl7Mo6,Blue Oyster Cult (Live),Shonen Knife,3
159,16VhHtoaOjTU4AJBNSBNQ1,"Hey, Hey, What Can I Do - Remaster",Led Zeppelin,3
159,4wSmqFg31t6LsQWtzYAJob,Genesis,Justice,3
159,7faK0eOWGbfxWeuw1inyBN,you and forever,Bleachers,3
159,57zRWXTQCFRV3zwg0NR8Ck,Demons,Alec Benjamin,3
159,3hBzKgqQKkChH9hyb3MhmT,I Think I Like You Better When You’re Gone,Reneé Rapp,3
159,5VWC7v2dC2K0SIIjT9WTLN,Welcome to the Machine,Pink Floyd,3
159,4IKG0oDjlYYJKSGhPxaoSd,How to Pretend,Lucy Bedroque,3
159,2P3SLxeQHPqh8qKB6gtJY2,Poetic Justice,Kendrick Lamar,3
159,7dSCxR4LqkmxoBrq9MzVSD,Psycho Killer,Talking Heads,3
159,56sk7jBpZV0CD31G9hEU3b,Animal I Have Become,Three Days Grace,3
159,0IkKz2J93C94Ei4BvDop7P,Party Rock Anthem,LMFAO,3
159,3C41w4YPDCfGuxzQNjvk8O,Quality Control,Jurassic 5,3
159,1L5tZi0izXsi5Kk5OJf4W0,Rehab,Amy Winehouse,3
159,3Pu3IChaAoa5EjgUBv5F6x,Ballroom Blitz,Sweet,3
159,5HEeBCUDho3uQVNu98CvsS,I Will,Sky Ferreira,3
159,3xrn9i8zhNZsTtcoWgQEAd,Since U Been Gone,Kelly Clarkson,3
159,664gdARxaClFsoF5SXKOws,Here,Alessia Cara,3
159,55mJleti2WfWEFNFcBduhc,Schism,TOOL,3
159,7iMQChXFK33TS49QWhE4tt,The art of dying,Gojira,3
159,6ouhsRJ7gExB7LCYjITk4Y,Diet Pepsi,Addison Rae,3
159,55CayibAnUWXdUwy2J68yB,Hotel Breakfast,Bladee,3
159,2YodwKJnbPyNKe8XXSE9V7,Lithium,Nirvana,3
159,5mR858YsHYG761aUqZoGkD,Symphony Of Destruction - Remastered 2012,Megadeth,3
159,0i19MAZbyn8uTir7FprXId,Oh! Sweet Nuthin' - 2015 Remaster,The Velvet Underground,3
159,6Ac8Byr6GByGr3wDH7JjYh,white tee,Lil Peep,3
159,4jfzIzQiUabe8PDNo0O66j,Hive Mind (feat. Denzel Curry),Knocked Loose,3
159,1xsYj84j7hUDDnTTerGWlH,Dream On,Aerosmith,3
159,31B7wLv4yvtjDoTTmbnxeE,Jungle,Fred again..,3
159,0TlcczkVTGpinpkGJpT81L,Drag Path,Twenty One Pilots,3
159,31TVho4kOuAeRmLYGIEuWn,TGIF,GloRilla,3
160,62LJFaYihsdVrrkgUOJC05,Kiss,Prince,3
160,5NqOsPI4rA9Bl6LcCftzI2,Magic,Lil Skies,3
160,6r46lnXFbE9fr2d3KNaGbe,Imitadora,Romeo Santos,3
160,5IyL3XOaRPpTgxVjRIAxXU,Ziggy Stardust - 2012 Remaster,David Bowie,3
160,44MuEHdlociG8KjhPhOVw5,Padam Padam,Kylie Minogue,3
160,5CRPGdCSOfstyTVK9Ja5EQ,Ceremony,New Order,3
160,7KXjTSCq5nL1LoYtL7XAwS,HUMBLE.,Kendrick Lamar,3
160,1jypmXUJgxWKWJZdDsJiXQ,Why Not,Hilary Duff,3
160,2yXyz4NLTZx9CLdXfLTp5E,I Will Not Bow,Breaking Benjamin,3
160,70LcF31zb1H0PyJoS1Sx1r,Creep,Radiohead,3
160,3ohupFBIVNZp3IX7nRK8Ql,Nicki MAGA Parody,The Trumpers,3
160,2dLLR6qlu5UJ5gk0dKz0h3,Royals,Lorde,3
160,3xkHsmpQCBMytMJNiDf3Ii,Beautiful Things,Benson Boone,3
160,6KfoDhO4XUWSbnyKjNp9c4,Maniac,Conan Gray,3
160,5g7uidL6cVNS7GxcCAXa19,Days,The Drums,3
160,3RSpK5Y0y5tl25qvssrwJ6,My All,Mariah Carey,3
160,3r8RuvgbX9s7ammBn07D3W,Ditto,NewJeans,3
160,4Uiw0Sl9yskBaC6P4DcdVD,Be Quiet and Drive (Far Away),Deftones,3
160,3TjR6ccJO902cKi8Al4VCy,ROCK THE BOAT,XG,3
160,7eZXAeqqdLDrAp2MvrPzWn,stranger,Jhené Aiko,3
160,0Dc7J9VPV4eOInoxUiZrsL,Don't Tell 'Em,Jeremih,3
160,5WhVf5cZsVcDyvn6YQDoTk,White Owls,smokedope2016,3
160,52eIcoLUM25zbQupAZYoFh,redrum,21 Savage,3
160,4lH6nENd1y81jp7Yt9lTBX,Solo,Future,3
160,66yPalPs9DrhbGb9gR3vD9,Yale,Ken Carson,3
160,5YoITs1m0q8UOQ4AW7N5ga,Gasolina,Daddy Yankee,3
160,5ViLKrbyL3HD6wsq3AB9eI,White Keys,Dominic Fike,3
160,4j3X4KX8rURekAVIFUhI23,Perfect,Simple Plan,3
160,6JhUq57XpJeNMxboI4Ne3S,Gold Guns Girls,Metric,3
160,0h2gzJQBt6duqZD6kWiz4s,Moby Dick,Led Zeppelin,3
160,6d8owCU2kQ63h5bB8YYjv3,Pam Pam,Wisin & Yandel,3
160,24teIhDYO2RocTA2v5dY0r,Extssy Model,Junior H,3
160,6l8T96kpkx6RY9kFac7eMU,Blondie,Current Joys,3
160,4rHZZAmHpZrA3iH5zx8frV,Mirrors,Justin Timberlake,3
160,2UikqkwBv7aIvlixeVXHWt,You Should Probably Leave,Chris Stapleton,3
160,6FZDfxM3a3UCqtzo5pxSLZ,Without Me,Halsey,3
160,3o7TMr6RmIusYH7Kkg7ujR,Coming Undone,Korn,3
160,5SVcXBFyidkEVbBgD9Sp3v,Cocoa Butter Kisses,Chance the Rapper,3
160,33yAEqzKXexYM3WlOYtTfQ,D.A.N.C.E.,Justice,3
160,4nva9EpKntUTs6CRSGBCn9,Just A Lil Bit,50 Cent,3
160,0bMoNdAnxNR0OuQbGDovrr,ANTIFRAGILE,LE SSERAFIM,3
160,56l2F6gs6CDYP3b2jDsYGL,Intensity,SOFI TUKKER,3
160,0xiySkh9JAa1f3r6MdBUa3,Thirst Trap,Audrey Hobert,3
160,3fWibgdtgIie6LKTZ2rUoI,So Far So Fake,Pierce The Veil,3
160,0NaUT74rJ0NHS62fewzatU,I LOVE YOU HOE (w/ 9lives),Odetari,3
160,2JvzF1RMd7lE3KmFlsyZD8,MIDDLE CHILD,J. Cole,3
160,4FNFhDMEj39Tf6is8RvZ4A,I Like Ur Look,Kim Petras,3
160,6snYsavG9vq3C7RGN98dst,Gang Signs (feat. ScHoolboy Q),Freddie Gibbs,3
160,6mFkJmJqdDVQ1REhVfGgd1,Wish You Were Here,Pink Floyd,3
161,5CscrLqFBgPfZR8fGtikov,making the bed,Olivia Rodrigo,3
161,6HzZhqXNyfJxuvQ9zfCc1U,Faithfully,Journey,3
161,024GxR7aMUMCPtp8Y3c1zn,Drive Safe,Myles Smith,3
161,6Tsu3OsuMz4KEGKbOYd6A0,Hypnotize - 2007 Remaster,The Notorious B.I.G.,3
161,50PyquzZ9BaBwLZZd1AuuV,Close To You,Dayglow,3
161,5WDLRQ3VCdVrKw0njWe5E5,Careless Whisper,George Michael,3
161,3E7ZwUMJFqpsDOJzEkBrQ7,Can't Get You out of My Head,Kylie Minogue,3
161,6xL9MJ2yt39HPPZPyGkRy8,Untouchable,YoungBoy Never Broke Again,3
161,53dtP2iUMvaF28JZcHnFuU,logical,Olivia Rodrigo,3
161,5L2l7mI8J1USMzhsmdjat9,Red Lights,Tiësto,3
161,4eTIe5eqds88bA9ua6p5p6,Fine Again,Seether,3
161,3iA4foXIFpekwHyma7pRs1,Overkill,Men At Work,3
161,6BVBkKpZK09NmifUMZqj1z,Every Other Freckle,alt-J,3
161,1jEwnEPAUAPL5eLiMPt1Fd,and the whole world is the Ville,J. Cole,3
161,2HBtd9MYDd2xDVu8Zc6pwt,GUMMO,6ix9ine,3
161,6NBZu27n3cxEk4y4c2Kxi8,1-800,bbno$,3
161,5yc59J3MR3tVDPTOgwgRI5,Soul Meets Body,Death Cab for Cutie,3
161,6oRlpmsb5yM2R18MDnMEv7,Back It - Extended Mix,IVRISH,3
161,1KcFLmFGCfkkAsooF6FJBr,Hello - Remastered,Oasis,3
161,6Rb0ptOEjBjPPQUlQtQGbL,Hotel Room Service,Pitbull,3
161,4gRA0i5sxx3jAhHaVjPnUN,Use Me,Bill Withers,3
161,3bwIZ1JeL6Atyk9seFX0RY,딸기게임 (Strawberry Cheesegame),KiiiKiii,3
161,3oiMJQAWVaxSubJ7b2VUtX,Fancy,Iggy Azalea,3
161,39cmB3ZoTOLwOTq7tMNqKa,Hear Me Now,Alok,3
161,3bzay4OfqLDujCzt2SnYQe,Early Uptempo Mash,Dimitri K,3
161,1A2EHsaElnVL6Mc4apEY0v,The Alchemist,HAARPER,3
161,4FEr6dIdH6EqLKR0jB560J,Rosemary,Deftones,3
161,1Czqh6tbb9gqCQpSkXsqDT,Ginkgo,Panchiko,3
161,6tNQ70jh4OwmPGpYy6R2o9,Beautiful Things,Benson Boone,3
161,5RmC5yrwoedDmlRKTL8tQp,Tried And True,Ween,3
161,2Di0qFNb7ATroCGB3q0Ka7,West End Girls - 2018 Remaster,Pet Shop Boys,3
161,2RTLIQRc8yogHh08waQDVa,I Know It's Over,Jeff Buckley,3
161,3SpRtNO7GKWaFyWydXArvn,astrid,glaive,3
161,4w3R0GZ2rScJMKlgPJzHRq,Sonne,Rammstein,3
161,2VOt88FoSGjSOuzLaeqz5k,keep steady,sosocamo,3
161,1KGi9sZVMeszgZOWivFpxs,No Scrubs,TLC,3
161,6LoaYlv0bC1TyctuADqNFh,$uicideboy$ Were Better In 2015,$uicideboy$,3
161,6tam2kj7fqv2Qro0yBzIkw,It’s About Blood,Steve Earle,3
161,4OmlsAT8r4q9vPFBvfYgyZ,Is It Really You?,Loathe,3
161,2BNWCIN4nxYbNhcSIol2BG,Forever salty,Bassvictim,3
161,3rJDsZjIaCfJQSqRUvl0BM,Funeral,Phoebe Bridgers,3
161,3avYqdwHKEq8beXbeWCKqJ,Last Friday Night (T.G.I.F.),Katy Perry,3
161,2JKlf0IYz5oWsT3OCLyjpO,Caress Me Down,Sublime,3
161,59D4DOkspUbWyMmbAPQkxZ,VOY A LLeVARTE PA PR,Bad Bunny,3
161,1hJN8hZvzEvOvqX32jSSrw,where's my head at _,Basement Jaxx,3
161,4ZnkygoWLzcGbQYCm3lkae,Rush,Troye Sivan,3
161,0nrRP2bk19rLc0orkWPQk2,Wake Me Up,Avicii,3
161,2lPvN3LQPPYZMLwaDS5cr7,Twice,Rio Romeo,3
161,0eeX8L0DWvGth1F6xVkvv7,ADIVINO,Myke Towers,3
161,61Q9oJNd9hJQFhSDh6Qlap,House Of The Rising Sun,The Animals,3
161,2tY1gxCKslfXLFpFofYmJQ,Brass Monkey,Beastie Boys,3
161,6aayVb6veJ48dn4RqeWQN5,Heaven's on Fire,The Radio Dept.,3
161,1Pbs2eCcX9p2onaAvMYvhk,Bodys,Car Seat Headrest,3
161,0t2QiRkpag0fAgs9zuCPlH,Disparate Youth,Santigold,3
161,65DbTqJKhbwqYbZ1Okr0rc,Choosin' Texas,Ella Langley,3
161,3Ty7OTBNSigGEpeW2PqcsC,Glory Box,Portishead,3
161,5ZkAx8zjLiSs1nMmBwJoZS,"When Can I See You Again? - From ""Wreck-It Ralph""/Soundtrack Version",Owl City,3
161,0JIMT9gzLIIz0esKLyjbKf,Telephones,Vacations,3
161,1pTw2cNrp9L3esxLAvWnN2,Separate Ways (Worlds Apart) [2023 Remaster],Journey,3
161,40a82F3K2UTbeoLlXXXZBd,"Lo Que Pasó, Pasó",Daddy Yankee,3
161,5ZFVacinyPxz19eK2vTodL,Miami 2 Ibiza - Swedish House Mafia vs. Tinie Tempah,Swedish House Mafia,3
161,5g0afUZsh5hiXBOT3eXuwd,Set The Fire To The Third Bar,Snow Patrol,3
162,50nfwKoDiSYg8zOCREWAm5,Shivers,Ed Sheeran,3
162,6Y16szIjrhu91wNbHTDqhX,take me by the hand,Oklou,3
162,0YThXX1dqUpYBLyJNAsF9N,If We Being Rëal,Yeat,3
162,3DzlR0kXE6shimFVhSwI4A,Trouble on My Mind,Pusha T,3
162,2dNKGg5Nn1JNVH1GRd41bp,Just Take My Wallet,Jack Stauber's Micropop,3
162,1Bg2CNZw6S4e9cGWPmi0uI,Place,Playboi Carti,3
162,0kdqcbwei4MDWFEX5f33yG,Bling-Bang-Bang-Born,Creepy Nuts,3
162,0WvXo8baZTYARlNuE76rlr,Stars On The Roof,Larry June,3
162,0LnS7aOdOdI1dNKZqdOLz4,Dua Lipa,Jack Harlow,3
162,65X2koe1LhDgQmRkNdJFv9,AIZO,King Gnu,3
162,1ZEOIhSn6BKErV59bIgn76,California Dreamin',The Mamas & The Papas,3
162,3VqHuw0wFlIHcIPWkhIbdQ,Enter Sandman (Remastered),Metallica,3
162,5v4OkFH0TJ6W1hCFxyn0px,parents,YUNGBLUD,3
162,47Sa7pC00F7D5Z0i7HC5la,DOG HOUSE (feat. Julia Wolf & Yeat),Drake,3
162,1i1fxkWeaMmKEB4T7zqbzK,Don't Let Me Down,The Chainsmokers,3
162,2aI21FnmY7TJVKeMaoQZ0t,Say It Right,Nelly Furtado,3
162,2Gyc6e2cLxA5hoX1NOvYnU,Say It,Tory Lanez,3
162,50kpGaPAhYJ3sGmk6vplg0,Love Yourself,Justin Bieber,3
162,6J2LdBN97cDWn0MLxYh9HB,July,Noah Cyrus,3
162,6Vdyu21iT8qScU1haSjWUU,"Leave Em Alone (Layton Greene, Lil Baby feat. City Girls, PnB Rock)",Quality Control,3
162,4sNG6zQBmtq7M8aeeKJRMQ,Brazil,Declan McKenna,3
162,1OKkG3vxEuBBwLw1gCqdNW,Dsco,Sweet Trip,3
162,0OMNQyneWmmZtTQpULYJcl,It's Oh So Quiet,Björk,3
162,3Blg6ZTHUJwPxP5CgUPvD8,Egg Beater,Royel Otis,3
162,4Tw3GI2MiqXP65X0Z8rP7U,I Love It (feat. Charli XCX),Icona Pop,3
162,2hrycoFU1mZw6YPvMcn8yC,KEHLANI,Jordan Adetunji,3
162,2YNJ2wMRwl2L2cudMQ0B6N,Acknowledgement,Modjo,3
162,5WhVf5cZsVcDyvn6YQDoTk,White Owls,smokedope2016,3
162,5oo7lrBwuD4dVfJbBLyVyI,Sodium,BONES,3
162,7GX5flRQZVHRAGd6B4TmDO,XO Tour Llif3,Lil Uzi Vert,3
162,1158ckiB5S4cpsdYHDB9IF,My Own Summer (Shove It),Deftones,3
162,5ViLKrbyL3HD6wsq3AB9eI,White Keys,Dominic Fike,3
162,3fRIuTih8bzc0vtY9fHhvF,Talento De Televisión,Willie Colón,3
162,2ZqTbIID9vFPTXaGyzbb4q,Neva Play (feat. RM of BTS),Megan Thee Stallion,3
162,4e76Ss3ji7HQZ4qwcPNkNA,MIENTRAS DUERMES,Junior H,3
162,0W64NfLrIsRTAFObko6uJx,Leaked,Lil Tjay,3
162,37BTh5g05cxBIRYMbw8g2T,Rosanna,TOTO,3
162,0R3TWpoxAhT3HDXM7tpRzS,Ghostride,Crumb,3
162,5dptcPc81FCiyCPsNvl0qu,GIRL HELL 1999,femtanyl,3
162,1RouRzlg8OKFeqc6LvdxmB,Felices los 4,Maluma,3
162,2FTeQQ5Rg9tBpgpTF5mnhE,Still Think About You,A Boogie Wit da Hoodie,3
163,4Aocy7YAyOYf5YHj18Vfj3,Charmander,Aminé,3
163,3hxIUxnT27p5WcmjGUXNwx,Shut up My Moms Calling,Hotel Ugly,3
163,52DKGPMQ21DauCR19pQ0BK,That Smell,Lynyrd Skynyrd,3
163,6TfBA04WJ3X1d1wXhaCFVT,"You're Gonna Go Far, Kid",The Offspring,3
163,00Mb3DuaIH1kjrwOku9CGU,Sk8er Boi,Avril Lavigne,3
163,5OQsiBsky2k2kDKy2bX2eT,Learn to Fly,Foo Fighters,3
163,6naxalmIoLFWR0siv8dnQQ,Oops!...I Did It Again,Britney Spears,3
163,5QDGKcQLqOJvoiu8eScEaM,Let Em' Know,Bryson Tiller,3
163,1MBM7CyZbwJpVbbZJnHHRg,Summer Love,Justin Timberlake,3
163,3SBhQh5X7tO8ejCMUdjSRu,Pandora,Wisp,3
163,4qDpLaFGf5ampf2DXD2TMA,Where You Are,John Summit,3
163,6shRGWCtBUOPFLFTTqXZIC,Upside Down,Jack Johnson,3
163,15lV6FJ46eb756jcKTGp7p,Love Generation,Bob Sinclar,3
163,0M955bMOoilikPXwKLYpoi,I Hate Everything About You,Three Days Grace,3
163,3HE50TVRquwXe9yv2HFoNL,Never Too Late,Three Days Grace,3
163,6I3mqTwhRpn34SLVafSH7G,Ghost,Justin Bieber,3
163,3xiKmrnBK71IZ78foAIiRv,Starting to Fall,Duster,3
163,4vyQ2NdodXhtMGsaaMBqSt,M.I.A,KATSEYE,3
163,3G9ETaH55bMQx8hwNhAgbU,The Stable Song,Gregory Alan Isakov,3
163,59ZkByVPAIPe0YhqIO723Y,I wish for the rain,Liana Flores,3
163,40QrLHWdsxyXLAdjJG4Rxs,Chosen 1,Polo G,3
163,0kshHISCRGn9MwpkbqafG4,BIRDS,Turnstile,3
163,1auxYwYrFRqZP7t3s7w4um,Ni**as In Paris,JAŸ-Z,3
163,496hK2hCnPhgT6JuC3ubNZ,From God's Perspective,Bo Burnham,3
163,50nfwKoDiSYg8zOCREWAm5,Shivers,Ed Sheeran,3
163,4xVmPboqdKG78mkqZ0sn1m,What You Know Bout Love,Pop Smoke,3
163,2N3U8uTYhjX2KwGT0pf5x0,"Everyday (feat. Rod Stewart, Miguel & Mark Ronson)",A$AP Rocky,3
163,3coRPMnFg2dJcPu5RMloa9,Whiplash,aespa,3
163,4ykQ18swXrkrrbwsZKxQo7,Old Friends,Pinegrove,3
163,0znsc67nMhP4X9hjhvoyeP,Tick-Tack,ILLIT,3
163,01YROQCnF1AQm7SCWJmD2o,This Is Halloween,The Citizens of Halloween,3
163,3SAga35lAPYdjj3qyfEsCF,Feel It (From “Invincible”),d4vd,3
163,2vdBo4ALPYbHRUPKgtE5iC,ghostin,Ariana Grande,3
163,7iFmqWr2KDvNJt9ZCm7V21,Presumably Dead Arm (617 Sessions),Sidney Gish,3
163,3Btqti3QpzZZr6uz5mlNzz,Es un Secreto,Plan B,3
163,7ne4VBA60CxGM75vw0EYad,That’s So True,Gracie Abrams,3
163,5jkFvD4UJrmdoezzT1FRoP,Rasputin,Boney M.,3
163,736PP5LTtREkDgktNmX3Gu,Superpowers,Daniel Caesar,3
163,6c1Bdvp208X0jbLmFnWbkC,Re-Education (Through Labor),Rise Against,3
163,1FTSo4v6BOZH9QxKc3MbVM,Song 2 - 2012 Remaster,Blur,3
163,3jhyw60F61gc7nC4dblqtC,JETSKI,PEDRO SAMPAIO,3
163,3LmvfNUQtglbTrydsdIqFU,We Belong Together,Mariah Carey,3
163,63LVYnGJmWjNnmHiOVsGhe,Iron Maiden,Ghostface Killah,3
164,41p3hm5FlXD5PcQjCKwype,Jungle Juice (feat. LUCKI & Lil Crix),Lil Double 0,3
164,3pD0f7hSJg2XdQ6udw5Tey,What Goes Around.../...Comes Around (Interlude),Justin Timberlake,3
164,2xsZMSE32OCHKWe4A8sM0w,Backseat,LNGSHOT,3
164,3rTnGUeDrnZV22DvRuUuXr,Wait,M83,3
164,49DTiFx70EuJLV7hDsCo6z,WE GO UP,BABYMONSTER,3
164,5ZkAx8zjLiSs1nMmBwJoZS,"When Can I See You Again? - From ""Wreck-It Ralph""/Soundtrack Version",Owl City,3
164,0ckz6cIqlKhF5QsP1pl0UZ,Goth Babe,Surf Curse,3
164,6JgHKt0WwdwlXIht6M0mqa,I'm So Tired,Fugazi,3
164,0KzAbK6nItSqNh8q70tb0K,Where Is My Mind?,Pixies,3
164,2MjXWroB9wlTG2kqv3avfS,Get It Sexyy,Sexyy Red,3
164,600s08VdbjiyAjDGDjYSFI,Interstate Love Song,Stone Temple Pilots,3
164,3RznzRnsl8mzP63l4AF2M7,Dream Sweet in Sea Major,Miracle Musical,3
164,25CMmGsl22APKhfuj4Tp7j,It's Been Awhile,Staind,3
164,2qVB6ZEFztpNoRy6PGRTdd,Turma da Duq,Duquesa,3
164,3iZLtD344l5FYBmJTmEheF,Easy Easy,King Krule,3
164,06ZX08uRQDK02emdw9mN28,Ensalada (feat. Anderson .Paak),Freddie Gibbs,3
164,3tkxfORwPo2zydAf25YFOc,Care,Sonder,3
164,6hHc7Pks7wtBIW8Z6A0iFq,Blue Monday,New Order,3
164,3Oha4ppBoqoRQ0GkIJ5CVI,Future Tripping,Hilary Duff,3
164,4nJlfdLIucLBkXEJPsSCSp,Twice As Hard,The Black Crowes,3
164,5jE48hhRu8E6zBDPRSkEq7,All About That Bass,Meghan Trainor,3
164,4R5GN0mBvb6jkRj3Zvyhkl,Will I See You Again?,Thee Sacred Souls,3
164,2KslE17cAJNHTsI2MI0jb2,Standing Next to You,Jung Kook,3
164,3k2kIiJqUiIP49iUcOLpWT,The Place Where He Inserted the Blade,"Black Country, New Road",3
164,6ouQW2sUweAmRKeYcvSyrC,Chop,Vundabar,3
164,4R4tfhmLBLzBQNmsvxArKZ,bipolar,wifiskeleton,3
164,3dzjjQChozuS8wOOen1ypj,Big Pimpin',JAŸ-Z,3
164,5TgEJ62DOzBpGxZ7WRsrqb,Work Song,Hozier,3
164,1DunhgeZSEgWiIYbHqXl0c,Latch,Disclosure,3
164,2VOt88FoSGjSOuzLaeqz5k,keep steady,sosocamo,3
164,3oZUlZMXkj51AyYG8lGaE7,Shut Me Up,Mindless Self Indulgence,3
164,3ovjw5HZZv43SxTwApooCM,Wind Of Change,Scorpions,3
164,3RXUgPNIbUgFxsDWuBQEt6,How It’s Done,HUNTR/X,3
164,2F6FfZ4w8z3eJpSxPotVO5,Falling Away from Me,Korn,3
164,3rdAz1fbUfZxYgaCviYhRo,Todo De Ti,Rauw Alejandro,3
164,5u5MvmVtitax9R1Mxh3reC,Dile Que Tu Me Quieres,Ozuna,3
164,1a19jsjG2DvbN1fVJonKUU,Beaches,beabadoobee,3
164,0wFU2pYHZi45Ws1VD6aSJX,jellyous,ILLIT,3
164,327yGshtQlY2EER4LUAUBh,Heaven's Here on Earth,Tracy Chapman,3
164,469RmLzEsicj8VSn9aIuKV,Cool,Gwen Stefani,3
164,3TO7bbrUKrOSPGRTB5MeCz,Time,Pink Floyd,3
164,2rd9ETlulTbz6BYZcdvIE1,War Pigs / Luke's Wall - 2012 - Remaster,Black Sabbath,3
164,19n8izXThARSuQAXrOKNbO,Avalon,$uicideboy$,3
164,06tNJ27nVxbDwhiQMChWyr,GOOD LOYAL THOTS,Odetari,3
164,6EQfvlAbsyOsBeM9gprOoU,Hotel Members Unite,Hotel Ugly,3
164,6ADSaE87h8Y3lccZlBJdXH,With Or Without You,U2,3
164,0AS63m1wHv9n4VVRizK6Hc,Mercy,Shawn Mendes,3
164,5vRPXm59z8ewWO6WiJHg3m,My Own Prison,Creed,3
164,52ojopYMUzeNcudsoz7O9D,"New Person, Same Old Mistakes",Tame Impala,3
164,29P3bJSzsI5fUvwxSItkvr,Lovers From The Past,Mareux,3
164,6M14BiCN00nOsba4JaYsHW,Ocean Man,Ween,3
164,56MEbUIvvfEEkLIl51wxGD,Say It Ain't So,Weezer,3
164,3HiCAjMaPfM4vnbhLhADBp,"Big Guy - from ""The SpongeBob Movie: Search for SquarePants”",Ice Spice,3
164,3wGXyJGsCf1myH5MooQIqE,The Race,Tay-K,3
164,3NUbc7wgzugfnw3kdzdH0I,2016 (feat. Laker),smokedope2016,3
164,7FUNGlYkniRH0qhSHWU5HK,Like A Virgin (Glee Cast Version) (feat. Jonathan Groff),Glee Cast,3
164,4gRA0i5sxx3jAhHaVjPnUN,Use Me,Bill Withers,3
164,53mNFIZypKLnQlQyw3DKAo,Too Late,Shankz,3
164,5WTxbyWTpoqhdxEN2szOnl,Everybody (Backstreet's Back) - Extended Version,Backstreet Boys,3
164,35zkqY6kIGshmm8HhE3eSi,38 Baby,YoungBoy Never Broke Again,3
164,3mhsDyQpX2L8sJMdWUHOi3,This Is Halloween,The Citizens of Halloween,3
164,1RkJs3Tyq9kbtrc01uWw2v,Reunion,Korea Girl,3
164,24SUWisv2lYQiB3bVpE1sn,Virtual Insanity,Jamiroquai,3
164,1aWV3uY3SIEZVbmv45oFWS,Creep,TLC,3
164,2uHFNcejEAp2Y7ouMl0bT3,Wet,Dazey and the Scouts,3
164,2TAKt1x0k9AltDJm31GhEu,Bleed (feat. Omar Apollo),Malcolm Todd,3
164,7shVwhUdVbHpykOfbzvDc1,A Case of You,Joni Mitchell,3
164,28Ymf40EoJ6776juQZNPoY,All They Wanted,Panchiko,3
164,50M2QjfSM82wkJ1d0iV4mh,Daydreamin' (feat. Jill Scott),Lupe Fiasco,3
164,4UoPux0RniULIV6eFrNphL,Wonderful Christmastime - Full Length Version / Remastered 2011,Paul McCartney,3
164,5bQLsyTrUaMQRfr6whwGe5,Aquel Nap ZzZz,Rauw Alejandro,3
164,2HRqTpkrJO5ggZyyK6NPWz,Espresso,Sabrina Carpenter,3
165,56l2F6gs6CDYP3b2jDsYGL,Intensity,SOFI TUKKER,3
165,44AyOl4qVkzS48vBsbNXaC,Can't Help Falling in Love,Elvis Presley,3
165,6MtKObWYda2qnNIpJI21uD,Pursuit Of Happiness (Nightmare),Kid Cudi,3
165,4RvW5ggYKC7bCDX4UUSSDc,Sleep On The Floor,The Lumineers,3
165,7aHmvUghK3XCEqNRbUeAn4,This Hell,Rina Sawayama,3
165,04a44cx2PJthIbN2aLMXhl,TIT FOR TAT,Tate McRae,3
165,7vYA9ET5AUqJt5pBbhKmcB,Don't Let Me Be Misunderstood,The Animals,3
165,7iCgU4gnWWpWu26kcSwtSC,MEEEEEE (NAYEON),TWICE,3
165,6wNeKPXF0RDKyvfKfri5hf,Dollhouse,Melanie Martinez,3
165,3r8RuvgbX9s7ammBn07D3W,Ditto,NewJeans,3
165,4eTIe5eqds88bA9ua6p5p6,Fine Again,Seether,3
165,2ENexcMEMsYk0rVJigVD3i,Only Girl (In The World),Rihanna,3
165,60lAoxcyDvRbcNY82VEoEA,Beckham,Dee Billz,3
165,5HPsZwo40KA3GThqBFZFac,堕天 - Daten,Creepy Nuts,3
165,0iXtuWmY23LWSpZiQJKmnQ,En la Ciudad de la Furia,Soda Stereo,3
165,7tICCrK3CcyRFKza7yrR0z,Homewrecker,sombr,3
165,5xCiLM4z1C40vHKM9r2xJ1,TUNNEL VISION,ITZY,3
165,4y1LsJpmMti1PfRQV9AWWe,Girls Just Want to Have Fun,Cyndi Lauper,3
165,5uz5v1hRZLjNGatcPtOWUv,LV Sandals,EsDeeKid,3
165,1AqemxWsT0iGg5Lvkm16Bt,Fukk Sleep (feat. FKA twigs),A$AP Rocky,3
165,4LJhJ6DQS7NwE7UKtvcM52,What's My Age Again?,blink-182,3
165,5Z3GHaZ6ec9bsiI5BenrbY,Young Dumb & Broke,Khalid,3
165,59ywHNwwchG4nZJMLyxSzd,Clout (feat. Cardi B),Offset,3
165,5iSEsR6NKjlC9SrIJkyL3k,Pursuit Of Happiness (Nightmare),Kid Cudi,3
165,3iykQUWC6xefpB0NS8NLlp,Boston,Kenny Chesney,3
165,6mTfOxORhYlpnTvm7VrL6b,Chove Chuva,Jorge Ben Jor,3
165,2zYBRyHAy6dv1wb53JXFD7,Laputa,Panchiko,3
165,0d2iYfpKoM0QCKvcLCkBao,Eastside (with Halsey & Khalid),benny blanco,3
165,4KEqjpCCm7gONQN3pKCXY7,SET JAPA NK 2.0 BEAT CAPIXABA - DJ VINICIUS ZUKA Remix,vinicius zuka,3
165,63CSKIfM2wO1K2huueWnMz,BodyPartz,Luci4,3
165,44t9rTRjK82lBbZwuePQOE,Leave Me Alone,Reneé Rapp,3
165,2HRqTpkrJO5ggZyyK6NPWz,Espresso,Sabrina Carpenter,3
165,0SccFtYdj75y6lL2OW10Cf,Steal The Show,Lauv,3
165,1aRvUHgMe9ichgcHAAs12f,Nellie,Dr. Dog,3
165,0zWYyQbeEt30xkOxMWIqoN,Slayer,Bryce Savage,3
165,17AnW24hC6ZU6P8VQwElH9,Not the Only One,Not for Radio,3
165,3fWibgdtgIie6LKTZ2rUoI,So Far So Fake,Pierce The Veil,3
165,3E7ZwUMJFqpsDOJzEkBrQ7,Can't Get You out of My Head,Kylie Minogue,3
165,18oWEPapjNt32E6sCM6VLb,Heads Will Roll,Yeah Yeah Yeahs,3
165,1PDP7mLiAMwhfmgIwzhOm2,Yebba’s Heartbreak,Drake,3
165,1O9D7P7Z1wMJXW19zTXrXi,Go Away,Weezer,3
165,2AjTT2CBthpsIQtyxzhSr4,Professional Vengeance,Jane Remover,3
165,18d1pubaNYUpaKIeSoxPFA,The Sick,Bella Kay,3
165,02H1K5Cw9Ar89b35XwSEw6,My Heart Is Buried in Venice,Ricky Montgomery,3
165,0g5EKLgdKvNlln7TNqBByK,Middle,DJ Snake,3
165,17phhZDn6oGtzMe56NuWvj,Lose Control,Teddy Swims,3
165,4IA6pgGRmqfxWGAfyZ8cgR,Verbatim,Mother Mother,3
165,4VcPtoOpK3oBMDZJ9Ptp9f,No Auto Durk (feat. Lil Durk),Only The Family,3
165,4aSTfX0VdoItrofvDh6cHw,HOW FAR WE CAME,Meek Mill,3
165,3qrEG6rQ9Qm72MNWeUKKiU,Wham Bam Shang-A-Lang,Silver,3
165,78His8pbKjbDQF7aX5asgv,Rivers of Babylon,Boney M.,3
165,1LepWHpwtahzEQL0vNjpEt,Just The Way You Are,Milky,3
165,6jYiHr12NVKLzn0X7K8aSK,FOCUS,Hearts2Hearts,3
165,3ZgkHyoKfNMcHTXC0X1qQj,Cloud 9,Beach Bunny,3
165,7CAbF0By0Fpnbiu6Xn5ZF7,Kingslayer (feat. BABYMETAL),Bring Me The Horizon,3
165,4ZOkfHC38nxSeSqzGE5HFr,PIÉNSALO,Junior H,3
165,2q4F6OpQgx9umNB9uGFPYo,RATCHET SATURN GIRL,Aminé,3
165,7LLBONqWyX3MoBvIVPu5fj,Tacata (Remix),Tiagz,3
165,1eTaznNW4Xxtx9za2SMTXB,DENIAL IS A RIVER,Doechii,3
165,6DEN0NHItNNdepd9IhlC3H,Nobody,Wonder Girls,3
165,1UHNE0jTu89d2uN1ckDGPd,1539 N. Calvert,JPEGMAFIA,3
165,1JLn8RhQzHz3qDqsChcmBl,I Want to Know What Love Is - 1999 Remaster,Foreigner,3
165,2n1MTLCis6qPSDKdr5XSDI,Oh Qué Será?,Willie Colón,3
165,1mWdTewIgB3gtBM3TOSFhB,Butter,BTS,3
165,6oCXDaFZYL7sHnowv6pdXb,Spring Into Summer,Lizzy McAlpine,3
165,5op53ANI4exiWqFHKuwWxd,The World At Large,Modest Mouse,3
165,2QjOHCTQ1Jl3zawyYOpxh6,Sweater Weather,The Neighbourhood,3
165,4EchqUKQ3qAQuRNKmeIpnf,The Kids Aren't Alright,The Offspring,3
165,47gmoUrZV3w20JAnQOZMcO,Blue Suede Shoes,Elvis Presley,3
165,1B8MHa0NveCF1ViBEOZWO5,Addicted,Simple Plan,3
166,18AXbzPzBS8Y3AkgSxzJPb,In The Air Tonight - 2015 Remastered,Phil Collins,3
166,3UQmoVQJqBYauTZLVPs3uo,Luxurious,Gwen Stefani,3
166,6TfBA04WJ3X1d1wXhaCFVT,"You're Gonna Go Far, Kid",The Offspring,3
166,5smzdAtuOJOp3jEKjTno3p,I Only Miss You (feat. Ed Sheeran),Megan Moroney,3
166,2qVB6ZEFztpNoRy6PGRTdd,Turma da Duq,Duquesa,3
166,0U1nO2frLx8w2dIsfvlP1d,Hell At Night (feat. Ella Langley),BigXthaPlug,3
166,3pKd2WdIgHxw9ztbAjWUJ6,Private Eye,Alkaline Trio,3
166,1To9VIoTjg4Yc7R7akU28w,Under the Sun,Korea Girl,3
166,2g5egJm0qwJPKgpblzIHlI,A Little More Love,Olivia Newton-John,3
166,0tgVpDi06FyKpA1z0VMD4v,Perfect,Ed Sheeran,3
166,3VqSRkq3jRpsSEBngUcY6a,Cupid,FIFTY FIFTY,3
166,1ZozJfi8u9cO2Ob8KwiwNT,Higher,Creed,3
166,1ipSpQfzBbhPFhYm6tfVIz,Mr. Glock,Key Glock,3
166,5WhVf5cZsVcDyvn6YQDoTk,White Owls,smokedope2016,3
166,5X8kkUaUlAyAUr9TYqDFTH,All For You,Janet Jackson,3
166,1XrSjpNe49IiygZfzb74pk,What Once Was,Her's,3
166,4FNFhDMEj39Tf6is8RvZ4A,I Like Ur Look,Kim Petras,3
166,6435Ra0NWQzPyZAcd1ojWI,Tension,Kylie Minogue,3
166,1u2hPlWD5rlCzDa0X6zHaf,Cheerleader,OMI,3
166,4kxuHjDd6i7TtLzzy7Jhds,Come Over,Estelle,3
166,3CxpaC5Aw4jgRFlgeQH6BA,Fine,Lemon Demon,3
166,5mu1uv8RmzDkF8foePK5qa,Kream (feat. Tyga),Iggy Azalea,3
166,5ihS6UUlyQAfmp48eSkxuQ,Landslide,Fleetwood Mac,3
166,6qspW4YKycviDFjHBOaqUY,Waterfalls,TLC,3
166,24bzJwjGBWtGCs7xKIKQsB,Wildflower,Beach House,3
166,3hlksXnvbKogFdPbpO9vel,Super Bass,Nicki Minaj,3
166,7Em7b6pXUEaG5lqA9IonVv,Só Cachaça Pinga e Pau,MC Keron,3
166,1zoXDi9AY4TF5JoUuCCTL6,NEVER ENOUGH,Turnstile,3
166,3GfOAdcoc3X5GPiiXmpBjK,Song 2,Blur,3
166,1f5cbQtDrykjarZVrShaDI,Drowning (feat. Kodak Black),A Boogie Wit da Hoodie,3
166,5UW4tA4j23YL6kDfRw3rWT,mangetout,Wet Leg,3
166,5jgFfDIR6FR0gvlA56Nakr,Blackbird - Remastered 2009,The Beatles,3
166,2cGxRwrMyEAp8dEbuZaVv6,Instant Crush (feat. Julian Casablancas),Daft Punk,3
166,2sPva3d85R7yKf60y7QZpD,La La La,LMFAO,3
166,57uX2vR9j9DNiANDYfXw1i,Never Say Never,The Fray,3
166,2HO0uCyq8jOveEzvmo4JEu,Fly,Marshmello,3
166,0rILJVRD7waDGOFzoyruI2,No Angels,Bastille,3
166,7wPk0pUXiGgH74IV9S61TS,It's Playtime (From Poppy Playtime)- Extended Instrumental Version,Piano Vampire,3
166,6aAxiigwl29fXD0QyEhLBC,One Punch Man (feat. Ski Mask The Slump God & Denzel Curry),Higher Brothers,3
166,5dptcPc81FCiyCPsNvl0qu,GIRL HELL 1999,femtanyl,3
166,6gBFPUFcJLzWGx4lenP6h2,goosebumps,Travis Scott,3
166,7uzmGiiJyRfuViKKK3lVmR,Mine,Bazzi,3
166,6pPLhloHxLWiMlAT5Xn1gw,Talk 2 Me,Montell Fish,3
166,1vYXt7VSjH9JIM5oRRo7vA,Dance The Night - From Barbie The Album,Dua Lipa,3
166,6IZvVAP7VPPnsGX6bvgkqg,PRIDE.,Kendrick Lamar,3
166,27ze5t5tIDPlVits0KRbxT,El Perdedor,Aventura,3
166,225xvV8r1yKMHErSWivnow,"I Don't Want to Miss a Thing - From ""Armageddon"" Soundtrack",Aerosmith,3
166,3clRihex2OF0QQbLctftag,Taxidermy,Clarion,3
166,3qhlB30KknSejmIvZZLjOD,End of Beginning,Djo,3
166,5NJvgtVjLTTogjFcrOIZYN,Flesh For Fantasy,Billy Idol,3
166,1hGy2eLcmC8eKx7qr1tOqx,Beautiful Girls,Sean Kingston,3
166,1pTwsLvnN8xPULDGzRjnfd,Clementine,Elliott Smith,3
166,0MRylncmeKOjDF14R8r6eK,Eau D' Bedroom Dancing,Le Tigre,3
166,6KFQdIB3njXBQNcg1xUh9U,One Thing,Lola Young,3
166,28UbGXKOcm70brxGctiek4,Loving You On My Mind,Chris Stapleton,3
166,5AqiaZwhmC6dIbgWrD5SzV,"Peso Pluma: Bzrp Music Sessions, Vol. 55/66",Bizarrap,3
166,4wSmqFg31t6LsQWtzYAJob,Genesis,Justice,3
166,37adYGaYaAWTGhBaOzX4Fh,Take A Slice,Glass Animals,3
166,0Dk9lP1YnOqssHH0oCeq9u,I <3 My Choppa,Tay-K,3
166,52ojopYMUzeNcudsoz7O9D,"New Person, Same Old Mistakes",Tame Impala,3
166,6PypGyiu0Y2lCDBN1XZEnP,Everybody Hurts,R.E.M.,3
166,6yA2GnuThv4oDuEimu4Rmg,MAYBE.,SIENNA SPIRO,3
166,0Fs9cdPDhptWEDJmiCbkEW,She Knows (feat. Amber Coffman & Cults),J. Cole,3
166,0wP8svOtJ9RpkmDdNGowKY,I Was Made for You,She & Him,3
166,3NM41PVVUr0ceootKAtkAj,As the World Caves In,Matt Maltese,3
166,5rgrBsAFYMun6yhtnLKRPz,Right My Wrongs,Bryson Tiller,3
166,1jJci4qxiYcOHhQR247rEU,Kids,MGMT,3
166,4MagTPnkPiDuIa4P8GtW1b,I Like Me Better,Lauv,3
167,57iDDD9N9tTWe75x6qhStw,Bitter Sweet Symphony - Remastered 2016,The Verve,3
167,7fcfNW0XxTWlwVlftzfDOR,Walk,Pantera,3
167,0wz1LjDb9ZNEYwOmDJ3Q4b,Surfin' U.S.A. - Remastered 2001,The Beach Boys,3
167,5hlPrSCx9BvnQ3rCTkblMZ,High,Stephen Sanchez,3
167,3XKIUb7HzIF1Vu9usunMzc,Maria Maria (feat. The Product G&B),Santana,3
167,0Nux6Q8aJZ1i4vUpPDBvlX,What Is Life - 2014 Remaster,George Harrison,3
167,2zf1izCOz2F22PF27uhxRF,Love Takes Miles,Cameron Winter,3
167,3LlAyCYU26dvFZBDUIMb7a,Demons,Imagine Dragons,3
167,7pKfPomDEeI4TPT6EOYjn9,Imagine - Remastered 2010,John Lennon,3
167,3BUc2A0MJ53FHwiy3eohBt,Nobody New,The Marías,3
167,3yklxY8pm64CJ3BJSSjvEL,Dizzy,KiiiKiii,3
167,1DwscornXpj8fmOmYVlqZt,Stateside + Zara Larsson,PinkPantheress,3
167,2hX8rtWyNxYyaBT64H3LYU,Burn It (feat. MAX),Agust D,3
167,5Pg8MZDBD6sNsnV3miq2jo,Rack,callmestevieray,3
167,22hh7XuHzMYw7u6uqS4xcE,The Internet is Where We Met,Kempachii,3
167,7wAJfa8XOZmtCWrsxzE88T,Romantic Lover,Eyedress,3
167,4S1SaaCxQ87nXpA2EfYFj4,Amo Minha Favela,DJ Japa NK,3
167,5NO5HPCDG8Y0ErpAISWQOJ,PUSH UR T3MPRR,femtanyl,3
167,2FZsOypXRoYIrGI6s8C3Zm,$0,Cameron Winter,3
167,2dono2Koz7DEvGwxUsmMLq,Linger - SiriusXM Session,Royel Otis,3
167,6QhXQOpyYvbpdbyjgAqKdY,Cecilia,Simon & Garfunkel,3
167,6cbZb9mVAc5s8HtwklLoI0,Cheguei,LUDMILLA,3
167,5IgjP7X4th6nMNDh4akUHb,Under The Influence,Chris Brown,3
167,0ERnYArznxdTBEIj1VSta8,man i is,Logic,3
167,3PBFvQMIbEe2nT569OyI9w,"Kapitel 8.2 - Der Tote vom Maschsee (Hannover-Krimis, Band 1)",Susanne Mischke,3
167,3Um9toULmYFGCpvaIPFw7l,What's Going On,Marvin Gaye,3
167,1aJnGme5ZRltYTp8FJ52eZ,Together Again,Janet Jackson,3
167,5W8YXBz9MTIDyrpYaCg2Ky,Last Resort,Papa Roach,3
167,4Kw3CztmD15X1QGDnnHmLD,Auto Pilot,Migos,3
167,0bmVH05tjN9jVh3kB1TfpR,In This Darkness,Clara La San,3
167,1MoA0TNVdveasxnR6c2JqZ,Jackie Down The Line,Fontaines D.C.,3
167,2zYBRyHAy6dv1wb53JXFD7,Laputa,Panchiko,3
167,4kSYZCV2qlTpCPu0NnMoSR,Bistro,Madvillain,3
167,60ynsPSSKe6O3sfwRnIBRf,Streets,Doja Cat,3
167,2TVxnKdb3tqe1nhQWwwZCO,Tiny Dancer,Elton John,3
167,7htt7UuxHL5wneOcMWJP5E,Take On Me - MTV Unplugged,a-ha,3
167,6fL8iaSdwmSTQiUv9K6L4h,Faneto,Chief Keef,3
167,4wd09wCccmxUB7XVJp0RNn,"Jesus, Etc.",Wilco,3
167,3LrpT732y9nK2EZqjjEiox,Cookie Jar (feat. The-Dream) - STRESSed out Remix [STRESSed Out Remix],Gym Class Heroes,3
167,286mFeYjBJ9fkioaIzaxoN,PDA,Interpol,3
167,68Y3zzmt2XxzheQVGbbJt4,GENOCIDE,Lil Darkie,3
167,3qQbCzHBycnDpGskqOWY0E,Ella Baila Sola,Eslabon Armado,3
167,4wCmqSrbyCgxEXROQE6vtV,Somebody That I Used To Know,Gotye,3
167,4pmc2AxSEq6g7hPVlJCPyP,"Jumpin', Jumpin'",Destiny's Child,3
167,2yXyz4NLTZx9CLdXfLTp5E,I Will Not Bow,Breaking Benjamin,3
167,0PDUDa38GO8lMxLCRc4lL1,PILLOWTALK,ZAYN,3
167,1Cj2vqUwlJVG27gJrun92y,The Sound of Silence,Disturbed,3
168,6VLjdregMReJhKp2r32IWo,Natural,Shelly,3
168,52vA3CYKZqZVdQnzRrdZt6,The Times They Are A-Changin',Bob Dylan,3
168,3RkSwrsIadAvqVtMp5yhaB,XO (Only If You Say Yes),ENHYPEN,3
168,7pT6WSg4PCt4mr5ZFyUfsF,If We Have Each Other,Alec Benjamin,3
168,0obBFrPYkSoBJbvHfUIhkv,Sexy And I Know It,LMFAO,3
168,2uXlHCUbq9OMUwx3hrk06o,Riptide,Vance Joy,3
168,0YMe6PHRbeDcN7KJdCG0bW,The Dress,Dijon,3
168,56NEihhw1BsIgBBzfvcE76,Bags,Clairo,3
168,3TjR6ccJO902cKi8Al4VCy,ROCK THE BOAT,XG,3
168,7CoiOXsrfI58wUZBt45HgL,Perfect Soul,Spiritbox,3
168,7sapKrjDij2fpDVj0GxP66,She Will Be Loved,Maroon 5,3
168,34oWbFBfGEElvgO0a5c9V4,No Flockin',Kodak Black,3
168,4bPQs0PHn4xbipzdPfn6du,I Write Sins Not Tragedies,Panic! At The Disco,3
168,7wTqEW5nrMhvyEhEyTnOMd,The Cut That Always Bleeds,Conan Gray,3
168,4zDhFZz6XsyUGFNduYb2nR,A Trophy Fathers Trophy Son,Sleeping With Sirens,3
168,2VlLbhGLVJgdOW7kKdWWFc,Six Feet Under,Billie Eilish,3
168,5OjCsHeByDYEGxMrb1z8KQ,Flying Whales,Gojira,3
168,1XYHqSfJK9ud9nuRjQcbXi,Tear You Apart,She Wants Revenge,3
168,7nnWIPM5hwE3DaUBkvOIpy,Drive,Incubus,3
168,6DyywdbmTzlmXBzG9ym7Rt,Sober,TOOL,3
168,6l8T96kpkx6RY9kFac7eMU,Blondie,Current Joys,3
168,2zee8Zcesqwnnwliw2Jy8M,I Belong To You,Lenny Kravitz,3
168,7lR743VxfubUw5m9dpnR9x,Numb,Portishead,3
168,3HiCAjMaPfM4vnbhLhADBp,"Big Guy - from ""The SpongeBob Movie: Search for SquarePants”",Ice Spice,3
168,1MkqBhP5byDttRYtZsDC6p,Bad Mouth,Fugazi,3
168,2a9CuEjc7XIux8YLOEVKpv,12 Feet Deep,The Front Bottoms,3
168,4LtLbmRErvtrNrYR6gbhh7,All Time Low,Bo Burnham,3
168,7JJmb5XwzOO8jgpou264Ml,There's Nothing Holdin' Me Back,Shawn Mendes,3
168,6NK9sI0Lnsiwn6I0MbWWxn,Take On Me - 2017 Acoustic,a-ha,3
168,2VtXANhW6YpAzsMDQCFkAv,Your face,Wisp,3
168,5y2ijHECwFYWqcAHKTZgzD,Risk It All,Bruno Mars,3
168,0V8FYVlBFuXXTIvRnMbZyS,The Climb,Miley Cyrus,3
168,3htJKHlAjUoRmNLheJ8uTV,Tantrum,Ashnikko,3
168,1Oi2zpmL81Q0yScF1zxaC0,"Bills, Bills, Bills",Destiny's Child,3
168,46mhTlKzAR38JpJiMvja3H,Don't You Want Me,Neon Trees,3
168,2HRgqmZQC0MC7GeNuDIXHN,Seven (feat. Latto) (Explicit Ver.),Jung Kook,3
168,4p9iQNEmsIGkB6eG8Val8n,Mary,Alex G,3
168,4PZQtsDTNlq5hFWmdBb5xh,Steady,Bella Kay,3
168,698ItKASDavgwZ3WjaWjtz,Faded,Alan Walker,3
168,5R8dQOPq8haW94K7mgERlO,Poker Face,Lady Gaga,3
168,3jfFw63n74qkinjHibNPMS,I miss the old u,blackbear,3
168,7iQmjnDXYngWGsbjVnDc1U,Amsterdam,Gregory Alan Isakov,3
168,5GyEbpUAN4ErmlPOxKgODR,BILLY,6ix9ine,3
168,7J1uxwnxfQLu4APicE5Rnj,Billie Jean,Michael Jackson,3
168,19n8izXThARSuQAXrOKNbO,Avalon,$uicideboy$,3
168,3LlmKSHR3Rs0Y3KHQLAYDk,Alone,Alan Walker,3
168,1KIJclzEbNhSVw8tiHPWwE,Young,Vacations,3
168,1pr9TZGOXeJUggIal1Wq3R,Blind,Korn,3
168,5BsigwhOMHxCkF6ntEhUQ5,how u feel?,Destroy Lonely,3
168,5MvxeZPiiLAuB5gI8k3ynk,Can't Love You Anymore (With OHHYUK),IU,3
168,2ZFfGgz5RonguqJlm6ajoR,Dancing In The Dark,Lucy Dacus,3
168,4q2lRiodoQnyFO65watkse,True,Spandau Ballet,3
168,3KJOUaUnv6jud8TqFnBcgc,Romeo & Juliet,Trippie Redd,3
168,6F5c58TMEs1byxUstkzVeM,Roar,Katy Perry,3
168,0nA1DRCRmEvSGBtLYu2bXu,Head Over Heels,Japanese Breakfast,3
168,3VqSRkq3jRpsSEBngUcY6a,Cupid,FIFTY FIFTY,3
168,0GO8y8jQk1PkHzS31d699N,Tongue Tied,GROUPLOVE,3
168,1IwA4UYENdDLtR0IlfYFnE,RATHER BE (feat. Lithe),The Kid LAROI,3
168,4qtdab2DABnEokwupCl8lG,Dirty Work,aespa,3
168,7iqAuZe5yS0suLQcFfVK39,Chaise Longue,Wet Leg,3
168,2Nv8IAydjjmWjbvkuoG3eN,Çike Çike,Bebe Rexha,3
168,3BZGi1yUqQyCNC868AqUGG,Big in Japan,Alphaville,3
168,5n3aljhdfkuJ7D8fDnstJT,Big Money,Lil Skies,3
168,6gBjUipB0ZxHd1BvwdJTDQ,People Watching,Sam Fender,3
168,4iuOodsAvCO3OJHZEbqrJp,Favorite,Isabel LaRosa,3
169,63ABAnFKJCp28TAyqf2cGL,ROCKMAN,Mk.gee,3
169,6f4itfvWzS59Qu7JWorhxn,Movies,Weyes Blood,3
169,0J7NIJ4cWEbglTRdTjKUHY,It’s About Blood,Steve Earle,3
169,2R4AlwtrrkMaRKojcTIzmL,For the First Time,Mac DeMarco,3
169,2vWBUC9djv6BtiGlmKiQaH,YKWIM?,Yot Club,3
169,3m0y8qLoznUYi73SUBP8GI,Ghostbusters,Ray Parker Jr.,3
169,7nDXmx3FuyeX7FI7PFl2iX,The Wisp Sings,Winter Aid,3
169,67vrmPygrZ9giGqHUSReAT,Accordion,Madvillain,3
169,60a0Rd6pjrkxjPbaKzXjfq,In the End,Linkin Park,3
169,7AeM1BGYM7emrqmQn1PuWv,I'm The Problem,Morgan Wallen,3
169,4fiOTntQKr24p07FvQDHZE,Raining Blood,Slayer,3
169,1Ahp4PZ1vzdbzBCedUrsqI,The One,Jorja Smith,3
169,6xkryXuiZU360Lngd4sx13,Fantasy,Mariah Carey,3
169,4YmsnZcxHEGEqHB3K0vdt0,DON'T KILL THE PARTY (feat. Quavo & Juicy J),Ty Dolla $ign,3
169,3OeSl8lZH1ufOO87gJdcfi,American Obituary,U2,3
169,5g7rJvWYVrloJZwKiShqlS,Dirty Paws,Of Monsters and Men,3
169,1MgEZRmIQ3DEmQYT9Gv7MM,Why Do You Let Me Stay Here?,She & Him,3
169,5TXQCMKN6TgemTL3c4wRTn,Sorrows,Bryson Tiller,3
169,4KV9bM7a1KDc7b7OakFZic,Jingle Bells,Frank Sinatra,3
169,2hns6Dv29Yrg68AVTJiAyA,Who Knew - Edit,P!nk,3
169,4pt5fDVTg5GhEvEtlz9dKk,I WANNA BE YOUR SLAVE,Måneskin,3
169,7nCONy10IHp7XD3oYZ0lcx,I've Seen Footage,Death Grips,3
169,3aAnwyBJY9OLNLqSgd4fZU,Deja Vu,TOMORROW X TOGETHER,3
169,0Gt4nGWoATcQFL38a1NRao,West Savannah (feat. SZA),Isaiah Rashad,3
169,6KEWtSOGKpIXGw6l1uJgsR,The Things We Do For Love,10cc,3
169,1cOyWWUr3oXJIxY0AjJEx9,YOUTH,Troye Sivan,3
169,2xsTsnA5QOFCnFXdEHGkli,STAY HERE 4 LIFE (feat. Brent Faiyaz),A$AP Rocky,3
169,0YUrjFy4qFKOO5NhM9tYdV,Locked Up,Akon,3
169,3IAfUEeaXRX9s9UdKOJrFI,Envolver,Anitta,3
169,6WatFBLVB0x077xWeoVc2k,Si Antes Te Hubiera Conocido,KAROL G,3
169,0pQskrTITgmCMyr85tb9qq,Starman - 2012 Remaster,David Bowie,3
169,0wHFktze2PHC5jDt3B17DC,First Class,Jack Harlow,3
169,0GXwlEXCO8qeeeOIYpsR3m,Rain,Sleep Token,3
169,2qW141LbW1h8GxOLud0TUx,Pon De Floor,Major Lazer,3
169,4yeILpRczJAXG6kAsE7pGk,Deceptacon,Le Tigre,3
169,5hkdfA87RZvNaxl6XiveOA,Everybody's Changing,Keane,3
169,5lFu1VR7s2EvuKAi6qxU0G,CRANK,Slayyyter,3
169,0HoaLXRp7jJtdQFunUyUGc,The Sun Always Shines on T.V.,a-ha,3
169,19ItuvrZfTudwC6S5lkDH3,The Machine,Reed Wonder,3
169,3WD91HQDBIavSapet3ZpjG,Video Games,Lana Del Rey,3
169,35tWhD29yvWwB0IDRr6zsL,Yeah Right,Vince Staples,3
169,2d8JP84HNLKhmd6IYOoupQ,Trap Queen,Fetty Wap,3
169,5kh0looY2WhYNZmmTqtTaP,ON GOD,Shatta Wale,3
169,5Tbpp3OLLClPJF8t1DmrFD,"Nuthin' But A ""G"" Thang",Dr. Dre,3
169,0qMZXgcLfkl5RI3q50KHMH,Dumbest Girl Alive,100 gecs,3
169,1hJN8hZvzEvOvqX32jSSrw,where's my head at _,Basement Jaxx,3
169,0PJIbOdMs3bd5AT8liULMQ,oui,Jeremih,3
169,0mYa3o6tlUN5HRippmKmwH,GO,BLACKPINK,3
169,0IRZwSCWFdT5D8hNCXHzZX,More Than My Hometown,Morgan Wallen,3
169,6RKGBcDtgzXx21zUjpeu6F,Cold Cold Man,Saint Motel,3
169,56nLHj9HJr3xpbLarnr0l4,Mtc,S3RL,3
169,3siwsiaEoU4Kuuc9WKMUy5,No One Noticed,The Marías,3
169,42VsgItocQwOQC3XWZ8JNA,FE!N (feat. Playboi Carti),Travis Scott,3
169,7CZyCXKG6d5ALeq41sLzbw,Take What You Want (feat. Ozzy Osbourne & Travis Scott),Post Malone,3
169,6IAuH3hgTRpUUdmOGubXGS,Can I Call You Rose?,Thee Sacred Souls,3
169,3B3eOgLJSqPEA0RfboIQVM,Skinny Love,Bon Iver,3
169,6GJdFTOm23lC5bqjYSMJTj,Prom Queen,Beach Bunny,3
169,1auxYwYrFRqZP7t3s7w4um,Ni**as In Paris,JAŸ-Z,3
169,2lNdc3jjPV4aWEfKH0gvH2,Him & I,G-Eazy,3
169,51xJctklmFnwKjsDvFD7nP,Hey,Luci4,3
169,53iuhJlwXhSER5J2IYYv1W,The Fate of Ophelia,Taylor Swift,3
169,33Wh5qaiRVWuVIDnGGNlHh,No Comma,Slayyyter,3
169,2CnjDMdpRjlWv04Xk3s6MW,Robin,Taylor Swift,3
169,7j7ud2oFTJ8BjmeI8bjkQm,Texas,BigXthaPlug,3
169,0qvzXomUDJVaUboy2wMfiS,This Town,Niall Horan,3
169,5z6eExs1VVrcaYQfXxO0Ty,El Profeta,Grupo Laberinto,3
169,4356Typ82hUiFAynbLYbPn,DJ Got Us Fallin' In Love (feat. Pitbull),USHER,3
169,4aVuWgvD0X63hcOCnZtNFA,Hold the Line,TOTO,3
169,34HgIvucTKJvDgzHVMaGLG,I Think I Left the Stove On,Hotel Ugly,3
169,710B9xFjNOisQtKtppZE9p,Black No. 1 (Little Miss Scare -All),Type O Negative,3
169,2ipIPsgrgd0j2beDf4Ki70,Mystical Magical,Benson Boone,3
169,6GCcY6dVDVGxo52OZq9HVW,Sideways,Balu Brigada,3
169,7eZXAeqqdLDrAp2MvrPzWn,stranger,Jhené Aiko,3
169,2P5yIMu2DNeMXTyOANKS6k,Nobody,Mitski,3
169,7cyBdix7HId2onf99SrJBV,Church (feat. Teddy Verseti),T-Pain,3
169,6jNM6fKx3WnyHbWBI9hs2r,Cinema (feat. Gary Go) - Skrillex Remix,Benny Benassi,3
169,25CMmGsl22APKhfuj4Tp7j,It's Been Awhile,Staind,3
169,7c0ss9FGSyXGNczL4gV75a,Airplane Mode,Limbo,3
170,2jQ1P0aGT4WkNyJCeoQnb9,PUNK TACTICS,Joey Valence & Brae,3
170,5Y77SQxEr1eiofPeUTPHxM,You,Lloyd,3
170,5CKHhg31HcYYhwUeeGqvhq,I Wish I Knew How It Would Feel to Be Free,Nina Simone,3
170,32SrQzg34vQiYjyzjg3wum,Killin' It Girl (Solo Version),j-hope,3
170,4prEPl61C8qZpeo3IkYSMl,Sleepyhead,Passion Pit,3
170,0xta6Gah3inmeHbj0e3F9a,Headshots (4r da Locals),Isaiah Rashad,3
170,0L0T4tMAaGqLgIVj1MOj9t,Father Figure - Remastered,George Michael,3
170,2wfOfZg3vvU3MzmImL7za8,Ain't No Way - Live at KOKO,SIENNA SPIRO,3
170,21jjthXBYk9iwZ6w0zdkSb,LET 'EM KNOW,T.I.,3
170,1f5cbQtDrykjarZVrShaDI,Drowning (feat. Kodak Black),A Boogie Wit da Hoodie,3
170,4LadsagnXZM7SEOpHjHIHA,Looking For The Hoes (Ain’t My Fault),Sexyy Red,3
170,7ihVeKd4RjiZ3y12nDhPZO,Sunshine Baby,The Japanese House,3
170,5Hg1m5uhSPL75ejQgPOmyc,Heaven Knows,54 Ultra,3
170,7dltD9eEX7X1zk8JJ9BS0e,Superstar (feat. Matthew Santos),Lupe Fiasco,3
170,762B4bOcXF7I2Y8UlKTyTy,Chiquitita,ABBA,3
170,5jE48hhRu8E6zBDPRSkEq7,All About That Bass,Meghan Trainor,3
170,2BDOJPAGE1W3roL0EsK2g0,Princess Bubblegum,ilyTOMMY,3
170,5KONnBIQ9LqCxyeSPin26k,Trumpets,Jason Derulo,3
170,3dnP0JxCgygwQH9Gm7q7nb,Ella Baila Sola,Eslabon Armado,3
170,45sDIKapDyxPl307QpEAwl,Rocketeer,Far East Movement,3
170,7FrJV8tydWEv1Mxu2mIQrm,Beautiful,Snoop Dogg,3
170,1WN4uNclrDuczTO3bCr8s1,Be My Baby,The Ronettes,3
170,27L8sESb3KR79asDUBu8nW,Stacy's Mom,Fountains Of Wayne,3
170,7sapKrjDij2fpDVj0GxP66,She Will Be Loved,Maroon 5,3
170,7bywjHOc0wSjGGbj04XbVi,LUNA,Feid,3
170,7AIRXaWc2HPUvIqJ19IbtU,Stabilisers For Big Boys,Panchiko,3
170,3RyLrayd9un9ClTah57JI0,Babies & Fools (feat. Conway the Machine),Freddie Gibbs,3
170,5GpfyJrKHJI36jDKtQiyGN,Golden Brown,The Stranglers,3
170,22skzmqfdWrjJylampe0kt,Can't Hold Us (feat. Ray Dalton),Macklemore,3
170,0LJTfmgOMvlLd0u4HU9twm,Killshot,Magdalena Bay,3
170,18d1pubaNYUpaKIeSoxPFA,The Sick,Bella Kay,3
170,3ZP1AbM0rurWtqQIhTVcln,Nasty Dog,Sir Mix-A-Lot,3
170,2NAT52rmZWuQWv3F3SolId,Chu~♡,f(x),3
170,1HOhw9h6IpSVpFPS6OzUu4,Oh Ana,Mother Mother,3
170,4FjT3dqUW2Uq0R3pMz5V7C,Help Me Lose My Mind,Disclosure,3
170,4j4ioik29OV3k35gwUWO3k,The One With The Wurlitzer,American Football,3
170,4keclC0eBhQm8lFtYmX01K,4ÆM,Grimes,3
170,3bD1rBz24Pnu6tjXf4wJxH,FUN!,fromis_9,3
170,79b4FaEBPxwG2lVzYpvKoy,The Father's House (Studio),Cory Asbury,3
170,11ZulcYY4lowvcQm4oe3VJ,Slumber Party (feat. Princess Nokia),Ashnikko,3
170,6Ijmj8Z0L31hCp5pLZnT5U,Numb,Men I Trust,3
170,6hmhG1b4LEyNuashVvuIAo,Never Forget You,Zara Larsson,3
170,3vEmpJQC2p8h0U3OiBufQm,Army of Me,Björk,3
